ImageID,url,license,status,w,h,bird
8c2b6a7e0e6ea902,https://farm3.staticflickr.com/8307/7998502688_e1b379864c_o.jpg,https://creativecommons.org/licenses/by/2.0/,accepted,3072,2304,0
1fc64a014f899fad,https://c6.staticflickr.com/2/1168/527338761_af0e30ee19_o.jpg,https://creativecommons.org/licenses/by/2.0/,accepted,3504,2336,0
70921eefb1bf4f1a,https://c3.staticflickr.com/6/5533/10093135906_e196e309ff_o.jpg,https://creativecommons.org/licenses/by/2.0/,accepted,1200,1600,0
7fd8145c82ce43c3,https://farm4.staticflickr.com/3181/2687377408_fea3988885_o.jpg,https://creativecommons.org/licenses/by/2.0/,accepted,2750,1000,0
ec953f5cefc2fea4,https://farm5.staticflickr.com/6/5425544_333f85e88c_o.jpg,https://creativecommons.org/licenses/by/2.0/,accepted,2048,1536,0
81b9f7c1e44ca16a,https://c3.staticflickr.com/9/8058/8204859712_fd74cdbfac_o.jpg,https://creativecommons.org/licenses/by/2.0/,small,1024,542,0
208f299f827441fb,https://c4.staticflickr.com/6/5479/10465607596_ba787608a4_o.jpg,https://creativecommons.org/licenses/by/2.0/,accepted,1552,2592,0
c7e2d2f61fdd69fd,https://c6.staticflickr.com/9/8018/7587480296_4a1c4607c5_o.jpg,https://creativecommons.org/licenses/by/2.0/,accepted,1944,2592,0
805d2f6bfb4f5cba,https://c3.staticflickr.com/4/3250/3119029309_99677016f8_o.jpg,https://creativecommons.org/licenses/by/2.0/,accepted,2380,3176,0
ded2aed2cb185679,https://c2.staticflickr.com/8/7172/6486082563_6fded094e2_o.jpg,https://creativecommons.org/licenses/by/2.0/,small,1000,656,0
fad127f9fa3316ba,https://c3.staticflickr.com/1/12/69718263_4189a56726_o.jpg,https://creativecommons.org/licenses/by/2.0/,accepted,768,1024,0
1d5f3d366ce8193c,https://c5.staticflickr.com/8/7180/6967890163_f7c4daf1a1_o.jpg,https://creativecommons.org/licenses/by/2.0/,accepted,3456,2592,0
fa20b1d3613f6403,https://farm4.staticflickr.com/5644/22095831695_0e65f69655_o.jpg,https://creativecommons.org/licenses/by/2.0/,accepted,5814,3439,0
579c6faafbaa925c,https://c5.staticflickr.com/5/4011/4379438025_831ab3f2cc_o.jpg,https://creativecommons.org/licenses/by/2.0/,accepted,2816,2112,0
5879df830691ccc2,https://farm3.staticflickr.com/8342/8195218971_784571b9f7_o.jpg,https://creativecommons.org/licenses/by/2.0/,accepted,4928,3264,0
b36792dd29140f06,https://farm7.staticflickr.com/2906/14250964748_953d809b9c_o.jpg,https://creativecommons.org/licenses/by/2.0/,small,316,477,1
3566f7af209f2c8f,https://c8.staticflickr.com/6/5023/5650756169_c6473dbe96_o.jpg,https://creativecommons.org/licenses/by/2.0/,small,800,519,0
f90ead55fbc3327d,https://c6.staticflickr.com/5/4016/4606482388_881468ffc1_o.jpg,https://creativecommons.org/licenses/by/2.0/,accepted,1212,1720,0
cc413a5d89c5d8e6,https://farm7.staticflickr.com/1086/1268965315_f65ae69248_o.jpg,https://creativecommons.org/licenses/by/2.0/,accepted,1536,2048,0
1e262476034c7766,https://farm7.staticflickr.com/7406/9145395283_1d3058a005_o.jpg,https://creativecommons.org/licenses/by/2.0/,accepted,5184,3456,0
0d1a073b2c455b1d,https://c6.staticflickr.com/4/3482/3817292932_4d5582e006_o.jpg,https://creativecommons.org/licenses/by/2.0/,accepted,768,1024,0
0958b13d06fce47e,https://c7.staticflickr.com/4/3076/3169484185_9daccb5c72_o.jpg,https://creativecommons.org/licenses/by/2.0/,accepted,3264,2448,0
7d836745544db140,https://farm1.staticflickr.com/2477/3686229162_f86f84aef6_o.jpg,https://creativecommons.org/licenses/by/2.0/,small,1024,606,0
9c39c599bf88abd9,https://c2.staticflickr.com/4/3050/2901140000_3da0f8b469_o.jpg,https://creativecommons.org/licenses/by/2.0/,accepted,1536,2048,0
efcf1c17328e32ec,https://c5.staticflickr.com/1/26/49940989_f70da3f943_o.jpg,https://creativecommons.org/licenses/by/2.0/,small,800,600,0
4f75c3917514e21e,https://c7.staticflickr.com/3/2633/3846373577_1051ed2151_o.jpg,https://creativecommons.org/licenses/by/2.0/,accepted,1024,768,0
472a1a286fa6e9d0,https://farm1.staticflickr.com/2777/4142231772_8accbcb874_o.jpg,https://creativecommons.org/licenses/by/2.0/,accepted,2644,3966,0
1b7fae3b7e77482a,https://c3.staticflickr.com/4/3039/3018306107_51f8da54b3_o.jpg,https://creativecommons.org/licenses/by/2.0/,small,540,540,0
b72004ab9b617013,https://farm4.staticflickr.com/3628/3512154963_59e9f6c079_o.jpg,https://creativecommons.org/licenses/by/2.0/,accepted,2448,3264,0
ec56339b8da581b4,https://farm5.staticflickr.com/7063/6897231687_6243bfa749_o.jpg,https://creativecommons.org/licenses/by/2.0/,accepted,2400,2400,0
b7db52af5d784cb3,https://farm4.staticflickr.com/40/93935380_fa764e9caa_o.jpg,https://creativecommons.org/licenses/by/2.0/,accepted,3072,2048,0
3a41eb035c8a893b,https://c4.staticflickr.com/6/5064/5786468447_c974b47792_o.jpg,https://creativecommons.org/licenses/by/2.0/,accepted,6048,4032,0
d17462047f8a6dd0,https://farm1.staticflickr.com/3817/20100005276_775b633228_o.jpg,https://creativecommons.org/licenses/by/2.0/,accepted,4000,3000,0
37da985a8722e8b3,https://farm4.staticflickr.com/7038/6857650607_10c3c955ed_o.jpg,https://creativecommons.org/licenses/by/2.0/,accepted,1600,1200,0
eada86bb7ee98792,https://farm3.staticflickr.com/3830/9796955086_004b44e2fd_o.jpg,https://creativecommons.org/licenses/by/2.0/,accepted,4468,2984,0
13b6289aef7a24b7,https://farm8.staticflickr.com/133/402761147_c2143d9a00_o.jpg,https://creativecommons.org/licenses/by/2.0/,accepted,1280,960,0
aa4dc2550e3517ea,https://c3.staticflickr.com/4/3373/3620784442_b9f629fb9e_o.jpg,https://creativecommons.org/licenses/by/2.0/,accepted,2592,1944,0
b55ff3bd0805c9de,https://c7.staticflickr.com/4/3864/14302980240_9d9d939e6d_o.jpg,https://creativecommons.org/licenses/by/2.0/,accepted,4608,3456,0
f3e3fef94e3af0f8,https://c1.staticflickr.com/2/1044/1177214631_6c899adad1_o.jpg,https://creativecommons.org/licenses/by/2.0/,small,1024,665,0
904ec7162c3b4281,https://farm2.staticflickr.com/5472/14443120689_0885b688bd_o.jpg,https://creativecommons.org/licenses/by/2.0/,small,300,300,0
4bf3c53fa37915db,https://c4.staticflickr.com/8/7527/15355433553_a3d2b7b450_o.jpg,https://creativecommons.org/licenses/by/2.0/,accepted,2201,2022,0
4ac0687764ff6b0e,https://c7.staticflickr.com/4/3164/2873484780_d9dc2f547f_o.jpg,https://creativecommons.org/licenses/by/2.0/,accepted,4288,2848,0
e23c0361ed8134d4,https://farm5.staticflickr.com/2241/5794095026_11f3cc1ddd_o.jpg,https://creativecommons.org/licenses/by/2.0/,accepted,2848,4288,0
8272c6a561d307a9,https://c2.staticflickr.com/1/188/434017882_0e3ecc3a7b_o.jpg,https://creativecommons.org/licenses/by/2.0/,small,1024,681,0
e84bb645083601b0,https://farm1.staticflickr.com/61/186021581_1e5929cf8f_o.jpg,https://creativecommons.org/licenses/by/2.0/,accepted,2592,1944,0
f20dbcd07c475ed4,https://farm5.staticflickr.com/3832/9617156897_a92e9294b1_o.jpg,https://creativecommons.org/licenses/by/2.0/,accepted,3180,3120,0
503d57029de0f6ce,https://c7.staticflickr.com/8/7204/6942628121_214b271962_o.jpg,https://creativecommons.org/licenses/by/2.0/,accepted,1600,1200,0
a7b908a54f5bb41c,https://c5.staticflickr.com/3/2111/2206893108_5a8f2f9b43_o.jpg,https://creativecommons.org/licenses/by/2.0/,small,1024,683,0
cfe32b91b602df95,https://farm6.staticflickr.com/4089/4971309080_370ab0baf3_o.jpg,https://creativecommons.org/licenses/by/2.0/,small,685,533,0
686f1e0d4a0b47cb,https://c4.staticflickr.com/5/4103/4978718898_e71d55168d_o.jpg,https://creativecommons.org/licenses/by/2.0/,accepted,1440,900,0
61ad65e21ea94463,https://farm4.staticflickr.com/7162/6391843291_c182e39b6f_o.jpg,https://creativecommons.org/licenses/by/2.0/,accepted,1500,1500,0
50c532b8fc3c8d01,https://farm2.staticflickr.com/5027/5551600787_d1a6f9a432_o.jpg,https://creativecommons.org/licenses/by/2.0/,accepted,3168,4752,0
791d63b1c3499e4f,https://c8.staticflickr.com/1/65/194837681_4ea2352da7_o.jpg,https://creativecommons.org/licenses/by/2.0/,small,400,304,0
6ae69b25fa8d3526,https://farm7.staticflickr.com/8782/16989514439_6d4974992f_o.jpg,https://creativecommons.org/licenses/by/2.0/,accepted,2272,1704,0
f42f158d14589318,https://c1.staticflickr.com/8/7364/10329440286_a4bd282f5e_o.jpg,https://creativecommons.org/licenses/by/2.0/,accepted,2816,2120,0
38dce42277f4ee23,https://farm4.staticflickr.com/8017/7103071221_16c293f1b7_o.jpg,https://creativecommons.org/licenses/by/2.0/,accepted,1626,1080,0
dd1a8cbb528f4505,https://farm6.staticflickr.com/3725/13640183354_a6b6f9c973_o.jpg,https://creativecommons.org/licenses/by/2.0/,accepted,3264,2448,0
838e2e43f4f7f8d8,https://c1.staticflickr.com/1/395/19495539072_55bd75ffee_o.jpg,https://creativecommons.org/licenses/by/2.0/,accepted,5074,2598,0
8c4da4698c3c35d5,https://farm6.staticflickr.com/4103/4833924938_405eabff97_o.jpg,https://creativecommons.org/licenses/by/2.0/,accepted,4256,2832,0
b392fa27d198ba0d,https://c6.staticflickr.com/4/3134/2688321871_994e5a78ab_o.jpg,https://creativecommons.org/licenses/by/2.0/,small,869,666,0
021db964cc5ab932,https://farm3.staticflickr.com/3743/9197426507_26bcbd96c2_o.jpg,https://creativecommons.org/licenses/by/2.0/,small,574,480,0
28890a2a249c691f,https://c8.staticflickr.com/5/4059/4667069268_729f0de8e8_o.jpg,https://creativecommons.org/licenses/by/2.0/,accepted,3648,2736,0
360edff3fbb3fbff,https://c8.staticflickr.com/8/7297/8747690356_eaec538299_o.jpg,https://creativecommons.org/licenses/by/2.0/,small,612,612,0
9fccfaa4d3b7554d,https://c6.staticflickr.com/9/8128/15488192768_a9356bc679_o.jpg,https://creativecommons.org/licenses/by/2.0/,accepted,4384,3288,0
3235b02ee41cfb65,https://farm6.staticflickr.com/7195/6853815705_054d9548e9_o.jpg,https://creativecommons.org/licenses/by/2.0/,accepted,1600,1200,0
50a8e0f047581eee,https://c7.staticflickr.com/1/5/7195675_b3e4dbcc86_o.jpg,https://creativecommons.org/licenses/by/2.0/,accepted,2048,1536,0
b778fcefb81de181,https://farm2.staticflickr.com/2507/4100203938_89d43f09ca_o.jpg,https://creativecommons.org/licenses/by/2.0/,small,1000,664,0
c8f0cc0e5b776816,https://farm7.staticflickr.com/4115/4889202710_3087a2bd6b_o.jpg,https://creativecommons.org/licenses/by/2.0/,accepted,1280,854,0
e23811211571bf14,https://farm5.staticflickr.com/7783/18232483800_d685628b6f_o.jpg,https://creativecommons.org/licenses/by/2.0/,accepted,4447,3749,0
26cb20487cbc008d,https://c6.staticflickr.com/9/8150/7661376966_8d6fb70a7b_o.jpg,https://creativecommons.org/licenses/by/2.0/,accepted,3264,2448,0
d2ed1063b63dfd3b,https://c4.staticflickr.com/1/178/449008472_33e90803e6_o.jpg,https://creativecommons.org/licenses/by/2.0/,small,500,416,0
1fe8d1c4f4853599,https://c2.staticflickr.com/1/165/405261485_70882ecdb9_o.jpg,https://creativecommons.org/licenses/by/2.0/,small,800,600,0
07ee6e642e07e689,https://c2.staticflickr.com/6/5125/5199077083_ccc5acd7e5_o.jpg,https://creativecommons.org/licenses/by/2.0/,small,480,640,0
d251c693b79873ca,https://c3.staticflickr.com/8/7760/17676497394_af25fd5ff5_o.jpg,https://creativecommons.org/licenses/by/2.0/,accepted,1456,971,0
1c27e643d5bd43bb,https://c4.staticflickr.com/6/5681/20779575429_70c4d6df24_o.jpg,https://creativecommons.org/licenses/by/2.0/,accepted,3264,2448,0
914dd6fb5eb17e85,https://farm6.staticflickr.com/3324/4621899397_1e39b5ef4f_o.jpg,https://creativecommons.org/licenses/by/2.0/,accepted,1240,1755,0
53e5eeeff0fd0bc0,https://farm1.staticflickr.com/1121/949144852_0609513c5e_o.jpg,https://creativecommons.org/licenses/by/2.0/,accepted,2816,2112,0
f59ad16a3e79dde2,https://farm3.staticflickr.com/3857/14588678955_f3ab7f1689_o.jpg,https://creativecommons.org/licenses/by/2.0/,small,640,640,0
150259a77919642e,https://c7.staticflickr.com/7/6095/6872935558_2ee1002138_o.jpg,https://creativecommons.org/licenses/by/2.0/,small,612,612,0
60dd38c90b4a85a7,https://farm8.staticflickr.com/3563/3440517604_30b555bb2f_o.jpg,https://creativecommons.org/licenses/by/2.0/,small,352,288,0
7b2949144b34118d,https://c6.staticflickr.com/7/6045/6294848841_109e1dcf7b_o.jpg,https://creativecommons.org/licenses/by/2.0/,accepted,1300,863,0
2d3bf81d68393650,https://farm1.staticflickr.com/3694/19840390272_d4f56d9e33_o.jpg,https://creativecommons.org/licenses/by/2.0/,accepted,2448,3264,0
9b507a180abd1c0a,https://c3.staticflickr.com/8/7224/6892188624_b9e2621cb0_o.jpg,https://creativecommons.org/licenses/by/2.0/,accepted,1600,1200,0
dd09f41bc887f3fa,https://c3.staticflickr.com/1/564/20490532196_94f8b343bb_o.jpg,https://creativecommons.org/licenses/by/2.0/,accepted,3648,2736,0
31c40da724ed3376,https://farm7.staticflickr.com/8611/16528559519_ffa6b1d0e5_o.jpg,https://creativecommons.org/licenses/by/2.0/,accepted,3348,2232,0
e5c5e4e7999cc2ba,https://c3.staticflickr.com/4/3025/2713588413_bc40279e91_o.jpg,https://creativecommons.org/licenses/by/2.0/,accepted,3072,2304,0
94c39c4ef5c0249f,https://c8.staticflickr.com/5/4077/5451534765_b2cc940d0e_o.jpg,https://creativecommons.org/licenses/by/2.0/,accepted,2000,2000,0
2970bc6a7c676411,https://farm2.staticflickr.com/7453/12570691363_33123b2b6d_o.jpg,https://creativecommons.org/licenses/by/2.0/,accepted,3158,2258,0
a70d043db72fa64f,https://c8.staticflickr.com/1/1/677801_e4c907942c_o.jpg,https://creativecommons.org/licenses/by/2.0/,accepted,2272,1704,0
36f08c7bb481ba25,https://farm6.staticflickr.com/2439/3988963481_c9013a219a_o.jpg,https://creativecommons.org/licenses/by/2.0/,accepted,768,1024,0
907c394cfb147647,https://farm8.staticflickr.com/3861/14869036753_4e42b0c9bd_o.jpg,https://creativecommons.org/licenses/by/2.0/,accepted,1600,1067,0
d46a832a549cecab,https://c4.staticflickr.com/6/5472/9164061462_124a4d3d7c_o.jpg,https://creativecommons.org/licenses/by/2.0/,accepted,4608,2592,0
fafa86508e73b472,https://farm3.staticflickr.com/512/17864510914_0fc944809a_o.jpg,https://creativecommons.org/licenses/by/2.0/,accepted,3279,2140,0
ce10b909451393b7,https://farm8.staticflickr.com/5540/14335008168_a05af4833f_o.jpg,https://creativecommons.org/licenses/by/2.0/,small,640,480,0
a6cd0e29296069a8,https://c1.staticflickr.com/9/8208/8199059662_349c89b038_o.jpg,https://creativecommons.org/licenses/by/2.0/,accepted,4928,3264,0
ed4aa3607e940a25,https://farm6.staticflickr.com/3256/3162924588_49be4183dd_o.jpg,https://creativecommons.org/licenses/by/2.0/,small,640,480,0
f2c6af55e93f77a6,https://farm7.staticflickr.com/3049/2932038883_6c939971e3_o.jpg,https://creativecommons.org/licenses/by/2.0/,accepted,2816,2112,0
2942c7bf0da31cbb,https://c4.staticflickr.com/8/7155/6510821783_16b987fc30_o.jpg,https://creativecommons.org/licenses/by/2.0/,small,450,600,0
cffcc62d5c1e5163,https://farm4.staticflickr.com/3421/3306246357_1707c39122_o.jpg,https://creativecommons.org/licenses/by/2.0/,small,450,675,0
34b67dd221506af4,https://farm5.staticflickr.com/2923/13781167944_fd3872b1cb_o.jpg,https://creativecommons.org/licenses/by/2.0/,small,800,479,0
fed27050f55c11ef,https://c8.staticflickr.com/8/7256/7690877392_633258c5cd_o.jpg,https://creativecommons.org/licenses/by/2.0/,small,612,612,0
2fe48e05a4c0a96d,https://c6.staticflickr.com/9/8436/7959635438_615e53a237_o.jpg,https://creativecommons.org/licenses/by/2.0/,accepted,1756,1090,0
7257dc7e0c39a024,https://farm5.staticflickr.com/6020/5880120681_f0579b5ac9_o.jpg,https://creativecommons.org/licenses/by/2.0/,small,800,534,0
38a18dda6a0e761f,https://c8.staticflickr.com/2/1084/1239294940_55326d4975_o.jpg,https://creativecommons.org/licenses/by/2.0/,accepted,3888,2592,0
90bbd4f8c98f74e3,https://farm4.staticflickr.com/7447/10910728663_4a973bcca6_o.jpg,https://creativecommons.org/licenses/by/2.0/,accepted,2000,3000,0
819010698b243bd6,https://farm7.staticflickr.com/3057/2642119870_a4625ed3d3_o.jpg,https://creativecommons.org/licenses/by/2.0/,accepted,2592,3888,0
defd8f4b30b3e1e1,https://farm2.staticflickr.com/2552/3865577525_9074085999_o.jpg,https://creativecommons.org/licenses/by/2.0/,accepted,1280,960,0
1c92fdf4ef1959ef,https://c8.staticflickr.com/3/2140/1923603412_1e5f2d5e43_o.jpg,https://creativecommons.org/licenses/by/2.0/,accepted,1600,1200,0
641a1085804fb145,https://farm6.staticflickr.com/3102/3157667190_f2a47b87f5_o.jpg,https://creativecommons.org/licenses/by/2.0/,accepted,1608,1608,0
b79642161dd4affe,https://c7.staticflickr.com/4/3598/3630669188_1f37e5bcf0_o.jpg,https://creativecommons.org/licenses/by/2.0/,accepted,3264,2448,0
005bd647ca0ac947,https://farm8.staticflickr.com/3612/3610460398_dfb9dc6fb1_o.jpg,https://creativecommons.org/licenses/by/2.0/,accepted,3008,2000,0
23deeb38b5097d22,https://farm3.staticflickr.com/3112/2769034215_ec18e324f3_o.jpg,https://creativecommons.org/licenses/by/2.0/,accepted,2816,2112,0
d3f67af82117c85c,https://c5.staticflickr.com/9/8523/8499851446_248870ee8f_o.jpg,https://creativecommons.org/licenses/by/2.0/,accepted,3000,2001,0
0e3ed3d9a681cd0f,https://c8.staticflickr.com/9/8425/7867205020_6aff2cc6e2_o.jpg,https://creativecommons.org/licenses/by/2.0/,accepted,4320,3240,0
d4b64bf87ca0d34a,https://c3.staticflickr.com/4/3582/3850866480_2c21443388_o.jpg,https://creativecommons.org/licenses/by/2.0/,accepted,2048,1536,0
c48653c360df7077,https://farm8.staticflickr.com/3726/12245844813_d07637375b_o.jpg,https://creativecommons.org/licenses/by/2.0/,accepted,5184,3456,0
ab3e9ac4e8093c08,https://c1.staticflickr.com/6/5306/5650352887_4086b6a739_o.jpg,https://creativecommons.org/licenses/by/2.0/,small,800,536,0
b8d4e2217b07e553,https://farm4.staticflickr.com/4052/4368516504_bbbd0d10a2_o.jpg,https://creativecommons.org/licenses/by/2.0/,accepted,3000,2400,0
d4a2692e2a3e7bc8,https://c1.staticflickr.com/4/3067/2491986893_547490bf94_o.jpg,https://creativecommons.org/licenses/by/2.0/,accepted,2105,1542,0
e680092f32248024,https://farm5.staticflickr.com/4120/4937999312_b71ee16481_o.jpg,https://creativecommons.org/licenses/by/2.0/,accepted,2592,1944,0
f988a699b3541070,https://farm1.staticflickr.com/3673/11645366415_e4d95dc03d_o.jpg,https://creativecommons.org/licenses/by/2.0/,small,800,487,0
5b1d138d06e98ea8,https://c1.staticflickr.com/1/266/19561089710_ab6efa0040_o.jpg,https://creativecommons.org/licenses/by/2.0/,accepted,4512,3000,1
7dbaabe926fe45a5,https://farm6.staticflickr.com/7298/16521729451_2f1b4891d3_o.jpg,https://creativecommons.org/licenses/by/2.0/,small,640,640,0
7d18603c87fd316c,https://c5.staticflickr.com/1/185/441897265_a516088422_o.jpg,https://creativecommons.org/licenses/by/2.0/,accepted,1280,937,0
ba8e846647143726,https://farm7.staticflickr.com/7210/6949004463_16e15b2854_o.jpg,https://creativecommons.org/licenses/by/2.0/,accepted,2048,1536,0
3b9e3590b18a59db,https://c4.staticflickr.com/4/3827/9336436075_05349de256_o.jpg,https://creativecommons.org/licenses/by/2.0/,accepted,4200,3000,0
b53acf7b7e740f23,https://farm4.staticflickr.com/2913/14623552448_1537443c42_o.jpg,https://creativecommons.org/licenses/by/2.0/,accepted,3072,1728,0
18f71db2bd75ac5b,https://c4.staticflickr.com/3/2839/10415309935_b0dbe76c15_o.jpg,https://creativecommons.org/licenses/by/2.0/,accepted,4000,3000,0
1420e78038f82919,https://c2.staticflickr.com/2/1215/5146260378_399e1db8dd_o.jpg,https://creativecommons.org/licenses/by/2.0/,accepted,3648,2736,0
fac9925f567b9d29,https://c2.staticflickr.com/8/7537/16147355882_4eeb2bede2_o.jpg,https://creativecommons.org/licenses/by/2.0/,accepted,3174,2409,0
628f098fe63cfc2d,https://c6.staticflickr.com/1/34/104661075_2fa85ab258_o.jpg,https://creativecommons.org/licenses/by/2.0/,accepted,1804,1328,0
7a3942d6c34d4885,https://farm6.staticflickr.com/5316/5908460728_d8bb79dcca_o.jpg,https://creativecommons.org/licenses/by/2.0/,accepted,2592,1936,0
604e5ac986858a9b,https://c4.staticflickr.com/1/202/447181037_0355e3189c_o.jpg,https://creativecommons.org/licenses/by/2.0/,accepted,2560,1920,0
4b61f8479a4631f6,https://farm7.staticflickr.com/7205/6857134225_2ef35afb82_o.jpg,https://creativecommons.org/licenses/by/2.0/,accepted,5184,3456,0
0d39d3a30a430a74,https://farm5.staticflickr.com/5117/13930724118_fc1ddf7119_o.jpg,https://creativecommons.org/licenses/by/2.0/,accepted,1800,925,0
53082ecce31b23bc,https://c5.staticflickr.com/1/96/211786127_2d3cc9a3c0_o.jpg,https://creativecommons.org/licenses/by/2.0/,small,360,270,0
d61c9511b55db11b,https://c4.staticflickr.com/8/7162/6783638191_be7132cb08_o.jpg,https://creativecommons.org/licenses/by/2.0/,accepted,3456,5184,0
761c0bbbed33fc47,https://farm8.staticflickr.com/7004/6735770051_8c6c2740c4_o.jpg,https://creativecommons.org/licenses/by/2.0/,small,662,1000,0
a3173ec3ace3604c,https://c5.staticflickr.com/7/6192/6080468202_c1e8879b60_o.jpg,https://creativecommons.org/licenses/by/2.0/,small,800,600,0
ddb0e30b74002e0e,https://c7.staticflickr.com/2/1190/1372292858_a648e885a5_o.jpg,https://creativecommons.org/licenses/by/2.0/,small,480,360,0
49fe94c183f65ff0,https://farm1.staticflickr.com/8676/16486252860_f8db864b18_o.jpg,https://creativecommons.org/licenses/by/2.0/,accepted,5952,3968,0
504bf9f285b856d6,https://farm7.staticflickr.com/3401/3545915368_9698141bb0_o.jpg,https://creativecommons.org/licenses/by/2.0/,small,1024,683,0
640bede79b581f12,https://farm3.staticflickr.com/126/336871990_30b0a0387b_o.jpg,https://creativecommons.org/licenses/by/2.0/,accepted,1280,960,0
d10f3cdbf37ff710,https://farm1.staticflickr.com/7551/15534312784_80383f6926_o.jpg,https://creativecommons.org/licenses/by/2.0/,accepted,4000,2656,0
6e0add6a4deeb0b3,https://farm4.staticflickr.com/94/206881256_0194d69275_o.jpg,https://creativecommons.org/licenses/by/2.0/,accepted,1628,1221,0
81457bbb40f6fa86,https://farm7.staticflickr.com/8590/15590660753_d611822c51_o.jpg,https://creativecommons.org/licenses/by/2.0/,small,640,640,0
5600ccf0c7e30577,https://farm8.staticflickr.com/7139/7603749700_f27f59c11e_o.jpg,https://creativecommons.org/licenses/by/2.0/,accepted,4752,3168,0
b812a19a30152c80,https://farm1.staticflickr.com/65/203470819_a2242229f2_o.jpg,https://creativecommons.org/licenses/by/2.0/,accepted,3072,2048,0
74ee6d1b58ae2e70,https://farm1.staticflickr.com/8370/8443824025_5fe9c95e75_o.jpg,https://creativecommons.org/licenses/by/2.0/,accepted,3008,2000,0
88e02e707b859f97,https://farm8.staticflickr.com/3935/15439986495_774cdb5c2f_o.jpg,https://creativecommons.org/licenses/by/2.0/,accepted,3264,2448,0
0fa11f7260ffa67e,https://c7.staticflickr.com/3/2470/3839103921_4e69b509a8_o.jpg,https://creativecommons.org/licenses/by/2.0/,accepted,1067,1600,0
064dd37a874f7ea7,https://farm8.staticflickr.com/2455/5739175563_e69a519a3f_o.jpg,https://creativecommons.org/licenses/by/2.0/,small,720,540,0
975f764ac322546d,https://c6.staticflickr.com/4/3013/2570846609_8ea8136af4_o.jpg,https://creativecommons.org/licenses/by/2.0/,accepted,1778,2667,0
ef67ec5701686689,https://c2.staticflickr.com/6/5821/20071016993_bfc569e2df_o.jpg,https://creativecommons.org/licenses/by/2.0/,accepted,3840,5760,0
1d5c13500dc4ed77,https://farm8.staticflickr.com/7418/16328761827_d48ed59ba9_o.jpg,https://creativecommons.org/licenses/by/2.0/,small,640,640,0
5b109ce979789e04,https://farm5.staticflickr.com/4029/4316674401_6226b52df4_o.jpg,https://creativecommons.org/licenses/by/2.0/,accepted,768,1024,0
f91d699c2bf47915,https://farm6.staticflickr.com/8174/8023751747_da3fabd5f7_o.jpg,https://creativecommons.org/licenses/by/2.0/,small,612,612,0
3f758fd3d94c729e,https://c7.staticflickr.com/3/2067/2126104292_f91b645afc_o.jpg,https://creativecommons.org/licenses/by/2.0/,accepted,1024,1024,0
9862eaae40f4fdb1,https://farm2.staticflickr.com/3704/11177130296_c6a17433cb_o.jpg,https://creativecommons.org/licenses/by/2.0/,small,1000,667,0
29876b10d52f8688,https://c1.staticflickr.com/6/5173/5579518920_5e27544e2f_o.jpg,https://creativecommons.org/licenses/by/2.0/,accepted,1182,1600,0
dda3043fa860d635,https://farm6.staticflickr.com/3001/2725529804_5efd7e6157_o.jpg,https://creativecommons.org/licenses/by/2.0/,accepted,2856,2142,0
8ddcb3f5ab13ea7a,https://c3.staticflickr.com/3/2676/4060374221_d2bbc08d6e_o.jpg,https://creativecommons.org/licenses/by/2.0/,accepted,2106,2709,0
b744f82546be209a,https://c3.staticflickr.com/8/7423/8864575450_5a673b871a_o.jpg,https://creativecommons.org/licenses/by/2.0/,small,640,360,0
103156b19827a5fc,https://c5.staticflickr.com/1/211/503467305_44fd83b410_o.jpg,https://creativecommons.org/licenses/by/2.0/,accepted,2048,1536,0
9586c1b815b072d6,https://farm7.staticflickr.com/2562/3961497275_969c95c48a_o.jpg,https://creativecommons.org/licenses/by/2.0/,accepted,4288,2848,0
2b9aa08dc84d0a44,https://farm5.staticflickr.com/6026/5946443594_ced7eafa82_o.jpg,https://creativecommons.org/licenses/by/2.0/,accepted,3840,2160,0
4aafa0afe0e581d6,https://farm7.staticflickr.com/3459/3373035926_5bd9723c27_o.jpg,https://creativecommons.org/licenses/by/2.0/,accepted,3264,2448,0
3ccfda3bcae7e816,https://farm7.staticflickr.com/3006/2452439479_7882176417_o.jpg,https://creativecommons.org/licenses/by/2.0/,small,500,358,0
7d687818430809d4,https://farm5.staticflickr.com/5603/15614464648_6a663dd950_o.jpg,https://creativecommons.org/licenses/by/2.0/,small,723,1024,0
c1ea62ed11e7acd8,https://c1.staticflickr.com/8/7387/8978966334_2ee6a93c5d_o.jpg,https://creativecommons.org/licenses/by/2.0/,accepted,4288,2848,0
7986a227e8b444fd,https://c6.staticflickr.com/6/5053/5517463875_883ea3b5eb_o.jpg,https://creativecommons.org/licenses/by/2.0/,accepted,3054,2036,0
39ff14019dc16161,https://farm2.staticflickr.com/2450/3580436103_1618a3dcb8_o.jpg,https://creativecommons.org/licenses/by/2.0/,accepted,1998,3024,0
86d26fe72a28de02,https://farm3.staticflickr.com/8517/8458102603_a69a9d510a_o.jpg,https://creativecommons.org/licenses/by/2.0/,accepted,2306,1536,0
87641b9eefaa84ad,https://c6.staticflickr.com/5/4067/4676489437_d7211763c6_o.jpg,https://creativecommons.org/licenses/by/2.0/,dead-confirmed,,,0
94c53be316c9a02e,https://c7.staticflickr.com/8/7072/6909399056_8cc0a3cc17_o.jpg,https://creativecommons.org/licenses/by/2.0/,dead-confirmed,,,0
dba1066addba888d,https://c6.staticflickr.com/6/5209/5258703355_4edd1662da_o.jpg,https://creativecommons.org/licenses/by/2.0/,dead-confirmed,,,0
71d27237813b4e32,https://farm3.staticflickr.com/3200/2467050475_f70bb0021a_o.jpg,https://creativecommons.org/licenses/by/2.0/,dead-confirmed,,,0
bd74a4dcf1a871e9,https://c2.staticflickr.com/9/8762/16506360483_022c8d5999_o.jpg,https://creativecommons.org/licenses/by/2.0/,dead-confirmed,,,0
1332ee849de2e42c,https://c5.staticflickr.com/9/8584/16193458483_06e1d33874_o.jpg,https://creativecommons.org/licenses/by/2.0/,dead-confirmed,,,0
0451aa5cf163feab,https://c4.staticflickr.com/3/2615/3801772068_c064584770_o.jpg,https://creativecommons.org/licenses/by/2.0/,dead-confirmed,,,0
c3bfc384d7819d7e,https://c7.staticflickr.com/1/21/31533152_96b12dfe37_o.jpg,https://creativecommons.org/licenses/by/2.0/,dead-confirmed,,,0
6280218c3acff468,https://c1.staticflickr.com/1/79/240813175_977d3328f6_o.jpg,https://creativecommons.org/licenses/by/2.0/,dead-confirmed,,,0
a1792883a6ba5d4c,https://c5.staticflickr.com/6/5570/14965070521_c9d89ac240_o.jpg,https://creativecommons.org/licenses/by/2.0/,dead-confirmed,,,0
93dc23d16e8da37e,https://c7.staticflickr.com/8/7553/15713804629_5041821657_o.jpg,https://creativecommons.org/licenses/by/2.0/,dead-confirmed,,,0
b6e2e94c47ebd241,https://farm2.staticflickr.com/8571/16510599308_480bb33aed_o.jpg,https://creativecommons.org/licenses/by/2.0/,dead-confirmed,,,0
bfb906dcdef46ad3,https://farm4.staticflickr.com/8338/8175643204_8c21db42a9_o.jpg,https://creativecommons.org/licenses/by/2.0/,dead-confirmed,,,0
5654b189d69da818,https://c1.staticflickr.com/6/5273/5868065422_39ec089b4a_o.jpg,https://creativecommons.org/licenses/by/2.0/,dead-confirmed,,,0
0bff5d8cb2c2a2c9,https://c2.staticflickr.com/9/8060/8170733832_365c1e9059_o.jpg,https://creativecommons.org/licenses/by/2.0/,dead-confirmed,,,0
8110f3a2b2f9ea7e,https://c7.staticflickr.com/4/3283/2835155392_7c28db3a3c_o.jpg,https://creativecommons.org/licenses/by/2.0/,dead-confirmed,,,0
8fd0b4ad21398c24,https://farm5.staticflickr.com/8031/8045933607_55f7afc3bf_o.jpg,https://creativecommons.org/licenses/by/2.0/,dead-confirmed,,,0
e4462a3e109c077b,https://c4.staticflickr.com/3/2392/2252517077_15c32815e8_o.jpg,https://creativecommons.org/licenses/by/2.0/,dead-confirmed,,,0
25865f49f24c9a10,https://farm1.staticflickr.com/7620/16552317628_db4b937f4f_o.jpg,https://creativecommons.org/licenses/by/2.0/,dead-confirmed,,,0
dbece6c572cc3bb6,https://farm7.staticflickr.com/2371/2294317199_a29f9a8758_o.jpg,https://creativecommons.org/licenses/by/2.0/,dead-confirmed,,,0
832dfca068646e7d,https://c6.staticflickr.com/4/3221/2977763362_a6d97c0103_o.jpg,https://creativecommons.org/licenses/by/2.0/,dead-confirmed,,,0
4d3b268b8912edeb,https://c6.staticflickr.com/7/6201/6108067811_f969e78252_o.jpg,https://creativecommons.org/licenses/by/2.0/,dead-confirmed,,,0
b0cc5c78fecc9d58,https://c1.staticflickr.com/4/3309/3443920624_484e1d81c0_o.jpg,https://creativecommons.org/licenses/by/2.0/,dead-confirmed,,,0
d05861bda0339a45,https://farm6.staticflickr.com/3743/11127279325_936f9c7d27_o.jpg,https://creativecommons.org/licenses/by/2.0/,dead-confirmed,,,0
dc415c94ebdcfeae,https://c7.staticflickr.com/9/8004/7236499842_d4876fc30d_o.jpg,https://creativecommons.org/licenses/by/2.0/,dead-confirmed,,,0
d78327b60af44835,https://farm6.staticflickr.com/8637/15770849293_11feb3b07d_o.jpg,https://creativecommons.org/licenses/by/2.0/,dead-confirmed,,,0
d1b88f95bc8903b4,https://farm5.staticflickr.com/4006/4407085327_e50acd715b_o.jpg,https://creativecommons.org/licenses/by/2.0/,dead-confirmed,,,0
3708128cd8a52c9c,https://c5.staticflickr.com/4/3918/14701221697_b552690bb2_o.jpg,https://creativecommons.org/licenses/by/2.0/,accepted,2448,3264,0
0b6b92ee7daf2c5c,https://c5.staticflickr.com/4/3797/12842985945_6050882bc8_o.jpg,https://creativecommons.org/licenses/by/2.0/,accepted,5760,3840,0
dcee590925f95879,https://c2.staticflickr.com/1/209/504615138_2521410b7e_o.jpg,https://creativecommons.org/licenses/by/2.0/,accepted,2560,1920,0
08877441bb91eceb,https://c4.staticflickr.com/9/8653/16200036468_f29e7a9012_o.jpg,https://creativecommons.org/licenses/by/2.0/,accepted,2500,1656,0
ab753efd8ecb80ea,https://c3.staticflickr.com/4/3606/3280539543_3301b5b843_o.jpg,https://creativecommons.org/licenses/by/2.0/,accepted,2448,3264,0
e8286561e708febc,https://c5.staticflickr.com/5/4052/4260727634_e67bbfbe21_o.jpg,https://creativecommons.org/licenses/by/2.0/,accepted,1740,1740,0
89cea1955da08c9b,https://c4.staticflickr.com/9/8232/8561425480_883b12a9dd_o.jpg,https://creativecommons.org/licenses/by/2.0/,dead-404,,,0
0be9c11f16cf1fbe,https://c7.staticflickr.com/6/5208/5294379241_4eb1bb5894_o.jpg,https://creativecommons.org/licenses/by/2.0/,accepted,5184,3456,0
cdfa78c7fdf7a316,https://farm7.staticflickr.com/5545/14127625076_836546e93c_o.jpg,https://creativecommons.org/licenses/by/2.0/,accepted,5184,3456,0
1920bcb71692fd81,https://farm2.staticflickr.com/5140/5510269305_d4c67b9a86_o.jpg,https://creativecommons.org/licenses/by/2.0/,small,610,407,0
1691b61fe2e3035f,https://c8.staticflickr.com/4/3793/12780649335_9dfc5db7c5_o.jpg,https://creativecommons.org/licenses/by/2.0/,small,640,427,0
332e01ea060bdb88,https://c1.staticflickr.com/5/4076/4753323817_16f2b6a337_o.jpg,https://creativecommons.org/licenses/by/2.0/,dead-429x4,,,0
2cb3f5d97f35e51a,https://c3.staticflickr.com/6/5206/5278412882_5c75733ab6_o.jpg,https://creativecommons.org/licenses/by/2.0/,dead-429x4,,,0
3814b36de800f699,https://c2.staticflickr.com/2/1386/537602150_e0f5df0128_o.jpg,https://creativecommons.org/licenses/by/2.0/,dead-429x4,,,0
2f6bcd288e5ebd1c,https://c5.staticflickr.com/7/6209/6073412277_671dc3cf37_o.jpg,https://creativecommons.org/licenses/by/2.0/,dead-429x4,,,0
4a4dbed2e17bce1f,https://c8.staticflickr.com/3/2499/3922525006_898c87146e_o.jpg,https://creativecommons.org/licenses/by/2.0/,accepted,1200,800,0
86825fab7f41d56b,https://c4.staticflickr.com/6/5248/5326301720_64165c54fc_o.jpg,https://creativecommons.org/licenses/by/2.0/,small,858,585,0
d9c0e604ced1966f,https://c8.staticflickr.com/5/4148/4993070505_fc0b770af9_o.jpg,https://creativecommons.org/licenses/by/2.0/,accepted,4000,3000,0
453f8464c9d91659,https://c2.staticflickr.com/2/1400/5117484801_e112de3d25_o.jpg,https://creativecommons.org/licenses/by/2.0/,small,480,640,0
ec62b9d5a241a740,https://farm1.staticflickr.com/3482/3458243986_d543f0f051_o.jpg,https://creativecommons.org/licenses/by/2.0/,accepted,1600,1200,0
138171babca75da4,https://farm5.staticflickr.com/5347/9468682078_a1d3fa5fa8_o.jpg,https://creativecommons.org/licenses/by/2.0/,accepted,2517,1888,0
a064c3e7bc1ea755,https://farm6.staticflickr.com/8362/8342782431_ef5bc7195b_o.jpg,https://creativecommons.org/licenses/by/2.0/,accepted,3264,2448,0
7f1f8d395a5319d0,https://farm1.staticflickr.com/8356/8411744771_1e4044af9b_o.jpg,https://creativecommons.org/licenses/by/2.0/,dead-404,,,0
bcaa418e92a955e4,https://farm5.staticflickr.com/7352/9712366504_71969b3a73_o.jpg,https://creativecommons.org/licenses/by/2.0/,accepted,4256,2832,0
cd0f2b7ac455df74,https://farm5.staticflickr.com/5133/5500050149_30b33a408c_o.jpg,https://creativecommons.org/licenses/by/2.0/,accepted,2736,3648,0
21103983bdec647e,https://c7.staticflickr.com/1/65/398220417_2373e2b818_o.jpg,https://creativecommons.org/licenses/by/2.0/,small,720,480,0
cb8f7b0da2ef0f1b,https://c4.staticflickr.com/5/4031/4716368987_404bfbfda5_o.jpg,https://creativecommons.org/licenses/by/2.0/,accepted,3648,2736,0
83cecd81f290c9d1,https://farm2.staticflickr.com/3470/3198251285_4b7bd3f95f_o.jpg,https://creativecommons.org/licenses/by/2.0/,small,640,427,0
c8b3c1ff186d64ce,https://c7.staticflickr.com/9/8821/16851222467_f76ae11353_o.jpg,https://creativecommons.org/licenses/by/2.0/,accepted,5184,3456,0
45063c6e8cc46408,https://c1.staticflickr.com/3/2460/3618919693_8def2b1f3a_o.jpg,https://creativecommons.org/licenses/by/2.0/,accepted,3648,2736,0
00146ba1e50ed8d8,https://c1.staticflickr.com/8/7517/16104664631_c8bdf2a7ff_o.jpg,https://creativecommons.org/licenses/by/2.0/,small,620,480,0
ddcbd4d2a0f13b1b,https://c4.staticflickr.com/5/4125/4980987769_3351140cf6_o.jpg,https://creativecommons.org/licenses/by/2.0/,accepted,2848,2134,0
a8a98ab0887289ac,https://c5.staticflickr.com/4/3371/3520383481_5f179943f1_o.jpg,https://creativecommons.org/licenses/by/2.0/,dead-404,,,0
d135138c6e53f078,https://c1.staticflickr.com/4/3449/3871162546_120901a03e_o.jpg,https://creativecommons.org/licenses/by/2.0/,small,1000,750,0
43f616f59362054c,https://c5.staticflickr.com/5/4104/4974614669_f56086559f_o.jpg,https://creativecommons.org/licenses/by/2.0/,small,1080,631,0
ccc3f0bc6500081c,https://c5.staticflickr.com/6/5187/5684016673_729ce8487f_o.jpg,https://creativecommons.org/licenses/by/2.0/,accepted,3056,2292,0
32302667a4478697,https://farm8.staticflickr.com/4008/4277059865_77e9157afa_o.jpg,https://creativecommons.org/licenses/by/2.0/,accepted,1280,875,0
1876ff97a1af1590,https://farm1.staticflickr.com/4037/4643042219_09631a03f1_o.jpg,https://creativecommons.org/licenses/by/2.0/,accepted,2048,1536,0
f19e3614e84f8e36,https://farm7.staticflickr.com/164/350800203_907619919e_o.jpg,https://creativecommons.org/licenses/by/2.0/,accepted,1280,960,0
90f57dad1ca73137,https://farm8.staticflickr.com/7060/6971344997_ef3a736aa6_o.jpg,https://creativecommons.org/licenses/by/2.0/,dead-404,,,0
0ac3c1db1b3645f2,https://farm3.staticflickr.com/7203/6978286619_18d5ba65b8_o.jpg,https://creativecommons.org/licenses/by/2.0/,dead-404,,,0
7182a2a2ab3fba55,https://farm6.staticflickr.com/2640/4044085374_c79f1128f5_o.jpg,https://creativecommons.org/licenses/by/2.0/,accepted,1024,768,0
81988b6d2a52ff05,https://farm6.staticflickr.com/3835/15364007666_3c5bb00e1c_o.jpg,https://creativecommons.org/licenses/by/2.0/,accepted,3008,2000,0
608bb5835bff2767,https://farm8.staticflickr.com/1035/1313403120_f95914dc43_o.jpg,https://creativecommons.org/licenses/by/2.0/,dead-429x4,,,0
1d86a9b9dbb35ed7,https://farm8.staticflickr.com/3927/15242367337_7c51a489c1_o.jpg,https://creativecommons.org/licenses/by/2.0/,dead-429x4,,,0
03006368ed61dbea,https://c3.staticflickr.com/4/3497/3272038261_273a393e0c_o.jpg,https://creativecommons.org/licenses/by/2.0/,dead-429x4,,,0
28bb628c0ea2023a,https://c3.staticflickr.com/3/2557/3699286828_7f8ec841f3_o.jpg,https://creativecommons.org/licenses/by/2.0/,dead-429x4,,,0
cc89beb8b2cac8b1,https://farm2.staticflickr.com/5255/5534396999_c6ba0bf855_o.jpg,https://creativecommons.org/licenses/by/2.0/,dead-429x4,,,0
2a7cb8f7911b4d3a,https://c3.staticflickr.com/9/8068/8243746534_30e24002c2_o.jpg,https://creativecommons.org/licenses/by/2.0/,dead-429x4,,,1
30ed6812a8b62cae,https://c7.staticflickr.com/7/6167/6186786263_fcee7ca9ff_o.jpg,https://creativecommons.org/licenses/by/2.0/,small,380,600,0
f3e202ce27ed9c0e,https://c7.staticflickr.com/9/8177/8039908873_63f1c461a8_o.jpg,https://creativecommons.org/licenses/by/2.0/,dead-429x4,,,0
95a8054cf2cde10e,https://c7.staticflickr.com/4/3501/5705762380_3e86b96d6e_o.jpg,https://creativecommons.org/licenses/by/2.0/,dead-429x4,,,0
c8106b525cfedc83,https://farm4.staticflickr.com/2912/14435420852_52ca6252f1_o.jpg,https://creativecommons.org/licenses/by/2.0/,accepted,1600,1067,0
9cdcd022af200f1b,https://c4.staticflickr.com/6/5281/5375146624_389dc90d2f_o.jpg,https://creativecommons.org/licenses/by/2.0/,dead-429x4,,,0
cf634947ddcfcda3,https://farm4.staticflickr.com/3128/2745898442_e030a40057_o.jpg,https://creativecommons.org/licenses/by/2.0/,accepted,1280,960,0
a97f9136ddf716d4,https://farm5.staticflickr.com/3937/15531716852_1bc64be146_o.jpg,https://creativecommons.org/licenses/by/2.0/,dead-429x4,,,0
d9e33fbc7bf28bc6,https://farm7.staticflickr.com/5461/8956288617_573182b714_o.jpg,https://creativecommons.org/licenses/by/2.0/,dead-429x4,,,0
ab29dbbeab82e6cb,https://c4.staticflickr.com/5/4042/4587915019_70e4c06ed8_o.jpg,https://creativecommons.org/licenses/by/2.0/,dead-429x4,,,0
6e8a3a402d894256,https://farm7.staticflickr.com/3071/5847348513_d9d66b059c_o.jpg,https://creativecommons.org/licenses/by/2.0/,dead-429x4,,,0
852306e95d48ec87,https://farm8.staticflickr.com/6066/6108644064_0f30a56d3c_o.jpg,https://creativecommons.org/licenses/by/2.0/,dead-429x4,,,0
7ae361d1857cf453,https://farm4.staticflickr.com/3692/14316114663_45c95eac55_o.jpg,https://creativecommons.org/licenses/by/2.0/,dead-429x4,,,0
65f63369699a698d,https://c6.staticflickr.com/4/3896/14490085247_8a934790d0_o.jpg,https://creativecommons.org/licenses/by/2.0/,dead-429x4,,,0
4d2e3499023d5345,https://farm6.staticflickr.com/3722/9647030372_4322bd8d5e_o.jpg,https://creativecommons.org/licenses/by/2.0/,dead-429x4,,,0
c191b06ae4f26d03,https://farm4.staticflickr.com/3495/3999360097_26db16f707_o.jpg,https://creativecommons.org/licenses/by/2.0/,dead-429x4,,,0
c55909fb2c3ce135,https://farm6.staticflickr.com/357/18964178975_ea90515078_o.jpg,https://creativecommons.org/licenses/by/2.0/,dead-429x4,,,0
845336059e2c106e,https://c7.staticflickr.com/4/3096/3417359942_32cdb50148_o.jpg,https://creativecommons.org/licenses/by/2.0/,dead-429x4,,,0
ab7cc0fd38668f92,https://farm3.staticflickr.com/5223/5594338332_354a97aba0_o.jpg,https://creativecommons.org/licenses/by/2.0/,dead-429x4,,,0
8a724b1016ecf68f,https://c8.staticflickr.com/3/2630/4096179371_f36dc36035_o.jpg,https://creativecommons.org/licenses/by/2.0/,dead-429x4,,,0
d4c9a417b5e7ba37,https://farm8.staticflickr.com/4078/4872716344_df1f9fb804_o.jpg,https://creativecommons.org/licenses/by/2.0/,dead-429x4,,,0
fedb4dee21b3299e,https://c7.staticflickr.com/4/3749/20406033082_f2d7418570_o.jpg,https://creativecommons.org/licenses/by/2.0/,dead-429x4,,,0
7dc8e21413f3ab2a,https://c3.staticflickr.com/6/5456/8774205870_054a2f3f6f_o.jpg,https://creativecommons.org/licenses/by/2.0/,dead-404,,,0
94c33fbd56f8ec2a,https://c3.staticflickr.com/4/3214/3091358361_ab9f8c8eb9_o.jpg,https://creativecommons.org/licenses/by/2.0/,accepted,3184,2120,0
a122f1e659051695,https://farm6.staticflickr.com/8096/8447074187_8f4c99ffcd_o.jpg,https://creativecommons.org/licenses/by/2.0/,accepted,3024,1998,0
f0cfedabc5c6d615,https://farm6.staticflickr.com/5251/5480606101_9141be2ab3_o.jpg,https://creativecommons.org/licenses/by/2.0/,small,809,646,0
53b69ccde22f7bb6,https://farm7.staticflickr.com/6015/5996732293_60f3faf738_o.jpg,https://creativecommons.org/licenses/by/2.0/,dead-404,,,0
23b73886e375fa7e,https://c7.staticflickr.com/9/8521/8461725675_0285b3530e_o.jpg,https://creativecommons.org/licenses/by/2.0/,accepted,2000,1328,0
65fa93cf7916e533,https://farm4.staticflickr.com/502/18962545401_47ab3bc486_o.jpg,https://creativecommons.org/licenses/by/2.0/,small,652,456,0
35f837b8efa90099,https://c2.staticflickr.com/1/89/257097723_51c16f714a_o.jpg,https://creativecommons.org/licenses/by/2.0/,accepted,1024,768,0
e918b3951686f810,https://farm1.staticflickr.com/3407/3454978105_7b7bf4b196_o.jpg,https://creativecommons.org/licenses/by/2.0/,small,1052,711,0
b7aaf5d04d6bc8c7,https://farm8.staticflickr.com/29/101054653_7b1f9fd4f2_o.jpg,https://creativecommons.org/licenses/by/2.0/,dead-404,,,0
613a2865152654cd,https://c6.staticflickr.com/9/8121/10255119264_b212c8d802_o.jpg,https://creativecommons.org/licenses/by/2.0/,small,576,864,0
e35f7991de597ae8,https://c1.staticflickr.com/5/4003/4304213044_3025fcc17a_o.jpg,https://creativecommons.org/licenses/by/2.0/,small,480,360,0
0c970313bdc2eccd,https://c6.staticflickr.com/9/8442/7858059010_e6ddcabf5c_o.jpg,https://creativecommons.org/licenses/by/2.0/,dead-429x4,,,0
02b2ab24e7e709cf,https://c8.staticflickr.com/4/3527/3947297452_281e33b26a_o.jpg,https://creativecommons.org/licenses/by/2.0/,accepted,2495,1626,0
e7d31d4d5be667ff,https://c8.staticflickr.com/1/220/500340143_966357d623_o.jpg,https://creativecommons.org/licenses/by/2.0/,accepted,1280,960,0
86dfde023bc93bb0,https://farm1.staticflickr.com/3374/3497885393_b61cea0705_o.jpg,https://creativecommons.org/licenses/by/2.0/,small,1024,729,1
7c0c494fd483b835,https://farm6.staticflickr.com/6021/5963346185_f0d312f2f0_o.jpg,https://creativecommons.org/licenses/by/2.0/,small,401,600,0
4b92104cec89cefc,https://c5.staticflickr.com/4/3270/2978586162_36a906a2c0_o.jpg,https://creativecommons.org/licenses/by/2.0/,dead-404,,,0
7c631e971ee97549,https://c2.staticflickr.com/4/3121/2849676291_89f46b4a6c_o.jpg,https://creativecommons.org/licenses/by/2.0/,accepted,2360,1772,0
006c8ac9b5e6906a,https://c3.staticflickr.com/3/2277/2330112627_2f520f1dce_o.jpg,https://creativecommons.org/licenses/by/2.0/,accepted,1280,960,0
04052a2470d09108,https://c1.staticflickr.com/7/6088/6159460680_fcbdf8bc54_o.jpg,https://creativecommons.org/licenses/by/2.0/,accepted,3872,2592,0
f677ccf0fa5859de,https://c7.staticflickr.com/3/2554/3830930511_50f20a4e40_o.jpg,https://creativecommons.org/licenses/by/2.0/,accepted,1944,2592,0
57ea92b50b73dc3c,https://c5.staticflickr.com/6/5146/5555974395_1df655585c_o.jpg,https://creativecommons.org/licenses/by/2.0/,accepted,1502,1093,0
55de29cb9397635f,https://c8.staticflickr.com/1/25/58602728_87be62e877_o.jpg,https://creativecommons.org/licenses/by/2.0/,dead-429x4,,,0
e1dd4965674e5181,https://farm2.staticflickr.com/3379/3454478865_1e24892807_o.jpg,https://creativecommons.org/licenses/by/2.0/,dead-429x4,,,0
650c92efda0572a2,https://farm3.staticflickr.com/4143/4771501674_3c66677977_o.jpg,https://creativecommons.org/licenses/by/2.0/,dead-429x4,,,0
423cba4a904f4ccc,https://c5.staticflickr.com/3/2244/2187181179_ac3047105a_o.jpg,https://creativecommons.org/licenses/by/2.0/,small,800,533,0
ffcd92fa0a9e3071,https://farm2.staticflickr.com/2708/4320945312_eefd409763_o.jpg,https://creativecommons.org/licenses/by/2.0/,dead-429x4,,,0
f7716fa6b7dbb0e5,https://farm6.staticflickr.com/207/497446141_4b1e16ed4f_o.jpg,https://creativecommons.org/licenses/by/2.0/,small,800,600,0
4598477b754641a4,https://farm5.staticflickr.com/2421/3925353217_2fdc4f93b8_o.jpg,https://creativecommons.org/licenses/by/2.0/,dead-404,,,0
8b3cae513f68017e,https://c7.staticflickr.com/8/7085/7168703379_2d46da0651_o.jpg,https://creativecommons.org/licenses/by/2.0/,dead-429x4,,,0
0d09c567cfd03b28,https://c1.staticflickr.com/1/243/3263467323_04d2899084_o.jpg,https://creativecommons.org/licenses/by/2.0/,accepted,2304,3072,0
d5cce8fd99bf1044,https://farm5.staticflickr.com/8262/8652490780_abc24c98f2_o.jpg,https://creativecommons.org/licenses/by/2.0/,accepted,2048,1366,0
3448c2cf64983058,https://c1.staticflickr.com/1/89/210492647_6c3e468d73_o.jpg,https://creativecommons.org/licenses/by/2.0/,accepted,1528,976,1
f47306f8b62fec9b,https://c4.staticflickr.com/4/3274/2564243387_60a7fd2f6d_o.jpg,https://creativecommons.org/licenses/by/2.0/,dead-404,,,0
01f5efed4dfda77e,https://c7.staticflickr.com/3/2932/14001049206_251e929aa9_o.jpg,https://creativecommons.org/licenses/by/2.0/,accepted,4000,3000,0
0c82bfd1f18ed1ea,https://c3.staticflickr.com/7/6200/6040832967_104512657c_o.jpg,https://creativecommons.org/licenses/by/2.0/,accepted,2592,3888,0
ae891d14edfb0dbb,https://c4.staticflickr.com/5/4149/5095534122_5c3f52e76f_o.jpg,https://creativecommons.org/licenses/by/2.0/,small,1096,693,0
c938c0501b6cabba,https://c3.staticflickr.com/8/7572/15441794544_5b28fd4f94_o.jpg,https://creativecommons.org/licenses/by/2.0/,dead-429x4,,,0
d6f555694b216c17,https://farm8.staticflickr.com/8681/16239551762_c87f2b8506_o.jpg,https://creativecommons.org/licenses/by/2.0/,dead-404,,,0
e3c7a5f08d7455d1,https://farm2.staticflickr.com/8420/8745821493_b0cce4a89b_o.jpg,https://creativecommons.org/licenses/by/2.0/,accepted,4014,2676,0
34b1464cf92b97f7,https://farm8.staticflickr.com/3846/14502889754_083834b6a9_o.jpg,https://creativecommons.org/licenses/by/2.0/,accepted,4224,2816,0
ea972c85fcd1c2fe,https://c7.staticflickr.com/7/6134/6009218363_1b3839edf6_o.jpg,https://creativecommons.org/licenses/by/2.0/,accepted,3504,2336,0
f48296c2ac5df770,https://farm1.staticflickr.com/55/156693773_efa1047ea9_o.jpg,https://creativecommons.org/licenses/by/2.0/,accepted,2048,1536,0
1eb23c0cbf0c2ca3,https://farm4.staticflickr.com/2389/1964576196_ae24dbaba7_o.jpg,https://creativecommons.org/licenses/by/2.0/,accepted,1024,768,0
62f5b3b114f74ea8,https://c1.staticflickr.com/4/3469/3704959094_c0b490b9f1_o.jpg,https://creativecommons.org/licenses/by/2.0/,accepted,4000,3000,0
ef7790d304d3718b,https://c4.staticflickr.com/9/8176/7989313106_7f1c8dd685_o.jpg,https://creativecommons.org/licenses/by/2.0/,accepted,2816,1880,0
7a32cfdda64af618,https://c1.staticflickr.com/9/8395/8626746365_3918ff8d81_o.jpg,https://creativecommons.org/licenses/by/2.0/,accepted,4032,3024,0
29d45f14be74e4b3,https://farm4.staticflickr.com/8654/15762733610_59c27d7c34_o.jpg,https://creativecommons.org/licenses/by/2.0/,accepted,4357,3020,0
b1c8e982baf404be,https://c7.staticflickr.com/6/5647/20600240579_8fb7af8268_o.jpg,https://creativecommons.org/licenses/by/2.0/,accepted,1970,1497,1
10517249ac232c8f,https://c8.staticflickr.com/1/13/17738828_55d8acd66e_o.jpg,https://creativecommons.org/licenses/by/2.0/,accepted,2048,1536,0
eaa2ecfc163b1110,https://farm1.staticflickr.com/7221/7330331474_7b39b58b96_o.jpg,https://creativecommons.org/licenses/by/2.0/,small,612,612,0
ecb3d2718fa34c3c,https://c5.staticflickr.com/6/5526/12508063855_6b53fbdcca_o.jpg,https://creativecommons.org/licenses/by/2.0/,accepted,1971,1312,0
1b93c5c119ca13a2,https://farm3.staticflickr.com/8057/8237892423_347e7b8c54_o.jpg,https://creativecommons.org/licenses/by/2.0/,accepted,1900,1267,0
b0c44188ef552cae,https://c7.staticflickr.com/6/5263/5593318648_ba981bb21d_o.jpg,https://creativecommons.org/licenses/by/2.0/,accepted,768,977,0
4987d54e2417ddf8,https://c1.staticflickr.com/6/5497/10584239206_2312236e09_o.jpg,https://creativecommons.org/licenses/by/2.0/,dead-404,,,0
7b2d53f0e20452f4,https://farm5.staticflickr.com/3589/3627704059_04ec9b74d5_o.jpg,https://creativecommons.org/licenses/by/2.0/,accepted,2048,1536,0
aa4206ef127b7fd6,https://farm7.staticflickr.com/5789/21169520182_6172e9677c_o.jpg,https://creativecommons.org/licenses/by/2.0/,small,512,512,0
8614316e3cc605d2,https://farm3.staticflickr.com/7165/6434968719_f0f14024db_o.jpg,https://creativecommons.org/licenses/by/2.0/,accepted,2784,1856,0
9dcd4361e0a5588b,https://c4.staticflickr.com/3/2915/14368175372_6653d30e65_o.jpg,https://creativecommons.org/licenses/by/2.0/,small,640,640,0
4006b1a5e241c510,https://farm1.staticflickr.com/6062/6054065318_707c83a6c4_o.jpg,https://creativecommons.org/licenses/by/2.0/,accepted,2592,1944,0
01a2b161a5937ac0,https://farm1.staticflickr.com/5026/5852622905_712b86d533_o.jpg,https://creativecommons.org/licenses/by/2.0/,accepted,3008,2000,0
c001dcbe47cd2276,https://farm7.staticflickr.com/3955/15564665837_c8350675a7_o.jpg,https://creativecommons.org/licenses/by/2.0/,accepted,2460,1546,0
4fecd2bd6904a731,https://farm2.staticflickr.com/3434/3698156111_53359105f8_o.jpg,https://creativecommons.org/licenses/by/2.0/,dead-429x4,,,0
c59e9d3e7354b456,https://farm7.staticflickr.com/5019/5541908487_6fa1c917a4_o.jpg,https://creativecommons.org/licenses/by/2.0/,dead-429x4,,,0
268d18715734c7e9,https://c2.staticflickr.com/4/3110/3128240274_e419a3a17d_o.jpg,https://creativecommons.org/licenses/by/2.0/,dead-429x4,,,0
57bf97db55140413,https://farm4.staticflickr.com/1/1226873_cc580f33e0_o.jpg,https://creativecommons.org/licenses/by/2.0/,dead-429x4,,,0
80fc17a6b8901997,https://farm8.staticflickr.com/8165/7646607592_b0730e267f_o.jpg,https://creativecommons.org/licenses/by/2.0/,dead-429x4,,,0
80d5288d140f3332,https://farm3.staticflickr.com/7383/11275385365_94630e8023_o.jpg,https://creativecommons.org/licenses/by/2.0/,dead-429x4,,,0
4ce3385264cc5401,https://farm2.staticflickr.com/5451/18040088541_e6724c211e_o.jpg,https://creativecommons.org/licenses/by/2.0/,dead-429x4,,,0
6f887ea8bf2b1946,https://farm7.staticflickr.com/5216/5422270899_f2ed515444_o.jpg,https://creativecommons.org/licenses/by/2.0/,dead-429x4,,,0
5f83b6ff3c2f3753,https://farm4.staticflickr.com/7297/15860287943_a36118221f_o.jpg,https://creativecommons.org/licenses/by/2.0/,dead-429x4,,,0
a571f1124483b074,https://farm5.staticflickr.com/126/354982572_a07324dc0e_o.jpg,https://creativecommons.org/licenses/by/2.0/,dead-429x4,,,0
f9f539977bfea25e,https://c7.staticflickr.com/6/5350/7434551246_9b29ed0030_o.jpg,https://creativecommons.org/licenses/by/2.0/,dead-429x4,,,0
07c9baa2741e5b90,https://farm1.staticflickr.com/2303/1861441371_80b24d8654_o.jpg,https://creativecommons.org/licenses/by/2.0/,dead-429x4,,,0
36b1fb0252d3064b,https://c4.staticflickr.com/5/4119/4878277553_cba3835010_o.jpg,https://creativecommons.org/licenses/by/2.0/,dead-429x4,,,0
97f0eb8a07f6d926,https://farm7.staticflickr.com/3461/3708494239_2540a37307_o.jpg,https://creativecommons.org/licenses/by/2.0/,dead-429x4,,,0
3c8e516363bedec5,https://farm6.staticflickr.com/8031/8027778278_882809cbf5_o.jpg,https://creativecommons.org/licenses/by/2.0/,dead-429x4,,,0
e841a8793c56d4f6,https://farm7.staticflickr.com/7142/6694030093_37ee00cfdd_o.jpg,https://creativecommons.org/licenses/by/2.0/,dead-429x4,,,0
ee08cc161919e7b9,https://c2.staticflickr.com/8/7456/16215186780_27f9f28cc6_o.jpg,https://creativecommons.org/licenses/by/2.0/,dead-429x4,,,0
931d85edd6210d2b,https://c4.staticflickr.com/1/226/466775465_085d609a51_o.jpg,https://creativecommons.org/licenses/by/2.0/,dead-429x4,,,0
8a90edff9e8d885e,https://c7.staticflickr.com/9/8284/7783604300_f5f152c618_o.jpg,https://creativecommons.org/licenses/by/2.0/,dead-429x4,,,0
09a786d569d8a554,https://farm5.staticflickr.com/1351/562377150_1bcd244534_o.jpg,https://creativecommons.org/licenses/by/2.0/,dead-429x4,,,0
c3c92559ba965d04,https://farm5.staticflickr.com/5474/14274136422_4ac2a2ccc6_o.jpg,https://creativecommons.org/licenses/by/2.0/,dead-429x4,,,0
b58d1566e699d780,https://farm1.staticflickr.com/7586/16718992407_5e33e7e34e_o.jpg,https://creativecommons.org/licenses/by/2.0/,dead-429x4,,,0
80a5f18f6726bf0e,https://c7.staticflickr.com/4/3199/3113430779_7c5fcd8714_o.jpg,https://creativecommons.org/licenses/by/2.0/,dead-429x4,,,0
8788259e97cf74bd,https://c6.staticflickr.com/3/2814/9173455227_b9d5fcb85e_o.jpg,https://creativecommons.org/licenses/by/2.0/,dead-429x4,,,0
98ae682945a27b12,https://farm3.staticflickr.com/7247/7026495403_df5cef463e_o.jpg,https://creativecommons.org/licenses/by/2.0/,dead-429x4,,,0
46823059a03ddd66,https://farm7.staticflickr.com/3633/3335046755_3be31f0a1d_o.jpg,https://creativecommons.org/licenses/by/2.0/,dead-429x4,,,0
4f0fb0fdc29a1d96,https://farm7.staticflickr.com/2367/2058549078_0946f4d22f_o.jpg,https://creativecommons.org/licenses/by/2.0/,dead-429x4,,,0
3b21074788e4a0d7,https://farm8.staticflickr.com/7725/17161576100_c080e81e99_o.jpg,https://creativecommons.org/licenses/by/2.0/,dead-429x4,,,0
d441ab0127d4898a,https://c3.staticflickr.com/6/5124/5346109304_5402b2cb32_o.jpg,https://creativecommons.org/licenses/by/2.0/,dead-429x4,,,0
d2fd7f55e0a3218a,https://c3.staticflickr.com/4/3325/3294751766_ff05bb5173_o.jpg,https://creativecommons.org/licenses/by/2.0/,dead-429x4,,,0
1dec8b9aacf770e2,https://farm3.staticflickr.com/265/19674735878_65dd11dd1a_o.jpg,https://creativecommons.org/licenses/by/2.0/,accepted,1080,1080,0
1be24711b35392cb,https://c4.staticflickr.com/7/6052/5894394997_3f400533bc_o.jpg,https://creativecommons.org/licenses/by/2.0/,small,1024,576,0
c07ce53cfb2eb416,https://farm7.staticflickr.com/3691/10034282055_6e192758eb_o.jpg,https://creativecommons.org/licenses/by/2.0/,accepted,2197,2874,0
1655ed7fefd46b13,https://farm4.staticflickr.com/119/309774078_ab4e9fc45a_o.jpg,https://creativecommons.org/licenses/by/2.0/,accepted,2560,1920,0
de96ed3b0297a212,https://farm3.staticflickr.com/9/77260760_7d00941752_o.jpg,https://creativecommons.org/licenses/by/2.0/,accepted,1280,960,0
295cd15033557db1,https://farm2.staticflickr.com/4106/5221606379_d359581a8a_o.jpg,https://creativecommons.org/licenses/by/2.0/,accepted,2288,1712,0
f7b54a06f209d37a,https://c3.staticflickr.com/4/3339/3550112219_68b8825eab_o.jpg,https://creativecommons.org/licenses/by/2.0/,accepted,4752,3168,0
305ab592c38768fa,https://c3.staticflickr.com/4/3188/2633936359_9a592f246f_o.jpg,https://creativecommons.org/licenses/by/2.0/,accepted,2048,1536,0
4d96bf4b3d4f7722,https://farm3.staticflickr.com/3064/2824297735_e5cba1c24a_o.jpg,https://creativecommons.org/licenses/by/2.0/,small,640,480,0
5fb84fd5ef312440,https://farm1.staticflickr.com/1017/5187963292_1ae8630883_o.jpg,https://creativecommons.org/licenses/by/2.0/,accepted,1927,1320,0
e4b0c13b5e349670,https://farm1.staticflickr.com/3811/9064547647_368bbb0b4f_o.jpg,https://creativecommons.org/licenses/by/2.0/,accepted,6016,4016,0
aa4ae31060ce13c9,https://c2.staticflickr.com/6/5002/5326824107_33f56c81bb_o.jpg,https://creativecommons.org/licenses/by/2.0/,accepted,3021,1875,0
47e88023d529b327,https://farm8.staticflickr.com/6115/6262727675_865a96c526_o.jpg,https://creativecommons.org/licenses/by/2.0/,accepted,3264,2448,0
4cd9d32fdd7aecec,https://c5.staticflickr.com/1/130/319175456_2685eaa529_o.jpg,https://creativecommons.org/licenses/by/2.0/,small,600,347,0
46c63f45262a8ac5,https://farm6.staticflickr.com/2704/4168463945_eae8db7a31_o.jpg,https://creativecommons.org/licenses/by/2.0/,accepted,2304,3456,0
62dfb2070a19d479,https://c2.staticflickr.com/4/3780/9039752642_30a8df4267_o.jpg,https://creativecommons.org/licenses/by/2.0/,small,650,544,0
a62a23c4ba16b11d,https://c6.staticflickr.com/8/7049/13686390613_4e6d161564_o.jpg,https://creativecommons.org/licenses/by/2.0/,accepted,1434,1218,0
2035d3a7a1b7fc04,https://farm5.staticflickr.com/26/46715839_1541d21873_o.jpg,https://creativecommons.org/licenses/by/2.0/,accepted,1380,2048,0
0d2e090e9b025ddc,https://c5.staticflickr.com/1/200/476728159_f31992ab94_o.jpg,https://creativecommons.org/licenses/by/2.0/,accepted,2816,2112,0
2d48f380fe2bb808,https://c1.staticflickr.com/9/8299/7797234750_267d50abbb_o.jpg,https://creativecommons.org/licenses/by/2.0/,small,750,1000,0
5dba0202d89118ef,https://c8.staticflickr.com/7/6087/6062359957_0cc61aefe5_o.jpg,https://creativecommons.org/licenses/by/2.0/,dead-404,,,0
f6e6936ebe991d27,https://farm8.staticflickr.com/6191/6050912637_167f8f8bac_o.jpg,https://creativecommons.org/licenses/by/2.0/,accepted,1299,828,1
358b1ecd0ae0bcfc,https://c5.staticflickr.com/5/4133/5025328914_0f84c20b4c_o.jpg,https://creativecommons.org/licenses/by/2.0/,dead-404,,,0
aa6964433c4166d0,https://farm1.staticflickr.com/2775/4156461677_3d754f30d1_o.jpg,https://creativecommons.org/licenses/by/2.0/,small,1000,750,0
c30dc402d70ab135,https://farm6.staticflickr.com/3230/3117130695_897a1e4a11_o.jpg,https://creativecommons.org/licenses/by/2.0/,accepted,1707,1210,0
0dc6c490b2941ff8,https://c1.staticflickr.com/5/4031/4507196229_c246758097_o.jpg,https://creativecommons.org/licenses/by/2.0/,accepted,1119,778,0
a1fd731a74e31480,https://farm1.staticflickr.com/3002/3049560226_2f3355f1af_o.jpg,https://creativecommons.org/licenses/by/2.0/,accepted,2560,1920,0
fb44fbe7b68a3f5b,https://c4.staticflickr.com/1/89/223507195_16ee791157_o.jpg,https://creativecommons.org/licenses/by/2.0/,accepted,1600,1200,0
0bc24867cc06ebb6,https://farm7.staticflickr.com/7426/10825356926_82a749391b_o.jpg,https://creativecommons.org/licenses/by/2.0/,dead-404,,,0
3f063c7a6c19b773,https://farm4.staticflickr.com/5601/15445328356_665d657e64_o.jpg,https://creativecommons.org/licenses/by/2.0/,accepted,768,1024,0
7ea7c4a01b5a3c94,https://farm5.staticflickr.com/2525/4076234624_22ba8590e3_o.jpg,https://creativecommons.org/licenses/by/2.0/,accepted,2048,1536,0
24443a13d8f6e54a,https://c3.staticflickr.com/8/7338/11904096053_8cbaab131e_o.jpg,https://creativecommons.org/licenses/by/2.0/,accepted,2216,1259,0
c9ecf7b1e970a65a,https://c3.staticflickr.com/8/7513/15744865550_4e066c67fd_o.jpg,https://creativecommons.org/licenses/by/2.0/,accepted,5472,3648,0
65924623968e80ed,https://c6.staticflickr.com/9/8517/8409026942_a0588d4e62_o.jpg,https://creativecommons.org/licenses/by/2.0/,accepted,3000,2007,0
f778f3e4393c00fd,https://c6.staticflickr.com/8/7004/6511053405_2f8d088ee5_o.jpg,https://creativecommons.org/licenses/by/2.0/,accepted,1500,1001,0
c13f08be7972aac9,https://c2.staticflickr.com/5/4114/4825314648_7636827582_o.jpg,https://creativecommons.org/licenses/by/2.0/,accepted,2592,1456,0
07e304a0ba61ce5c,https://c5.staticflickr.com/4/3490/3203456797_5f5216b939_o.jpg,https://creativecommons.org/licenses/by/2.0/,accepted,3313,2254,0
2b2a0f7932d05eb0,https://farm1.staticflickr.com/6082/6102441072_c5ac03ec36_o.jpg,https://creativecommons.org/licenses/by/2.0/,small,1150,642,0
f2806924f149be68,https://c1.staticflickr.com/8/7144/6531991589_a9c74ce28d_o.jpg,https://creativecommons.org/licenses/by/2.0/,accepted,3648,2736,0
9a426c397d69cf81,https://farm2.staticflickr.com/8209/8198091817_34e109d2e5_o.jpg,https://creativecommons.org/licenses/by/2.0/,small,612,612,0
ddd56ec6489b89e3,https://farm4.staticflickr.com/7316/12240914513_a7ac50aaa7_o.jpg,https://creativecommons.org/licenses/by/2.0/,accepted,3888,2592,0
8f7cf3384dd9bcb7,https://farm8.staticflickr.com/7385/11821691004_5a828c6d09_o.jpg,https://creativecommons.org/licenses/by/2.0/,dead-404,,,0
fca4e8252f9725ae,https://c7.staticflickr.com/1/49/108382053_b5cd302053_o.jpg,https://creativecommons.org/licenses/by/2.0/,accepted,1339,2000,0
106416971fe2f7ee,https://c7.staticflickr.com/6/5491/12704523154_cffe7db220_o.jpg,https://creativecommons.org/licenses/by/2.0/,dead-429x4,,,0
9d00675a40dead6a,https://c3.staticflickr.com/6/5184/5791612935_fec5817324_o.jpg,https://creativecommons.org/licenses/by/2.0/,dead-429x4,,,0
f6e16e40a1e35eed,https://c6.staticflickr.com/1/185/474291993_8ce3d73167_o.jpg,https://creativecommons.org/licenses/by/2.0/,dead-429x4,,,0
567c0eb6e875f9a7,https://farm8.staticflickr.com/8398/8686139357_714ca1deaf_o.jpg,https://creativecommons.org/licenses/by/2.0/,dead-429x4,,,1
fed2498531060569,https://c2.staticflickr.com/3/2142/2161006344_62f5a72b5e_o.jpg,https://creativecommons.org/licenses/by/2.0/,dead-429x4,,,0
538a1e6c129d808c,https://c5.staticflickr.com/3/2950/15312621480_a8d1e5ae94_o.jpg,https://creativecommons.org/licenses/by/2.0/,dead-429x4,,,0
f502a8e39c0c5e92,https://farm3.staticflickr.com/7712/17100102487_212ff0fcd5_o.jpg,https://creativecommons.org/licenses/by/2.0/,dead-429x4,,,0
1cfe1682da80fc45,https://farm6.staticflickr.com/8295/7978234396_c20285d9e4_o.jpg,https://creativecommons.org/licenses/by/2.0/,dead-429x4,,,0
f48b5e64cc7835f8,https://c1.staticflickr.com/4/3218/3027302748_6473c774e6_o.jpg,https://creativecommons.org/licenses/by/2.0/,dead-429x4,,,0
3181a9a096c3dec0,https://farm1.staticflickr.com/6146/5971131070_89bfa60207_o.jpg,https://creativecommons.org/licenses/by/2.0/,dead-429x4,,,0
2995bebb788ad1ba,https://c3.staticflickr.com/1/31/50362427_c7f3ac0332_o.jpg,https://creativecommons.org/licenses/by/2.0/,dead-429x4,,,0
810059618ca5d465,https://farm6.staticflickr.com/8192/8127055607_46811c9e9e_o.jpg,https://creativecommons.org/licenses/by/2.0/,dead-429x4,,,0
c162d65690b13a7c,https://c5.staticflickr.com/8/7332/16322703657_7fe99b63e9_o.jpg,https://creativecommons.org/licenses/by/2.0/,dead-429x4,,,0
6aa4ff893e357650,https://farm1.staticflickr.com/33/65462091_bd36b2f15b_o.jpg,https://creativecommons.org/licenses/by/2.0/,dead-429x4,,,0
dc7bc240fc846086,https://farm7.staticflickr.com/5488/9693816402_2e85a2b7aa_o.jpg,https://creativecommons.org/licenses/by/2.0/,dead-429x4,,,0
853b10f75cd438b5,https://farm6.staticflickr.com/3330/3583358496_f4a8234b9e_o.jpg,https://creativecommons.org/licenses/by/2.0/,accepted,3888,2592,0
e4cb43222c9bee50,https://farm1.staticflickr.com/3245/2653400410_6db2a3c71e_o.jpg,https://creativecommons.org/licenses/by/2.0/,accepted,3888,2592,0
7e0773e8d3682900,https://farm1.staticflickr.com/2228/2405427633_8dc55c18b4_o.jpg,https://creativecommons.org/licenses/by/2.0/,accepted,2272,1704,0
6f77c153f44d6168,https://c1.staticflickr.com/9/8117/8641175428_58da1fe2a2_o.jpg,https://creativecommons.org/licenses/by/2.0/,accepted,4144,3216,0
33d4f52120682147,https://farm8.staticflickr.com/132/423316866_813ea0954c_o.jpg,https://creativecommons.org/licenses/by/2.0/,accepted,1280,960,0
91326c78d83ca693,https://farm4.staticflickr.com/2930/14030637207_44b50998a8_o.jpg,https://creativecommons.org/licenses/by/2.0/,dead-429x4,,,0
9b8ecb4cdf78097f,https://c8.staticflickr.com/6/5650/20428226658_7d815d50ff_o.jpg,https://creativecommons.org/licenses/by/2.0/,dead-429x4,,,0
1b32ed82d3538b21,https://farm2.staticflickr.com/3216/2794390246_544d56cbe7_o.jpg,https://creativecommons.org/licenses/by/2.0/,dead-429x4,,,0
3cf4c3c443c0974f,https://c8.staticflickr.com/6/5531/12242511545_6f4f01277c_o.jpg,https://creativecommons.org/licenses/by/2.0/,dead-429x4,,,0
9a7de960d0dce4c1,https://farm2.staticflickr.com/249/527683604_674bf9fb34_o.jpg,https://creativecommons.org/licenses/by/2.0/,dead-429x4,,,0
df43794ea8365994,https://farm5.staticflickr.com/3405/3191234668_f1e335479c_o.jpg,https://creativecommons.org/licenses/by/2.0/,dead-429x4,,,0
3356c35641ea94dc,https://c5.staticflickr.com/7/6133/6020790339_33813c031c_o.jpg,https://creativecommons.org/licenses/by/2.0/,dead-429x4,,,0
1668c8b9001fcff2,https://farm3.staticflickr.com/2251/2485376364_7c941833ef_o.jpg,https://creativecommons.org/licenses/by/2.0/,dead-429x4,,,0
49fcebef0e5055c7,https://farm8.staticflickr.com/26/35843200_c0f42a7488_o.jpg,https://creativecommons.org/licenses/by/2.0/,dead-429x4,,,0
1625307983409413,https://farm4.staticflickr.com/7339/8723908085_80b9c28a52_o.jpg,https://creativecommons.org/licenses/by/2.0/,dead-429x4,,,0
1b624745a56db0f5,https://farm6.staticflickr.com/3797/10458150525_3c023ac3ae_o.jpg,https://creativecommons.org/licenses/by/2.0/,dead-429x4,,,0
b9664f7532e5fa65,https://farm6.staticflickr.com/4126/5179453074_93c11eb560_o.jpg,https://creativecommons.org/licenses/by/2.0/,dead-429x4,,,0
50b8a4246a9f8b12,https://farm3.staticflickr.com/5512/9088679331_65ee74e658_o.jpg,https://creativecommons.org/licenses/by/2.0/,small,1020,747,0
879f31478ec27cdb,https://c4.staticflickr.com/8/7325/9285276172_73229518a1_o.jpg,https://creativecommons.org/licenses/by/2.0/,small,528,522,0
85ae8fc20584cf14,https://farm5.staticflickr.com/2114/3529502137_4e9db5ce2f_o.jpg,https://creativecommons.org/licenses/by/2.0/,small,800,533,0
2ced55c7bd8c5496,https://farm7.staticflickr.com/3462/3739396343_902fde4508_o.jpg,https://creativecommons.org/licenses/by/2.0/,accepted,3648,2736,0
49109b133389fe77,https://farm8.staticflickr.com/223/447170783_304a012fc7_o.jpg,https://creativecommons.org/licenses/by/2.0/,small,800,561,1
6a17b9db2164e958,https://c1.staticflickr.com/7/6028/5921051641_8c7db01cdd_o.jpg,https://creativecommons.org/licenses/by/2.0/,accepted,1024,768,0
994bbe644df46fa5,https://farm6.staticflickr.com/7476/15483169454_de4786b2e5_o.jpg,https://creativecommons.org/licenses/by/2.0/,accepted,4000,3000,0
def2ea1751cd2dc6,https://farm7.staticflickr.com/81/224710473_1ad208e1cc_o.jpg,https://creativecommons.org/licenses/by/2.0/,dead-404,,,0
2e785b26c20e7e3a,https://c3.staticflickr.com/9/8346/8250676882_084f014bc9_o.jpg,https://creativecommons.org/licenses/by/2.0/,accepted,3552,2000,0
3e8b86e2b5d7f7b9,https://c2.staticflickr.com/4/3954/15440277949_b45a12d642_o.jpg,https://creativecommons.org/licenses/by/2.0/,dead-404,,,0
4aeff1c5aeecad60,https://farm1.staticflickr.com/5183/5585280683_0afd90f5d8_o.jpg,https://creativecommons.org/licenses/by/2.0/,accepted,2249,1687,0
4bda19904e1caedd,https://c6.staticflickr.com/4/3325/3214223383_da996e4cba_o.jpg,https://creativecommons.org/licenses/by/2.0/,accepted,1024,768,0
f1a1586b5df74328,https://c1.staticflickr.com/5/4015/4671708372_c9ae7d503d_o.jpg,https://creativecommons.org/licenses/by/2.0/,accepted,1741,1161,0
207d09af2f583c31,https://farm2.staticflickr.com/7578/15839097666_e627760207_o.jpg,https://creativecommons.org/licenses/by/2.0/,accepted,1982,1416,0
f8032e0720cc4e8c,https://c5.staticflickr.com/8/7324/10560871124_37ece8a687_o.jpg,https://creativecommons.org/licenses/by/2.0/,accepted,2500,1667,0
8c05cf5589255d87,https://farm8.staticflickr.com/3036/2806739868_bafc374904_o.jpg,https://creativecommons.org/licenses/by/2.0/,accepted,3872,2592,0
28e06ba3283aaa84,https://farm5.staticflickr.com/8052/8122191573_a1530f9f1b_o.jpg,https://creativecommons.org/licenses/by/2.0/,accepted,4000,2672,0
2f543d5d26428d83,https://farm4.staticflickr.com/8179/8021724912_a4614d29b5_o.jpg,https://creativecommons.org/licenses/by/2.0/,accepted,1617,1602,0
1c171dd6b4c03db9,https://c2.staticflickr.com/5/4001/5134913556_67aa7c432c_o.jpg,https://creativecommons.org/licenses/by/2.0/,small,960,720,0
ee709b051d098c0c,https://c5.staticflickr.com/5/4112/5008927992_bb49830940_o.jpg,https://creativecommons.org/licenses/by/2.0/,accepted,3888,2592,0
16407cf2533cf584,https://farm5.staticflickr.com/2734/4348296854_49bbd24dc7_o.jpg,https://creativecommons.org/licenses/by/2.0/,small,683,1024,0
aa87762e60104aac,https://c5.staticflickr.com/1/20/71763151_5200956b69_o.jpg,https://creativecommons.org/licenses/by/2.0/,accepted,1920,2560,0
b575b3425b3e427a,https://c3.staticflickr.com/3/2263/1803817558_a068283263_o.jpg,https://creativecommons.org/licenses/by/2.0/,accepted,1269,952,0
79371f58cbc527bb,https://c4.staticflickr.com/1/69/213028921_a1df06454d_o.jpg,https://creativecommons.org/licenses/by/2.0/,dead-404,,,0
e916dd0b766b2f40,https://farm1.staticflickr.com/4007/4544545774_d26ea090e4_o.jpg,https://creativecommons.org/licenses/by/2.0/,accepted,3264,2448,0
9e97a2648dd3459e,https://c7.staticflickr.com/4/3133/2808575203_6679b9696e_o.jpg,https://creativecommons.org/licenses/by/2.0/,dead-404,,,0
29b8e3d231d54fda,https://c3.staticflickr.com/3/2483/5762002949_6bb44d7c77_o.jpg,https://creativecommons.org/licenses/by/2.0/,accepted,1459,775,0
9bb6376f27828ff6,https://farm7.staticflickr.com/8057/8270838385_6afdca5532_o.jpg,https://creativecommons.org/licenses/by/2.0/,accepted,3684,2760,0
85d85376aec07965,https://farm6.staticflickr.com/2528/3948541484_b3ff9f367a_o.jpg,https://creativecommons.org/licenses/by/2.0/,dead-404,,,0
36ef14a4db9540cc,https://c5.staticflickr.com/1/59/180841440_e770918a0b_o.jpg,https://creativecommons.org/licenses/by/2.0/,dead-429x4,,,0
0fe010cc963bcc06,https://farm7.staticflickr.com/8581/16701818062_c2b891f577_o.jpg,https://creativecommons.org/licenses/by/2.0/,dead-404,,,0
aacab448d08629c8,https://c1.staticflickr.com/1/7/7182704_210e0dc3ce_o.jpg,https://creativecommons.org/licenses/by/2.0/,small,500,333,0
7c68f37e1eb82609,https://c2.staticflickr.com/6/5607/15789710576_ebd424e74a_o.jpg,https://creativecommons.org/licenses/by/2.0/,accepted,2000,1333,0
3aacc9df5fe80ec4,https://farm5.staticflickr.com/8159/7614461630_0fd58e4a44_o.jpg,https://creativecommons.org/licenses/by/2.0/,accepted,4912,3264,0
5373f1de6b6aa919,https://c2.staticflickr.com/3/2834/9178068912_f74b7ce879_o.jpg,https://creativecommons.org/licenses/by/2.0/,accepted,4000,3000,0
de7987161ef6bacb,https://c4.staticflickr.com/7/6194/6081580758_294858cd6c_o.jpg,https://creativecommons.org/licenses/by/2.0/,accepted,800,1035,0
1e34f92f5ea27d83,https://farm4.staticflickr.com/5794/20363876380_a7e896de26_o.jpg,https://creativecommons.org/licenses/by/2.0/,accepted,5376,3024,0
34c0400788f86675,https://farm6.staticflickr.com/5303/5674996054_a524d9fbff_o.jpg,https://creativecommons.org/licenses/by/2.0/,accepted,4162,1500,0
1a0ef4b7b43fd5ee,https://c7.staticflickr.com/5/4154/5209345097_b7d04b9644_o.jpg,https://creativecommons.org/licenses/by/2.0/,accepted,4320,3240,0
a0802e5dbb147e4c,https://c5.staticflickr.com/4/3682/9932527654_b33dee0200_o.jpg,https://creativecommons.org/licenses/by/2.0/,accepted,4928,3264,0
de46db5be91cee4c,https://c5.staticflickr.com/9/8068/8265180385_7438421a70_o.jpg,https://creativecommons.org/licenses/by/2.0/,accepted,3000,2000,0
d6388aa972872b97,https://farm8.staticflickr.com/1364/914440199_8960e3d1eb_o.jpg,https://creativecommons.org/licenses/by/2.0/,small,1024,693,0
9ca036b41655e4e4,https://farm5.staticflickr.com/165/409475020_116375b9dc_o.jpg,https://creativecommons.org/licenses/by/2.0/,accepted,2048,1536,0
b0bd19723aa95311,https://farm2.staticflickr.com/1349/4604262042_4f2ecbd545_o.jpg,https://creativecommons.org/licenses/by/2.0/,accepted,1280,960,0
9a942b208f38d70c,https://c5.staticflickr.com/4/3822/10619389843_339d3c9434_o.jpg,https://creativecommons.org/licenses/by/2.0/,accepted,5184,3456,0
5fc261e9497193e1,https://farm2.staticflickr.com/2534/3876286667_5308d0d772_o.jpg,https://creativecommons.org/licenses/by/2.0/,accepted,1632,1232,0
67fcac04edc0ace5,https://farm6.staticflickr.com/3008/2307203275_72905049d6_o.jpg,https://creativecommons.org/licenses/by/2.0/,accepted,3456,2304,0
6237880a579aba5c,https://c5.staticflickr.com/5/4142/4922714848_ef92813c31_o.jpg,https://creativecommons.org/licenses/by/2.0/,small,533,800,0
c277d3a6148af8d1,https://farm2.staticflickr.com/7628/16818530682_bbd2149bc7_o.jpg,https://creativecommons.org/licenses/by/2.0/,accepted,2048,1371,0
87f4252180bcecc5,https://farm6.staticflickr.com/8603/15675847645_77a7c7085d_o.jpg,https://creativecommons.org/licenses/by/2.0/,accepted,4272,2848,0
21bf3a99e1062d37,https://farm8.staticflickr.com/4067/4572897554_463474ee23_o.jpg,https://creativecommons.org/licenses/by/2.0/,small,750,1000,0
d17a90592428389b,https://c4.staticflickr.com/8/7430/8725869419_01a3eb3217_o.jpg,https://creativecommons.org/licenses/by/2.0/,small,612,612,0
f3bd3adea149193b,https://c4.staticflickr.com/7/6066/6035543593_1359f8a877_o.jpg,https://creativecommons.org/licenses/by/2.0/,dead-429x4,,,0
a9c229552df9ac7c,https://c5.staticflickr.com/9/8443/7978415733_240b8a3b6d_o.jpg,https://creativecommons.org/licenses/by/2.0/,small,612,612,0
54303992f5236d91,https://farm2.staticflickr.com/3109/2552413690_9f74a2365f_o.jpg,https://creativecommons.org/licenses/by/2.0/,small,357,445,0
34b8a976d36bbaea,https://c3.staticflickr.com/4/3951/15635057771_749b9b11dd_o.jpg,https://creativecommons.org/licenses/by/2.0/,accepted,2500,1900,0
fd46859349e38489,https://c2.staticflickr.com/4/3927/15263222010_1e0f4ba900_o.jpg,https://creativecommons.org/licenses/by/2.0/,accepted,4696,3125,0
64d4e6c161a25dc2,https://farm3.staticflickr.com/3095/2561259485_eb27e3484e_o.jpg,https://creativecommons.org/licenses/by/2.0/,accepted,853,1280,0
d65c77fcaac8e71d,https://c8.staticflickr.com/3/2333/2277762913_e03c73f157_o.jpg,https://creativecommons.org/licenses/by/2.0/,accepted,873,1377,0
9fbad6990ec4a378,https://c1.staticflickr.com/1/228/518836065_ede65840cd_o.jpg,https://creativecommons.org/licenses/by/2.0/,dead-429x4,,,0
17fee497301f61c2,https://farm3.staticflickr.com/2761/4327477983_bafe7eba48_o.jpg,https://creativecommons.org/licenses/by/2.0/,dead-429x4,,,0
0237205b96aaf161,https://farm2.staticflickr.com/3167/2956366625_fa69ef645d_o.jpg,https://creativecommons.org/licenses/by/2.0/,dead-429x4,,,0
0816c7911a0ce7e7,https://farm8.staticflickr.com/8594/16007832706_22489ea9ef_o.jpg,https://creativecommons.org/licenses/by/2.0/,dead-429x4,,,0
516a089e0750d8d5,https://farm6.staticflickr.com/37/77055854_35bb0204a4_o.jpg,https://creativecommons.org/licenses/by/2.0/,dead-429x4,,,0
7cd991d9460860ff,https://c8.staticflickr.com/8/7359/12577420704_65c9f73bca_o.jpg,https://creativecommons.org/licenses/by/2.0/,dead-429x4,,,0
2d1541435b200bbc,https://c5.staticflickr.com/8/7123/7077586279_bea927a916_o.jpg,https://creativecommons.org/licenses/by/2.0/,dead-429x4,,,0
eda40e07b1211d06,https://farm7.staticflickr.com/7544/16231598326_9975f8112d_o.jpg,https://creativecommons.org/licenses/by/2.0/,dead-429x4,,,0
dd3a92d3d4325981,https://farm2.staticflickr.com/8683/16275478830_a4fe43157a_o.jpg,https://creativecommons.org/licenses/by/2.0/,dead-429x4,,,0
b8b5131362719783,https://farm4.staticflickr.com/8396/8604795319_833a0dd9e3_o.jpg,https://creativecommons.org/licenses/by/2.0/,dead-429x4,,,0
6a059891c3d55e38,https://c1.staticflickr.com/6/5720/22308683178_74a5f3b49c_o.jpg,https://creativecommons.org/licenses/by/2.0/,dead-429x4,,,0
3e69ecdbca811030,https://farm1.staticflickr.com/8459/8062647901_08ba989666_o.jpg,https://creativecommons.org/licenses/by/2.0/,dead-429x4,,,0
cd937648aa6b2696,https://farm7.staticflickr.com/6043/6290166342_7bf7a87321_o.jpg,https://creativecommons.org/licenses/by/2.0/,dead-429x4,,,0
17135174fbbf3301,https://farm2.staticflickr.com/3197/2835619435_2734b6c3af_o.jpg,https://creativecommons.org/licenses/by/2.0/,dead-429x4,,,0
a24501bfeb520a3c,https://c5.staticflickr.com/4/3417/3578092102_846549e532_o.jpg,https://creativecommons.org/licenses/by/2.0/,dead-429x4,,,0
b9908053bb59bdb2,https://farm3.staticflickr.com/3088/2703813838_d43338a1fd_o.jpg,https://creativecommons.org/licenses/by/2.0/,dead-429x4,,,0
fba001b9006cbeaa,https://c3.staticflickr.com/4/3515/4066277489_ebe8a05751_o.jpg,https://creativecommons.org/licenses/by/2.0/,dead-429x4,,,0
2f090487caca9f00,https://farm1.staticflickr.com/3341/4615268034_96e4d46d37_o.jpg,https://creativecommons.org/licenses/by/2.0/,dead-429x4,,,0
9514d801b590fc23,https://farm4.staticflickr.com/4033/4708066781_741130cdc4_o.jpg,https://creativecommons.org/licenses/by/2.0/,dead-429x4,,,0
255dc2a9628225ae,https://c7.staticflickr.com/2/1222/1473599614_2460928187_o.jpg,https://creativecommons.org/licenses/by/2.0/,dead-429x4,,,0
57e2aa997f7c6a44,https://farm5.staticflickr.com/3755/8942662144_3f1317d9d3_o.jpg,https://creativecommons.org/licenses/by/2.0/,dead-429x4,,,0
a947661dd845d0e7,https://farm8.staticflickr.com/5553/14877059433_87f0d9b95f_o.jpg,https://creativecommons.org/licenses/by/2.0/,dead-429x4,,,0
9116118661cfa029,https://c2.staticflickr.com/5/4128/5191197249_e9a900dcb9_o.jpg,https://creativecommons.org/licenses/by/2.0/,dead-429x4,,,0
8de196a07bd2229c,https://c5.staticflickr.com/3/2654/5816949436_2f20ee82ca_o.jpg,https://creativecommons.org/licenses/by/2.0/,dead-429x4,,,0
fc89180adc5c7317,https://farm8.staticflickr.com/4072/4443925028_6a6d0d240a_o.jpg,https://creativecommons.org/licenses/by/2.0/,dead-429x4,,,0
e7d343a509dcbba7,https://farm8.staticflickr.com/5328/7188658868_5783fc869f_o.jpg,https://creativecommons.org/licenses/by/2.0/,dead-429x4,,,0
4f88c180d377d79a,https://c3.staticflickr.com/8/7526/15358731253_6449264999_o.jpg,https://creativecommons.org/licenses/by/2.0/,dead-429x4,,,0
f083b1623c77356c,https://c5.staticflickr.com/6/5512/18683634569_fbcc361108_o.jpg,https://creativecommons.org/licenses/by/2.0/,dead-429x4,,,0
8f1c67568187a4d9,https://c2.staticflickr.com/6/5596/14550108908_b5e5bd32f6_o.jpg,https://creativecommons.org/licenses/by/2.0/,dead-429x4,,,0
ab2feb52ad5f3b53,https://farm4.staticflickr.com/3033/2561378289_1c22864357_o.jpg,https://creativecommons.org/licenses/by/2.0/,dead-429x4,,,0
706f9e90e31ee343,https://farm4.staticflickr.com/5060/5420215118_443d18896c_o.jpg,https://creativecommons.org/licenses/by/2.0/,dead-429x4,,,0
4dc006a0a7c61c2c,https://c5.staticflickr.com/9/8609/16525372978_148f8af9cc_o.jpg,https://creativecommons.org/licenses/by/2.0/,dead-429x4,,,1
08d5936efaa457f9,https://c2.staticflickr.com/8/7016/13276866055_2d582ef589_o.jpg,https://creativecommons.org/licenses/by/2.0/,dead-429x4,,,0
81c4e108088c21d3,https://farm4.staticflickr.com/3019/2565865676_d6db2c7486_o.jpg,https://creativecommons.org/licenses/by/2.0/,dead-429x4,,,0
ce4d42824e6075f6,https://farm7.staticflickr.com/5027/5611593217_b9ca1d26e5_o.jpg,https://creativecommons.org/licenses/by/2.0/,dead-429x4,,,0
4dd55a3e89aa6511,https://farm2.staticflickr.com/6080/6153207106_7ca550853c_o.jpg,https://creativecommons.org/licenses/by/2.0/,dead-429x4,,,0
4de86b95386502d0,https://farm1.staticflickr.com/597/20929663995_cdc2198d97_o.jpg,https://creativecommons.org/licenses/by/2.0/,dead-429x4,,,0
3ce9353aae8238b1,https://farm2.staticflickr.com/5115/14281643236_9337c22661_o.jpg,https://creativecommons.org/licenses/by/2.0/,dead-429x4,,,0
c0118f1c1e02647e,https://c7.staticflickr.com/4/3626/4056964410_3f57617f53_o.jpg,https://creativecommons.org/licenses/by/2.0/,dead-429x4,,,0
d627183b72ff9a1c,https://c5.staticflickr.com/4/3019/2969032860_a9c802a92a_o.jpg,https://creativecommons.org/licenses/by/2.0/,dead-429x4,,,0
653f805f00557874,https://farm5.staticflickr.com/3222/3143065991_e23f438a16_o.jpg,https://creativecommons.org/licenses/by/2.0/,dead-429x4,,,0
b980d69375872d57,https://farm8.staticflickr.com/7347/16574488332_a186b99bee_o.jpg,https://creativecommons.org/licenses/by/2.0/,accepted,4608,3456,0
74670575fc03661b,https://c4.staticflickr.com/4/3939/14941527753_4a970154f7_o.jpg,https://creativecommons.org/licenses/by/2.0/,dead-429x4,,,0
26f973648419d4a8,https://c1.staticflickr.com/6/5181/5660196821_78c80ceb74_o.jpg,https://creativecommons.org/licenses/by/2.0/,dead-429x4,,,0
5df435b817770857,https://farm8.staticflickr.com/1073/973390866_fb79daf834_o.jpg,https://creativecommons.org/licenses/by/2.0/,dead-429x4,,,0
4896caaf21255c52,https://farm3.staticflickr.com/2866/9092006484_e0627639e6_o.jpg,https://creativecommons.org/licenses/by/2.0/,dead-429x4,,,0
a44d39f878b61aa9,https://c2.staticflickr.com/8/7440/9362461860_54da57ae33_o.jpg,https://creativecommons.org/licenses/by/2.0/,dead-429x4,,,0
4ee4d18460a5f097,https://farm8.staticflickr.com/3789/10399917715_f224c649e1_o.jpg,https://creativecommons.org/licenses/by/2.0/,dead-429x4,,,0
e085ba0bdc704f78,https://c1.staticflickr.com/6/5004/5242466052_fb5dfb2cde_o.jpg,https://creativecommons.org/licenses/by/2.0/,dead-429x4,,,0
5578199d3bc10565,https://farm6.staticflickr.com/2920/14267147600_f4b087f7c7_o.jpg,https://creativecommons.org/licenses/by/2.0/,dead-429x4,,,0
a7ff7aea6320c693,https://farm4.staticflickr.com/4064/4609062297_7641b65179_o.jpg,https://creativecommons.org/licenses/by/2.0/,dead-429x4,,,0
57e23f2e9ec38dea,https://c3.staticflickr.com/4/3223/5798995686_2a359085a9_o.jpg,https://creativecommons.org/licenses/by/2.0/,dead-429x4,,,0
a61133ce046146a4,https://farm5.staticflickr.com/4048/4459212954_00e4f925a8_o.jpg,https://creativecommons.org/licenses/by/2.0/,dead-429x4,,,0
d4daf95ef9b91214,https://farm5.staticflickr.com/4056/4538463851_5c29f28bd1_o.jpg,https://creativecommons.org/licenses/by/2.0/,dead-429x4,,,0
bf7b0a5059e63391,https://farm2.staticflickr.com/5036/14035625744_69c0117137_o.jpg,https://creativecommons.org/licenses/by/2.0/,dead-429x4,,,0
74c9a0c1ab44e47f,https://c8.staticflickr.com/9/8799/17363635246_a20e01cfbd_o.jpg,https://creativecommons.org/licenses/by/2.0/,dead-429x4,,,0
890eb20e6fa1825c,https://c5.staticflickr.com/3/2332/1848240267_f692454819_o.jpg,https://creativecommons.org/licenses/by/2.0/,accepted,1172,892,0
950617238743472f,https://c8.staticflickr.com/6/5471/10371831203_87e3c78799_o.jpg,https://creativecommons.org/licenses/by/2.0/,small,710,908,0
9dc2fe2bbaf242db,https://c4.staticflickr.com/4/3940/15294011480_3637985147_o.jpg,https://creativecommons.org/licenses/by/2.0/,accepted,3986,2657,0
faa0ba7a9caa5894,https://farm5.staticflickr.com/4032/4332859219_f0a9969425_o.jpg,https://creativecommons.org/licenses/by/2.0/,accepted,1600,1200,0
c0786088c95b401b,https://c4.staticflickr.com/5/4046/4184288773_276d7fdf89_o.jpg,https://creativecommons.org/licenses/by/2.0/,accepted,1200,800,0
064e47e2061cc517,https://farm8.staticflickr.com/3759/13336037845_f8366ee265_o.jpg,https://creativecommons.org/licenses/by/2.0/,dead-404,,,0
b53f511ebf522fe6,https://farm7.staticflickr.com/7354/9671423930_eda4e8c87f_o.jpg,https://creativecommons.org/licenses/by/2.0/,accepted,1931,1287,0
64e01cd5145307d3,https://farm4.staticflickr.com/2727/4140327827_70d9789826_o.jpg,https://creativecommons.org/licenses/by/2.0/,accepted,1600,1067,0
3ba1c115542c0e4d,https://c6.staticflickr.com/6/5174/5579672720_1f74235e76_o.jpg,https://creativecommons.org/licenses/by/2.0/,dead-404,,,0
e4229629ec9de00d,https://c6.staticflickr.com/3/2726/5831329903_0c8d1fb53e_o.jpg,https://creativecommons.org/licenses/by/2.0/,accepted,3648,2736,0
4e24222b68123ef3,https://farm4.staticflickr.com/8310/8034306523_a0358da43f_o.jpg,https://creativecommons.org/licenses/by/2.0/,accepted,2448,3264,0
d740a9d14d80a99d,https://c6.staticflickr.com/1/273/19732368415_12fabaaf89_o.jpg,https://creativecommons.org/licenses/by/2.0/,dead-404,,,0
1fcd36aa10ce8cae,https://c7.staticflickr.com/4/3390/4611536009_581ba6a1a3_o.jpg,https://creativecommons.org/licenses/by/2.0/,accepted,2048,1539,0
ce52a02e0fc54539,https://c2.staticflickr.com/4/3323/4623791230_c4c09bbde5_o.jpg,https://creativecommons.org/licenses/by/2.0/,small,1200,674,0
f2fbceebb45c2260,https://farm1.staticflickr.com/8230/8435557540_5554c52a07_o.jpg,https://creativecommons.org/licenses/by/2.0/,dead-429x4,,,0
d3f2d2db9ea8ac87,https://farm8.staticflickr.com/4125/4989310546_8c87e3c7a1_o.jpg,https://creativecommons.org/licenses/by/2.0/,dead-429x4,,,0
3a29883d6657f68b,https://c4.staticflickr.com/3/2887/12552131393_975be49d2b_o.jpg,https://creativecommons.org/licenses/by/2.0/,dead-429x4,,,0
4cd7a8bd4aa7ec8f,https://c8.staticflickr.com/9/8206/8219939960_005fb68571_o.jpg,https://creativecommons.org/licenses/by/2.0/,dead-429x4,,,0
e0c3797b4d920b25,https://farm6.staticflickr.com/7056/7145455423_63fd4cc55d_o.jpg,https://creativecommons.org/licenses/by/2.0/,dead-429x4,,,0
223badf47c5d818b,https://c4.staticflickr.com/1/158/398535106_b56a87ec03_o.jpg,https://creativecommons.org/licenses/by/2.0/,dead-429x4,,,0
329ca254fc35b570,https://farm1.staticflickr.com/2564/3771213960_eb114c7875_o.jpg,https://creativecommons.org/licenses/by/2.0/,dead-429x4,,,0
2b844596f13b4c98,https://c1.staticflickr.com/4/3469/3782223411_560e3f3f8d_o.jpg,https://creativecommons.org/licenses/by/2.0/,dead-429x4,,,0
8c81a496faac7341,https://farm2.staticflickr.com/6024/5905663559_37884035b2_o.jpg,https://creativecommons.org/licenses/by/2.0/,dead-429x4,,,0
725402fc5a668f8c,https://c5.staticflickr.com/8/7607/16126134554_62e3899b54_o.jpg,https://creativecommons.org/licenses/by/2.0/,dead-429x4,,,0
284f821bec7df36b,https://c4.staticflickr.com/4/3887/14807372897_0927a005ef_o.jpg,https://creativecommons.org/licenses/by/2.0/,dead-429x4,,,0
c6e7bbf088a7e6af,https://c8.staticflickr.com/9/8645/15318217144_813d54f596_o.jpg,https://creativecommons.org/licenses/by/2.0/,dead-429x4,,,0
37f4e50bb51600dc,https://c5.staticflickr.com/4/3314/4613927057_7c733eea4b_o.jpg,https://creativecommons.org/licenses/by/2.0/,dead-429x4,,,0
3069a58c04f8ea9d,https://c6.staticflickr.com/6/5014/5555259553_684ef5f3a8_o.jpg,https://creativecommons.org/licenses/by/2.0/,dead-429x4,,,0
fc0267df821a887d,https://c6.staticflickr.com/4/3465/3849303399_2661d6439e_o.jpg,https://creativecommons.org/licenses/by/2.0/,dead-429x4,,,0
30080d87fc37bee1,https://farm2.staticflickr.com/7174/6497869127_1bd1004a56_o.jpg,https://creativecommons.org/licenses/by/2.0/,dead-404,,,0
dbccdad432960952,https://farm3.staticflickr.com/3562/3457714371_d8e8027585_o.jpg,https://creativecommons.org/licenses/by/2.0/,accepted,3648,2736,0
c3d65ef2bfd92320,https://farm1.staticflickr.com/3956/15604580566_1b42b8cd19_o.jpg,https://creativecommons.org/licenses/by/2.0/,accepted,2048,1536,0
94fff6bdd55d9279,https://c2.staticflickr.com/8/7284/16969245451_feea990140_o.jpg,https://creativecommons.org/licenses/by/2.0/,accepted,6000,4000,0
fc0a1a2b56d129f1,https://farm2.staticflickr.com/5547/14148662411_06f9350dc5_o.jpg,https://creativecommons.org/licenses/by/2.0/,accepted,5472,3648,0
a78eda92f1a3c6d5,https://farm6.staticflickr.com/7276/7130261889_1d4cb7c914_o.jpg,https://creativecommons.org/licenses/by/2.0/,accepted,4608,3456,0
0d73caebb7a63351,https://farm2.staticflickr.com/3192/3085948363_6b1cd641bf_o.jpg,https://creativecommons.org/licenses/by/2.0/,accepted,2135,2682,0
277f8ab65ddf8eaf,https://c8.staticflickr.com/3/2688/4503546626_348e8a1972_o.jpg,https://creativecommons.org/licenses/by/2.0/,accepted,2592,1944,0
ece5b73978857bd3,https://farm4.staticflickr.com/3795/11406824874_48652171bd_o.jpg,https://creativecommons.org/licenses/by/2.0/,accepted,1920,1200,0
3fec3b9feac65f6a,https://c3.staticflickr.com/5/4040/4562499605_3d4bde606e_o.jpg,https://creativecommons.org/licenses/by/2.0/,accepted,3664,2748,0
3a6c0175e8ad0e61,https://farm2.staticflickr.com/8240/8505340708_9ca3b20b2b_o.jpg,https://creativecommons.org/licenses/by/2.0/,dead-404,,,0
fe74db66cfd0590b,https://c4.staticflickr.com/8/7001/6587426527_9a26521dde_o.jpg,https://creativecommons.org/licenses/by/2.0/,accepted,2272,1704,0
4c01e7ba0e29df8c,https://c5.staticflickr.com/7/6022/6014241547_4cbe3cdedd_o.jpg,https://creativecommons.org/licenses/by/2.0/,accepted,3648,2736,0
26a220dc46e5e56c,https://c5.staticflickr.com/6/5476/9059282573_46bc78c48b_o.jpg,https://creativecommons.org/licenses/by/2.0/,accepted,3463,2893,0
3151bc45702cdb5c,https://c5.staticflickr.com/3/2552/4451056157_cfcdf16193_o.jpg,https://creativecommons.org/licenses/by/2.0/,accepted,3056,2292,0
42e963e9a3b35f45,https://farm6.staticflickr.com/8003/7564318142_7781d344b0_o.jpg,https://creativecommons.org/licenses/by/2.0/,accepted,1845,2048,0
f28e197ca9fa3189,https://c2.staticflickr.com/5/4143/4795881680_5d45193f81_o.jpg,https://creativecommons.org/licenses/by/2.0/,small,525,700,0
5914652d54179cb8,https://c1.staticflickr.com/7/6169/6198429872_4df73a18a4_o.jpg,https://creativecommons.org/licenses/by/2.0/,accepted,2304,3072,0
4fa7c4192dde38d6,https://farm7.staticflickr.com/3873/15215315132_6828191b25_o.jpg,https://creativecommons.org/licenses/by/2.0/,dead-404,,,0
1f033af8fc7682e6,https://farm7.staticflickr.com/6117/6372376279_423cae0863_o.jpg,https://creativecommons.org/licenses/by/2.0/,accepted,2398,2997,0
caeeaefae405402a,https://c3.staticflickr.com/4/3064/2769620556_382a79aece_o.jpg,https://creativecommons.org/licenses/by/2.0/,accepted,3648,2736,0
561f1cadde8c0725,https://farm6.staticflickr.com/4153/5029297487_4fa7c9db93_o.jpg,https://creativecommons.org/licenses/by/2.0/,accepted,852,1280,0
a95a0ee95f54f833,https://farm4.staticflickr.com/7078/7261905170_5f034f046e_o.jpg,https://creativecommons.org/licenses/by/2.0/,accepted,3648,2736,0
f811037c930b372a,https://c3.staticflickr.com/1/73/153986329_8c3c45267c_o.jpg,https://creativecommons.org/licenses/by/2.0/,small,800,600,0
f35353824f7e1192,https://farm3.staticflickr.com/2712/4493180016_40873154e3_o.jpg,https://creativecommons.org/licenses/by/2.0/,small,500,375,0
3d52f702cfd842af,https://c8.staticflickr.com/1/477/18731129026_f413d9f531_o.jpg,https://creativecommons.org/licenses/by/2.0/,dead-404,,,0
8f1ea5e11dbc40e5,https://farm6.staticflickr.com/2648/3780451000_5e3f760678_o.jpg,https://creativecommons.org/licenses/by/2.0/,accepted,1280,849,0
360e636ce1754acb,https://c4.staticflickr.com/5/4124/5021452946_e46d082cce_o.jpg,https://creativecommons.org/licenses/by/2.0/,accepted,910,1280,0
9c5f95b4db858a9c,https://c5.staticflickr.com/4/3221/5709055569_eb6c6d2910_o.jpg,https://creativecommons.org/licenses/by/2.0/,accepted,4557,3418,0
e2daf7ef50cac4ed,https://c6.staticflickr.com/4/3871/14741371024_8ce4579b25_o.jpg,https://creativecommons.org/licenses/by/2.0/,accepted,3264,2448,0
c14d3c41fc33b1c0,https://farm1.staticflickr.com/5085/5314071529_4e5233ef00_o.jpg,https://creativecommons.org/licenses/by/2.0/,accepted,2288,1712,0
1f16c49c14b01b90,https://farm1.staticflickr.com/7014/6606674067_e205d4f6ff_o.jpg,https://creativecommons.org/licenses/by/2.0/,accepted,2048,1360,0
fd3ba4d83a82aecc,https://c5.staticflickr.com/3/2086/2158364605_ccac52299f_o.jpg,https://creativecommons.org/licenses/by/2.0/,accepted,3008,2000,0
b067b659149c2844,https://farm5.staticflickr.com/99/285849339_e506e90c45_o.jpg,https://creativecommons.org/licenses/by/2.0/,dead-404,,,0
a73d0bbdf59ac4bf,https://c8.staticflickr.com/4/3234/3469066151_c286fefa84_o.jpg,https://creativecommons.org/licenses/by/2.0/,accepted,2880,2160,0
27e86eb4b2f3bf36,https://farm7.staticflickr.com/5612/15646350670_2745f139a6_o.jpg,https://creativecommons.org/licenses/by/2.0/,accepted,1918,1918,0
5f3e35510132c638,https://c1.staticflickr.com/2/1313/902123592_a1dcd80631_o.jpg,https://creativecommons.org/licenses/by/2.0/,accepted,3888,2588,0
e2674053b8a0c6c4,https://farm5.staticflickr.com/7022/6516787445_8b50abb95c_o.jpg,https://creativecommons.org/licenses/by/2.0/,dead-404,,,0
a9bfe6b80b90df13,https://farm4.staticflickr.com/3943/15049036993_7ba1a5e330_o.jpg,https://creativecommons.org/licenses/by/2.0/,accepted,1536,2048,0
46451248f4622dee,https://c7.staticflickr.com/3/2497/3878057347_f5cfcbb1a8_o.jpg,https://creativecommons.org/licenses/by/2.0/,accepted,3264,2448,0
656abc78a9534c08,https://c1.staticflickr.com/2/1060/3267765476_67653a54c7_o.jpg,https://creativecommons.org/licenses/by/2.0/,accepted,1038,1344,0
e98b60974acb6de1,https://farm2.staticflickr.com/7085/7351293256_4b781f6552_o.jpg,https://creativecommons.org/licenses/by/2.0/,dead-404,,,0
07e132007696f157,https://farm8.staticflickr.com/8883/18240285132_5d87ed0064_o.jpg,https://creativecommons.org/licenses/by/2.0/,accepted,6048,4032,0
6a007d6f6df275ce,https://c7.staticflickr.com/6/5212/5403635188_4cc1d7e659_o.jpg,https://creativecommons.org/licenses/by/2.0/,accepted,2894,3078,0
9128efe34e6e541e,https://c7.staticflickr.com/4/3703/12733313715_1e71e0a9f6_o.jpg,https://creativecommons.org/licenses/by/2.0/,accepted,2753,2202,0
214a4b9be6fdd6c2,https://farm3.staticflickr.com/222/522494655_1e0e61ae1a_o.jpg,https://creativecommons.org/licenses/by/2.0/,accepted,1600,1200,0
9f2c5c2dd52a727b,https://c4.staticflickr.com/4/3754/9526903556_c1262c3520_o.jpg,https://creativecommons.org/licenses/by/2.0/,accepted,4310,2868,0
99851f2f5264a622,https://farm3.staticflickr.com/5166/5228811465_842db4c9d6_o.jpg,https://creativecommons.org/licenses/by/2.0/,accepted,3488,2616,0
cbdbf9883eb51e7c,https://c5.staticflickr.com/9/8327/8431349272_999e7f34b0_o.jpg,https://creativecommons.org/licenses/by/2.0/,accepted,3008,2000,0
9230ae30d9d9702a,https://c3.staticflickr.com/5/4012/4212825340_b0329ef496_o.jpg,https://creativecommons.org/licenses/by/2.0/,accepted,4288,2848,0
4237bb524085fe80,https://farm1.staticflickr.com/4154/4978226025_22df2cd2ab_o.jpg,https://creativecommons.org/licenses/by/2.0/,accepted,1152,864,0
6b53dab4ef57aada,https://c3.staticflickr.com/4/3116/3192504330_dbff20825a_o.jpg,https://creativecommons.org/licenses/by/2.0/,accepted,1600,1067,0
978502eef1aa0d13,https://farm4.staticflickr.com/3218/2729871516_a0694f38e9_o.jpg,https://creativecommons.org/licenses/by/2.0/,accepted,4272,2848,0
8f7920b0454d0d83,https://farm4.staticflickr.com/4026/4205539867_6fbb8baeaa_o.jpg,https://creativecommons.org/licenses/by/2.0/,small,500,500,0
46f0a6283ce0eae1,https://farm2.staticflickr.com/8489/8187731516_c48264d5ec_o.jpg,https://creativecommons.org/licenses/by/2.0/,accepted,1800,1200,0
8622a0fa4101915c,https://c5.staticflickr.com/4/3190/2998646120_83d1daa09d_o.jpg,https://creativecommons.org/licenses/by/2.0/,dead-404,,,0
76a4ee349b7a53eb,https://c4.staticflickr.com/2/1308/661577479_a9ff2e7568_o.jpg,https://creativecommons.org/licenses/by/2.0/,accepted,1536,2048,0
511477fc08657338,https://c1.staticflickr.com/5/4039/4628708969_0620f4d71d_o.jpg,https://creativecommons.org/licenses/by/2.0/,dead-404,,,0
a05bd4e4dc519d9d,https://c6.staticflickr.com/9/8310/7985376727_b545bdf002_o.jpg,https://creativecommons.org/licenses/by/2.0/,dead-404,,,0
df1d740434c70da8,https://c1.staticflickr.com/4/3595/3774444215_6f59f59e95_o.jpg,https://creativecommons.org/licenses/by/2.0/,small,1024,683,0
7346721d1818fba2,https://farm3.staticflickr.com/5001/5351402998_fbf9c79df5_o.jpg,https://creativecommons.org/licenses/by/2.0/,accepted,3225,4144,0
5b75c998aaf46d61,https://farm2.staticflickr.com/2427/3560883185_6e2e0d248a_o.jpg,https://creativecommons.org/licenses/by/2.0/,small,624,831,0
d7d26b83cc0f7a06,https://farm7.staticflickr.com/2876/11918051683_58dbdea9d8_o.jpg,https://creativecommons.org/licenses/by/2.0/,small,1024,683,0
772062f780499143,https://farm4.staticflickr.com/3632/3369106826_1b3f06db7d_o.jpg,https://creativecommons.org/licenses/by/2.0/,small,600,450,0
b2778e590c0b9c75,https://farm6.staticflickr.com/3689/19955796011_21e5b3e108_o.jpg,https://creativecommons.org/licenses/by/2.0/,accepted,2994,4491,0
8f79a6a7e9703602,https://farm3.staticflickr.com/2948/15304379120_d7d7a3d9ac_o.jpg,https://creativecommons.org/licenses/by/2.0/,accepted,2181,2563,0
034530143f388715,https://farm6.staticflickr.com/34/73305500_1573cd0d5e_o.jpg,https://creativecommons.org/licenses/by/2.0/,accepted,2048,1536,0
ef06b701061b0838,https://c1.staticflickr.com/4/3395/12995644695_2900db63c2_o.jpg,https://creativecommons.org/licenses/by/2.0/,accepted,2688,4992,0
3600648a3139fb09,https://c2.staticflickr.com/9/8722/16389907464_e390f00366_o.jpg,https://creativecommons.org/licenses/by/2.0/,dead-404,,,0
33e9c797aadc13ea,https://c3.staticflickr.com/4/3722/9240001024_4c6f8931d3_o.jpg,https://creativecommons.org/licenses/by/2.0/,accepted,3840,2160,0
53d655a363955c91,https://farm2.staticflickr.com/7276/13904793121_fd0231d91e_o.jpg,https://creativecommons.org/licenses/by/2.0/,accepted,2128,2018,0
0ea657df47f0dcbb,https://c4.staticflickr.com/1/59/165171537_d5c9ab2b5a_o.jpg,https://creativecommons.org/licenses/by/2.0/,accepted,2048,1536,1
5b80f63cbb821353,https://farm4.staticflickr.com/2548/3938834294_b0114bb165_o.jpg,https://creativecommons.org/licenses/by/2.0/,accepted,3264,2448,0
8110c58c9dcfba36,https://farm7.staticflickr.com/8639/16420108385_23bd77a5df_o.jpg,https://creativecommons.org/licenses/by/2.0/,accepted,3264,1685,0
34d7b37c6b457040,https://farm1.staticflickr.com/5492/10386354904_d154098bc9_o.jpg,https://creativecommons.org/licenses/by/2.0/,accepted,4920,3268,0
5c5e083a2b33c597,https://farm8.staticflickr.com/3862/15204098667_eab1b29cd4_o.jpg,https://creativecommons.org/licenses/by/2.0/,accepted,1574,1166,0
47a0e7daf58ea8c1,https://farm2.staticflickr.com/7200/7142914205_bca6ba00bf_o.jpg,https://creativecommons.org/licenses/by/2.0/,dead-404,,,0
4380008043542802,https://farm3.staticflickr.com/7629/17131334776_dcf8a8e8dd_o.jpg,https://creativecommons.org/licenses/by/2.0/,dead-404,,,0
735b6a119098ff56,https://farm7.staticflickr.com/7230/7381345490_39a2b3cd53_o.jpg,https://creativecommons.org/licenses/by/2.0/,dead-404,,,0
078a836c2a6c0d7a,https://c3.staticflickr.com/4/3602/3569643820_fa6794feb1_o.jpg,https://creativecommons.org/licenses/by/2.0/,accepted,3264,2448,0
508f0a75156e5fd4,https://farm5.staticflickr.com/2335/5816617849_c14438cf35_o.jpg,https://creativecommons.org/licenses/by/2.0/,dead-429x4,,,0
ae1a6e32c31b23cf,https://c8.staticflickr.com/1/581/21283308031_23472fe403_o.jpg,https://creativecommons.org/licenses/by/2.0/,dead-429x4,,,0
2b64b976ad4eb667,https://farm8.staticflickr.com/7228/7284667796_f3a7d88e33_o.jpg,https://creativecommons.org/licenses/by/2.0/,dead-429x4,,,0
c7c4f2d4dc89bb27,https://farm8.staticflickr.com/191/509802706_13193100d1_o.jpg,https://creativecommons.org/licenses/by/2.0/,dead-429x4,,,0
f73d507168d1746c,https://c5.staticflickr.com/8/7056/6776802494_68834a187b_o.jpg,https://creativecommons.org/licenses/by/2.0/,accepted,2048,1536,0
5a3f94aa35766f31,https://farm2.staticflickr.com/4072/4590362038_1b44715cd2_o.jpg,https://creativecommons.org/licenses/by/2.0/,accepted,1942,1573,0
54920c65b10d266b,https://c4.staticflickr.com/7/6205/6063294288_2519fe7176_o.jpg,https://creativecommons.org/licenses/by/2.0/,accepted,2292,1529,0
c691ff3c750236fb,https://c4.staticflickr.com/2/1382/1109739323_ec7ccf7c61_o.jpg,https://creativecommons.org/licenses/by/2.0/,accepted,5599,2036,0
0e824294a2a8d4b2,https://farm3.staticflickr.com/3647/3392610034_60c569fbe0_o.jpg,https://creativecommons.org/licenses/by/2.0/,dead-404,,,1
2045a7efb3ad6815,https://farm6.staticflickr.com/547/18320100064_ef9283fffb_o.jpg,https://creativecommons.org/licenses/by/2.0/,accepted,2500,1656,0
7a18cc3a0bb314fe,https://c7.staticflickr.com/1/22/31339662_99d7648ae0_o.jpg,https://creativecommons.org/licenses/by/2.0/,small,414,452,0
eb460b1d36fc1b88,https://c1.staticflickr.com/6/5204/5269182119_bab778397c_o.jpg,https://creativecommons.org/licenses/by/2.0/,accepted,4416,3312,0
fa291bbfa252ba54,https://farm5.staticflickr.com/128/352964794_363f982bf2_o.jpg,https://creativecommons.org/licenses/by/2.0/,accepted,1024,768,0
249f174ee917ab1d,https://c6.staticflickr.com/9/8111/8528122124_02d7d3e6b5_o.jpg,https://creativecommons.org/licenses/by/2.0/,accepted,4272,2848,0
c62bf051fce64e4d,https://c6.staticflickr.com/4/3934/15297987300_8e5b71d822_o.jpg,https://creativecommons.org/licenses/by/2.0/,accepted,1200,799,0
d5f07dd1d66ff661,https://farm2.staticflickr.com/150/338366206_f75f57c6d8_o.jpg,https://creativecommons.org/licenses/by/2.0/,accepted,2592,1944,0
8a3777a25f493742,https://farm3.staticflickr.com/7386/12485114885_110fbff009_o.jpg,https://creativecommons.org/licenses/by/2.0/,small,948,711,1
1ecc0db941d92657,https://farm8.staticflickr.com/4065/4325266886_8df552d93e_o.jpg,https://creativecommons.org/licenses/by/2.0/,accepted,2008,1138,0
0bef695c9183119a,https://c3.staticflickr.com/9/8415/8946821664_50d9a9b46b_o.jpg,https://creativecommons.org/licenses/by/2.0/,small,640,480,0
cc48b0317ccde1c4,https://farm5.staticflickr.com/3230/3082913552_aa71ed60fb_o.jpg,https://creativecommons.org/licenses/by/2.0/,accepted,1688,1125,0
7fa25536f608af03,https://farm4.staticflickr.com/4122/4911989654_0a8062c66a_o.jpg,https://creativecommons.org/licenses/by/2.0/,accepted,1480,1048,0
effdc08e09223c83,https://farm4.staticflickr.com/50/145851944_d7b91f9ded_o.jpg,https://creativecommons.org/licenses/by/2.0/,small,701,527,0
b74e6caff7b0229a,https://c3.staticflickr.com/7/6058/6244640734_ac0c160ccd_o.jpg,https://creativecommons.org/licenses/by/2.0/,accepted,2624,1901,0
0544f3c78a580ff4,https://farm5.staticflickr.com/1073/4610731708_e219a0f1a9_o.jpg,https://creativecommons.org/licenses/by/2.0/,accepted,1600,1200,0
6748e442d1e851b9,https://c2.staticflickr.com/1/215/454418271_dd9cc5e033_o.jpg,https://creativecommons.org/licenses/by/2.0/,small,800,600,0
ee267b62fd17a9b1,https://farm2.staticflickr.com/3416/4646111711_5d1938b583_o.jpg,https://creativecommons.org/licenses/by/2.0/,dead-429x4,,,0
922f5338ce970728,https://c1.staticflickr.com/6/5140/5474359246_92e8968d26_o.jpg,https://creativecommons.org/licenses/by/2.0/,dead-429x4,,,0
d5c1f086ca201e71,https://farm2.staticflickr.com/2298/5790046992_9928fc6b5c_o.jpg,https://creativecommons.org/licenses/by/2.0/,dead-429x4,,,0
64a315e8b5fb323c,https://c5.staticflickr.com/6/5588/14878444338_c31e63852c_o.jpg,https://creativecommons.org/licenses/by/2.0/,dead-429x4,,,0
aaf0a059ee2bc956,https://farm7.staticflickr.com/4126/4999387720_ccb608cbc0_o.jpg,https://creativecommons.org/licenses/by/2.0/,dead-429x4,,,0
ecc6ef5a2c4dc915,https://farm6.staticflickr.com/1063/1455370228_9fd977072d_o.jpg,https://creativecommons.org/licenses/by/2.0/,dead-429x4,,,0
afba99140e65b086,https://farm7.staticflickr.com/8182/7966214618_e4231c6f9c_o.jpg,https://creativecommons.org/licenses/by/2.0/,dead-429x4,,,0
f985fe96a1abe941,https://farm2.staticflickr.com/2493/3749244036_224131e37c_o.jpg,https://creativecommons.org/licenses/by/2.0/,dead-429x4,,,0
e5c597387e72870c,https://c5.staticflickr.com/8/7646/16574132457_3264e4d563_o.jpg,https://creativecommons.org/licenses/by/2.0/,dead-429x4,,,0
2ddf0daf6b0c5b54,https://farm5.staticflickr.com/4010/4646949821_6d5dcc7bfb_o.jpg,https://creativecommons.org/licenses/by/2.0/,dead-429x4,,,0
7a7e0a47485441b3,https://farm4.staticflickr.com/28/46965974_fa7e6a6db3_o.jpg,https://creativecommons.org/licenses/by/2.0/,dead-429x4,,,0
f4fff941fd8ed479,https://c2.staticflickr.com/8/7280/7633681798_cb76241fa0_o.jpg,https://creativecommons.org/licenses/by/2.0/,dead-429x4,,,0
db99afa7871305d5,https://farm6.staticflickr.com/5577/14507693980_3322b8339d_o.jpg,https://creativecommons.org/licenses/by/2.0/,dead-429x4,,,0
75c0d92f037832cb,https://c4.staticflickr.com/8/7350/8724313005_28cde0c8cf_o.jpg,https://creativecommons.org/licenses/by/2.0/,dead-429x4,,,0
d1546fbeabf05496,https://farm7.staticflickr.com/8213/8368930583_c29cfdc326_o.jpg,https://creativecommons.org/licenses/by/2.0/,dead-429x4,,,0
6afeb8efa7c41603,https://farm4.staticflickr.com/7030/6634211407_5c7bb00983_o.jpg,https://creativecommons.org/licenses/by/2.0/,dead-429x4,,,0
9ff070bff835a3b9,https://c2.staticflickr.com/4/3820/10810196273_cf28531c5e_o.jpg,https://creativecommons.org/licenses/by/2.0/,dead-429x4,,,0
1c744a56b31d0d1f,https://c8.staticflickr.com/4/3889/14661242474_72e2c75c6a_o.jpg,https://creativecommons.org/licenses/by/2.0/,accepted,1690,1122,0
6e3c9e383a4e5167,https://farm8.staticflickr.com/3157/3008658087_72be9533e8_o.jpg,https://creativecommons.org/licenses/by/2.0/,small,800,536,0
34b65dafe328d39e,https://c7.staticflickr.com/2/1440/617831384_26f7e709e0_o.jpg,https://creativecommons.org/licenses/by/2.0/,small,800,600,0
f7f8f53e9c3069c4,https://farm5.staticflickr.com/4137/4744712151_11722ef6b4_o.jpg,https://creativecommons.org/licenses/by/2.0/,accepted,1600,1064,0
870b721faf7b475d,https://c6.staticflickr.com/8/7408/16448535546_7edf73f339_o.jpg,https://creativecommons.org/licenses/by/2.0/,accepted,5472,3648,0
9abee97e903a6145,https://farm6.staticflickr.com/8043/8430672320_d98d8d4a19_o.jpg,https://creativecommons.org/licenses/by/2.0/,small,612,612,0
4c70110452267e9e,https://c7.staticflickr.com/5/4023/4532388213_0a246f33b1_o.jpg,https://creativecommons.org/licenses/by/2.0/,dead-404,,,0
9999f906185a618c,https://c5.staticflickr.com/3/2293/2089183117_fddba5682d_o.jpg,https://creativecommons.org/licenses/by/2.0/,accepted,2048,1536,0
92bf588e9d92f605,https://farm6.staticflickr.com/3553/3667317856_5f20ffe21e_o.jpg,https://creativecommons.org/licenses/by/2.0/,accepted,1600,1200,0
65f8d16eaf291cce,https://c7.staticflickr.com/8/7430/12232249916_d5966b8b3a_o.jpg,https://creativecommons.org/licenses/by/2.0/,accepted,5184,3456,0
23be40c20d455375,https://farm6.staticflickr.com/3019/2797882828_bd162965ce_o.jpg,https://creativecommons.org/licenses/by/2.0/,accepted,2592,1944,0
8812ede523dc2cfd,https://c6.staticflickr.com/7/6207/6124470347_3ab1e444ef_o.jpg,https://creativecommons.org/licenses/by/2.0/,accepted,5146,3400,0
c6c69f5252905776,https://farm7.staticflickr.com/8213/8274985699_6c736ac74b_o.jpg,https://creativecommons.org/licenses/by/2.0/,accepted,5184,3456,0
ffb8745abd6e8e52,https://farm3.staticflickr.com/2196/1560477619_2679fc67b9_o.jpg,https://creativecommons.org/licenses/by/2.0/,accepted,2048,1536,0
7aae420292b21ca9,https://c2.staticflickr.com/7/6025/6203515618_ab360237a6_o.jpg,https://creativecommons.org/licenses/by/2.0/,small,720,540,0
5b66429a5324f077,https://farm8.staticflickr.com/8665/16140718067_fc4f62686a_o.jpg,https://creativecommons.org/licenses/by/2.0/,dead-404,,,0
8dd1ea08c74ef09f,https://c8.staticflickr.com/9/8732/16346908843_2a88925558_o.jpg,https://creativecommons.org/licenses/by/2.0/,small,1024,678,0
74e64cce8c0e54fd,https://c6.staticflickr.com/7/6233/6270996795_b4c1dfd541_o.jpg,https://creativecommons.org/licenses/by/2.0/,small,660,600,0
7de8be65c780b5da,https://c3.staticflickr.com/2/1391/560752974_87e0028902_o.jpg,https://creativecommons.org/licenses/by/2.0/,dead-429x4,,,0
c76b8a5325661496,https://farm7.staticflickr.com/2403/2389800715_e24ffa3d5f_o.jpg,https://creativecommons.org/licenses/by/2.0/,dead-429x4,,,0
c7312a8b436f5e90,https://farm1.staticflickr.com/7151/6553822717_640805c32e_o.jpg,https://creativecommons.org/licenses/by/2.0/,dead-429x4,,,0
055c911dc0d40d0d,https://c6.staticflickr.com/9/8376/8414701562_e868cf289c_o.jpg,https://creativecommons.org/licenses/by/2.0/,dead-429x4,,,0
5776f639c0302d72,https://farm3.staticflickr.com/1276/1244535186_a200fb76dd_o.jpg,https://creativecommons.org/licenses/by/2.0/,dead-429x4,,,0
592e029deb4fe7d9,https://c2.staticflickr.com/2/1129/756439043_7a06249848_o.jpg,https://creativecommons.org/licenses/by/2.0/,accepted,2048,3072,0
3067441dbc504455,https://farm6.staticflickr.com/169/458152120_87de9df821_o.jpg,https://creativecommons.org/licenses/by/2.0/,accepted,2048,1466,0
eb8a27e1fc9506a0,https://farm1.staticflickr.com/3067/3099535847_9ca7e53c52_o.jpg,https://creativecommons.org/licenses/by/2.0/,small,640,427,0
7a3df8b7ff0fa4b4,https://farm5.staticflickr.com/7785/17187352427_93b659f731_o.jpg,https://creativecommons.org/licenses/by/2.0/,dead-404,,,0
fbaba818fcd88bed,https://c6.staticflickr.com/7/6028/6199452107_264c4f361a_o.jpg,https://creativecommons.org/licenses/by/2.0/,accepted,2592,1456,0
4b9ed4dcbe4c4faf,https://c8.staticflickr.com/5/4014/4534806435_95def1b773_o.jpg,https://creativecommons.org/licenses/by/2.0/,accepted,826,826,0
f755ce788eb217b3,https://farm4.staticflickr.com/1237/4724823642_8e5050c694_o.jpg,https://creativecommons.org/licenses/by/2.0/,dead-429x4,,,0
8c68796f1380139a,https://c3.staticflickr.com/1/750/20093654424_870a4121ab_o.jpg,https://creativecommons.org/licenses/by/2.0/,accepted,4288,2848,0
0b5357531bc00419,https://c2.staticflickr.com/1/7/11709607_652f25a747_o.jpg,https://creativecommons.org/licenses/by/2.0/,dead-404,,,0
87432048d6353db9,https://c2.staticflickr.com/4/3030/2770943755_942a78d379_o.jpg,https://creativecommons.org/licenses/by/2.0/,dead-404,,,0
bb1112f2adc16490,https://farm1.staticflickr.com/5478/9252244784_29c00cfd4d_o.jpg,https://creativecommons.org/licenses/by/2.0/,accepted,4748,3055,0
477f402461a9722f,https://c8.staticflickr.com/4/3024/2557487925_04723c236f_o.jpg,https://creativecommons.org/licenses/by/2.0/,dead-429x4,,,0
39e0f4086771cca5,https://farm6.staticflickr.com/3761/8791899075_9dfdd6e3cb_o.jpg,https://creativecommons.org/licenses/by/2.0/,accepted,1669,878,0
e6d4980da456578a,https://c3.staticflickr.com/8/7256/6886834770_919a38cb29_o.jpg,https://creativecommons.org/licenses/by/2.0/,small,612,612,0
a19f32649e5922bf,https://c8.staticflickr.com/2/1394/1120211784_2d46b44c47_o.jpg,https://creativecommons.org/licenses/by/2.0/,accepted,3504,2336,0
19945034b7ddd8d5,https://farm6.staticflickr.com/2830/10900195426_ee502db521_o.jpg,https://creativecommons.org/licenses/by/2.0/,dead-429x4,,,0
9c6698e30a93b05c,https://c5.staticflickr.com/4/3745/8883579607_16c8e060ef_o.jpg,https://creativecommons.org/licenses/by/2.0/,dead-429x4,,,0
84d950ec0d01c200,https://farm1.staticflickr.com/2413/2116773465_7628c03cfc_o.jpg,https://creativecommons.org/licenses/by/2.0/,accepted,2048,1536,0
63e64f3b44c7acfc,https://c5.staticflickr.com/3/2091/2200209132_b59353a49d_o.jpg,https://creativecommons.org/licenses/by/2.0/,dead-404,,,0
4fdcd3df7c6d8c72,https://farm3.staticflickr.com/3154/2525458936_bcb757f833_o.jpg,https://creativecommons.org/licenses/by/2.0/,accepted,2048,1536,0
cb0b3d15d2c737b4,https://farm5.staticflickr.com/2759/4174206563_5e5abcba2b_o.jpg,https://creativecommons.org/licenses/by/2.0/,accepted,4272,2848,0
f70c970567d702a9,https://c2.staticflickr.com/9/8806/16933711359_bfe76fe285_o.jpg,https://creativecommons.org/licenses/by/2.0/,accepted,6000,4000,0
eb8ababdcdb94f97,https://farm8.staticflickr.com/3718/9691032714_fba9223798_o.jpg,https://creativecommons.org/licenses/by/2.0/,dead-404,,,0
e56ffcd58130258a,https://c3.staticflickr.com/3/2429/3544763008_fc38700e1c_o.jpg,https://creativecommons.org/licenses/by/2.0/,accepted,3456,2304,0
ed9cedcac5b76c7c,https://c5.staticflickr.com/3/2878/9327672675_f0971f2244_o.jpg,https://creativecommons.org/licenses/by/2.0/,accepted,5184,3456,0
ea251710c0889f79,https://c2.staticflickr.com/5/4021/4433469206_175d6f2c56_o.jpg,https://creativecommons.org/licenses/by/2.0/,accepted,2048,1365,0
d8459023c8a472ce,https://c7.staticflickr.com/3/2500/4043994224_db794a3cbb_o.jpg,https://creativecommons.org/licenses/by/2.0/,accepted,3386,1637,0
5c26e35b1142af29,https://c2.staticflickr.com/6/5496/14425230860_d93e01a5a9_o.jpg,https://creativecommons.org/licenses/by/2.0/,accepted,2864,2243,0
41193892cae6a499,https://c2.staticflickr.com/6/5236/6947321108_d3c5f1d5b3_o.jpg,https://creativecommons.org/licenses/by/2.0/,accepted,1800,1200,0
5444099c2d172faa,https://c3.staticflickr.com/1/523/19214059216_17b94cefb3_o.jpg,https://creativecommons.org/licenses/by/2.0/,accepted,5312,2988,0
33c41de3d8704fe8,https://c1.staticflickr.com/8/7131/6875332642_7e8b3255b7_o.jpg,https://creativecommons.org/licenses/by/2.0/,accepted,4752,2046,0
09ef2f433829bb03,https://farm4.staticflickr.com/7093/7335878984_5408ce205b_o.jpg,https://creativecommons.org/licenses/by/2.0/,accepted,2560,1920,0
0a23d3f0e7d850f4,https://farm5.staticflickr.com/5223/5554088523_0c04e04e52_o.jpg,https://creativecommons.org/licenses/by/2.0/,accepted,1600,1200,0
4b18034fafb73ccc,https://c5.staticflickr.com/5/4058/4285206998_4c5544bb12_o.jpg,https://creativecommons.org/licenses/by/2.0/,accepted,2606,1234,0
b81af23d6cdd10c7,https://farm8.staticflickr.com/3445/3386729567_8deaf86a5d_o.jpg,https://creativecommons.org/licenses/by/2.0/,accepted,960,1280,0
b193070a9c45b5ab,https://c4.staticflickr.com/8/7207/6955693711_7f5597bbcb_o.jpg,https://creativecommons.org/licenses/by/2.0/,dead-429x4,,,0
b521b3f9188d4d61,https://farm2.staticflickr.com/2906/13936693816_bb5dcbac97_o.jpg,https://creativecommons.org/licenses/by/2.0/,dead-429x4,,,0
67034a68f606a071,https://farm2.staticflickr.com/459/20243948186_06297c167a_o.jpg,https://creativecommons.org/licenses/by/2.0/,dead-429x4,,,0
71214671da9bd526,https://farm7.staticflickr.com/8801/17259277046_bd60d5943b_o.jpg,https://creativecommons.org/licenses/by/2.0/,dead-429x4,,,0
19c9b309c8709868,https://c1.staticflickr.com/4/3881/14468253702_469a94d497_o.jpg,https://creativecommons.org/licenses/by/2.0/,dead-429x4,,,0
5b55a69378aeced5,https://farm6.staticflickr.com/5295/5509033461_d3107e5bec_o.jpg,https://creativecommons.org/licenses/by/2.0/,dead-429x4,,,0
3728914be4a6f601,https://farm2.staticflickr.com/6140/5961903700_95703cd4fb_o.jpg,https://creativecommons.org/licenses/by/2.0/,dead-429x4,,,0
55b7a4a581331b4b,https://c4.staticflickr.com/8/7114/7654748238_88517c91e1_o.jpg,https://creativecommons.org/licenses/by/2.0/,dead-429x4,,,0
30c4cd25bc29cc62,https://farm3.staticflickr.com/4145/4982270781_9d72a1c9be_o.jpg,https://creativecommons.org/licenses/by/2.0/,dead-429x4,,,0
a2536b52cbf17f8f,https://c8.staticflickr.com/4/3795/12781495105_8337927dbb_o.jpg,https://creativecommons.org/licenses/by/2.0/,dead-429x4,,,0
647ff22cf6950211,https://farm2.staticflickr.com/2270/2358882603_6a66168df8_o.jpg,https://creativecommons.org/licenses/by/2.0/,dead-429x4,,,0
14f20951f17a3a55,https://farm6.staticflickr.com/7345/16278589810_788888f8f0_o.jpg,https://creativecommons.org/licenses/by/2.0/,dead-429x4,,,1
237da47182e417c7,https://farm8.staticflickr.com/32/90346329_f1796fe3aa_o.jpg,https://creativecommons.org/licenses/by/2.0/,dead-429x4,,,0
f05e260bd55aaa66,https://farm7.staticflickr.com/8611/15893560713_e7330ab479_o.jpg,https://creativecommons.org/licenses/by/2.0/,dead-429x4,,,0
8914ecf4b2804be0,https://farm1.staticflickr.com/60/187661625_f4e639212c_o.jpg,https://creativecommons.org/licenses/by/2.0/,dead-429x4,,,0
bbfd2981547d6bb6,https://farm7.staticflickr.com/7224/7102779133_b3e52ecb95_o.jpg,https://creativecommons.org/licenses/by/2.0/,dead-404,,,0
ac8bdfefeae0e230,https://farm1.staticflickr.com/4052/4400430827_5135539721_o.jpg,https://creativecommons.org/licenses/by/2.0/,dead-404,,,0
486259c7e00810d7,https://farm8.staticflickr.com/3849/14735723482_19bd84dccf_o.jpg,https://creativecommons.org/licenses/by/2.0/,accepted,4928,3264,0
8b2c35c6ab5d7ed0,https://farm1.staticflickr.com/5108/5677171303_a27f4b52b5_o.jpg,https://creativecommons.org/licenses/by/2.0/,accepted,3452,2386,0
23944a69f7a0b625,https://farm6.staticflickr.com/101/285064351_00ca3f16d7_o.jpg,https://creativecommons.org/licenses/by/2.0/,small,801,762,0
7e11ce36cee6a2af,https://c8.staticflickr.com/3/2692/4140175920_b3ca14ae10_o.jpg,https://creativecommons.org/licenses/by/2.0/,dead-404,,,0
e3d3fe45e5ea70bf,https://c8.staticflickr.com/5/4022/5157350495_018a1d537e_o.jpg,https://creativecommons.org/licenses/by/2.0/,accepted,1600,1200,0
da2cd24d2d64a2e3,https://farm4.staticflickr.com/6024/5968780858_5961b2627a_o.jpg,https://creativecommons.org/licenses/by/2.0/,dead-404,,,0
118a6246888728ca,https://c3.staticflickr.com/4/3829/11174202354_f43784a579_o.jpg,https://creativecommons.org/licenses/by/2.0/,small,500,282,0
d4a83afb84b0f902,https://farm3.staticflickr.com/7034/6404715751_fd2dcafed1_o.jpg,https://creativecommons.org/licenses/by/2.0/,dead-404,,,0
46b44fb37d4150f3,https://farm4.staticflickr.com/3219/2500560508_25bedafb1f_o.jpg,https://creativecommons.org/licenses/by/2.0/,dead-429x4,,,0
66a8d1c74ad49ea1,https://farm2.staticflickr.com/3483/5829600501_db4bb0a232_o.jpg,https://creativecommons.org/licenses/by/2.0/,accepted,2048,2838,0
15e838aba2dccc8b,https://c4.staticflickr.com/7/6202/6104419248_22a3043464_o.jpg,https://creativecommons.org/licenses/by/2.0/,accepted,1863,2497,0
1dfc8694ca27bf06,https://farm7.staticflickr.com/4126/4963770069_1b2e7a132c_o.jpg,https://creativecommons.org/licenses/by/2.0/,accepted,3264,2448,0
433b2a82c5c804a1,https://farm2.staticflickr.com/7472/15626197187_b395b55d34_o.jpg,https://creativecommons.org/licenses/by/2.0/,accepted,4608,3456,0
abbade02f1f01742,https://farm3.staticflickr.com/3051/2816919899_c2958cb4c8_o.jpg,https://creativecommons.org/licenses/by/2.0/,dead-404,,,0
14859252196fd7a6,https://farm7.staticflickr.com/7440/10436696005_031b911a06_o.jpg,https://creativecommons.org/licenses/by/2.0/,accepted,3264,2448,0
eaa9828fea069047,https://farm8.staticflickr.com/3580/3674470393_c4ca9413d9_o.jpg,https://creativecommons.org/licenses/by/2.0/,accepted,1944,2592,0
8e50483f8705d3d0,https://farm1.staticflickr.com/7028/6803897677_7acc8274fe_o.jpg,https://creativecommons.org/licenses/by/2.0/,accepted,3888,2592,0
b474642af4ea13e4,https://farm5.staticflickr.com/7157/6469233455_c0fe983548_o.jpg,https://creativecommons.org/licenses/by/2.0/,accepted,1806,1414,0
6bb7e70c38657568,https://c1.staticflickr.com/1/201/493697526_7dde22d1e3_o.jpg,https://creativecommons.org/licenses/by/2.0/,small,512,800,0
43a781c702c29667,https://farm8.staticflickr.com/5266/5597083289_268b7102f8_o.jpg,https://creativecommons.org/licenses/by/2.0/,accepted,3267,2865,0
651ff832c1cfec32,https://farm3.staticflickr.com/15/19954998_9fd1b8d53f_o.jpg,https://creativecommons.org/licenses/by/2.0/,accepted,2272,1704,0
a218759a9d1b92ca,https://c3.staticflickr.com/4/3840/15188114078_45ba81d1f3_o.jpg,https://creativecommons.org/licenses/by/2.0/,dead-404,,,0
e8376cbcf4c016bf,https://c8.staticflickr.com/5/4070/4680514794_71f08c4b61_o.jpg,https://creativecommons.org/licenses/by/2.0/,small,640,480,0
ade0a91cc450675b,https://c4.staticflickr.com/9/8375/8416866532_cef3bda1ff_o.jpg,https://creativecommons.org/licenses/by/2.0/,dead-429x4,,,0
74175c1c0e210a11,https://farm2.staticflickr.com/8364/8333897925_d46d3d5326_o.jpg,https://creativecommons.org/licenses/by/2.0/,dead-429x4,,,0
45929bfb9593c365,https://farm6.staticflickr.com/7249/7507565768_76964101b8_o.jpg,https://creativecommons.org/licenses/by/2.0/,dead-429x4,,,0
0c9630bfcb92cdc8,https://c1.staticflickr.com/1/33/66514663_f0a7419f15_o.jpg,https://creativecommons.org/licenses/by/2.0/,dead-429x4,,,0
70f2a22cef40f60c,https://c5.staticflickr.com/3/2938/14499782303_6c3dbc36f0_o.jpg,https://creativecommons.org/licenses/by/2.0/,dead-429x4,,,0
8ee443c32e77287a,https://c3.staticflickr.com/6/5244/5245712269_f03ae4f601_o.jpg,https://creativecommons.org/licenses/by/2.0/,accepted,1980,2640,0
06d1d39cbea07874,https://farm5.staticflickr.com/4067/4380628006_9460fb25c3_o.jpg,https://creativecommons.org/licenses/by/2.0/,accepted,3289,2695,0
9288da4a44b13c59,https://c2.staticflickr.com/5/4033/4535814287_83d274b662_o.jpg,https://creativecommons.org/licenses/by/2.0/,accepted,3008,2000,0
af32c71bac21e786,https://farm7.staticflickr.com/7029/6417930207_94836affc7_o.jpg,https://creativecommons.org/licenses/by/2.0/,accepted,1693,1271,0
f60a6c3b0360d3a3,https://farm4.staticflickr.com/2422/4004335960_8dca484c3d_o.jpg,https://creativecommons.org/licenses/by/2.0/,dead-429x4,,,0
e3d17dc86076d459,https://c2.staticflickr.com/1/223/476450458_52a0d12f2f_o.jpg,https://creativecommons.org/licenses/by/2.0/,accepted,1632,1224,0
b11b3c9ee69592aa,https://c3.staticflickr.com/4/3803/10233964055_75559fc6de_o.jpg,https://creativecommons.org/licenses/by/2.0/,accepted,2673,2310,0
06d70ecda37db5e3,https://farm4.staticflickr.com/13/89990787_ea1220c2fa_o.jpg,https://creativecommons.org/licenses/by/2.0/,accepted,1852,1541,0
