img,n_tiles,tile_confs,tile_nboxes,full_conf640,w,h
005bd647ca0ac947.jpg,24,0.000000;0.000000;0.000000;0.000000;0.081811;0.000000;0.000000;0.000000;0.098193;0.000000;0.000000;0.000000;0.117833;0.000000;0.000000;0.000000;0.092551;0.000000;0.000000;0.058797;0.648741;0.000000;0.000000;0.000000,0;0;0;0;1;0;0;0;1;0;0;0;1;0;0;0;1;0;0;1;1;0;0;0,0.178743,2000,3008
006c8ac9b5e6906a.jpg,6,0.258379;0.000000;0.000000;0.244843;0.000000;0.000000,6;0;0;2;0;0,0.317508,1280,960
01a2b161a5937ac0.jpg,24,0.000000;0.000000;0.000000;0.177972;0.000000;0.000000;0.510451;0.063473;0.000000;0.150309;0.558273;0.000000;0.000000;0.000000;0.484402;0.406452;0.531782;0.000000;0.000000;0.140980;0.228251;0.558274;0.645996;0.000000,0;0;0;1;0;0;2;1;0;3;2;0;0;0;1;2;3;0;0;1;1;3;2;0,0.783181,3008,2000
01f5efed4dfda77e.jpg,48,0.000000;0.000000;0.000000;0.000000;0.000000;0.000000;0.000000;0.000000;0.000000;0.000000;0.205030;0.000000;0.000000;0.000000;0.000000;0.000000;0.250325;0.201804;0.000000;0.000000;0.082765;0.000000;0.000000;0.000000;0.058658;0.000000;0.252423;0.079603;0.000000;0.000000;0.000000;0.000000;0.000000;0.000000;0.000000;0.000000;0.000000;0.000000;0.061798;0.000000;0.000000;0.000000;0.000000;0.000000;0.176904;0.000000;0.000000;0.000000,0;0;0;0;0;0;0;0;0;0;1;0;0;0;0;0;2;1;0;0;2;0;0;0;1;0;1;1;0;0;0;0;0;0;0;0;0;0;1;0;0;0;0;0;1;0;0;0,0.0,4000,3000
02b2ab24e7e709cf.jpg,15,0.000000;0.190638;0.000000;0.000000;0.000000;0.000000;0.338325;0.000000;0.127292;0.000000;0.000000;0.057715;0.084246;0.000000;0.053488,0;1;0;0;0;0;2;0;1;0;0;1;4;0;1,0.0,2495,1626
034530143f388715.jpg,12,0.057674;0.000000;0.000000;0.000000;0.086443;0.155541;0.000000;0.264029;0.000000;0.527339;0.000000;0.335697,1;0;0;0;1;2;0;1;0;1;0;1,0.0,2048,1536
04052a2470d09108.jpg,40,0.356783;0.481640;0.000000;0.376273;0.000000;0.064605;0.409187;0.523619;0.000000;0.000000;0.000000;0.000000;0.000000;0.000000;0.000000;0.000000;0.000000;0.000000;0.000000;0.000000;0.000000;0.000000;0.000000;0.000000;0.000000;0.000000;0.000000;0.000000;0.000000;0.000000;0.000000;0.000000;0.000000;0.000000;0.000000;0.000000;0.000000;0.000000;0.000000;0.000000,1;2;0;1;0;1;1;1;0;0;0;0;0;0;0;0;0;0;0;0;0;0;0;0;0;0;0;0;0;0;0;0;0;0;0;0;0;0;0;0,0.0,3872,2592
0544f3c78a580ff4.jpg,9,0.000000;0.000000;0.000000;0.379978;0.420873;0.380559;0.231261;0.407518;0.351572,0;0;0;1;3;1;3;2;1,0.0,1600,1200
06d1d39cbea07874.jpg,42,0.457325;0.252103;0.000000;0.077523;0.059087;0.000000;0.000000;0.127344;0.525479;0.072727;0.052867;0.000000;0.000000;0.000000;0.000000;0.000000;0.111465;0.075084;0.000000;0.089975;0.000000;0.000000;0.077151;0.104451;0.000000;0.000000;0.000000;0.000000;0.000000;0.114748;0.000000;0.000000;0.000000;0.000000;0.000000;0.000000;0.000000;0.000000;0.000000;0.000000;0.000000;0.000000,2;2;0;2;1;0;0;2;3;2;1;0;0;0;0;0;1;1;0;1;0;0;1;2;0;0;0;0;0;1;0;0;0;0;0;0;0;0;0;0;0;0,0.0,3289,2695
06d70ecda37db5e3.jpg,12,0.061655;0.000000;0.000000;0.000000;0.000000;0.573964;0.000000;0.000000;0.000000;0.000000;0.000000;0.054297,1;0;0;0;0;2;0;0;0;0;0;1,0.171893,1852,1541
078a836c2a6c0d7a.jpg,35,0.000000;0.000000;0.000000;0.000000;0.000000;0.000000;0.000000;0.000000;0.000000;0.000000;0.000000;0.000000;0.000000;0.000000;0.075087;0.000000;0.000000;0.000000;0.000000;0.000000;0.000000;0.000000;0.000000;0.000000;0.000000;0.000000;0.000000;0.000000;0.000000;0.000000;0.000000;0.000000;0.000000;0.000000;0.000000,0;0;0;0;0;0;0;0;0;0;0;0;0;0;1;0;0;0;0;0;0;0;0;0;0;0;0;0;0;0;0;0;0;0;0,0.0,3264,2448
07e132007696f157.jpg,96,0.074413;0.000000;0.000000;0.000000;0.000000;0.000000;0.000000;0.000000;0.080216;0.000000;0.000000;0.722062;0.400595;0.000000;0.000000;0.186360;0.000000;0.061044;0.056817;0.125931;0.000000;0.000000;0.000000;0.151341;0.407531;0.058843;0.000000;0.000000;0.000000;0.000000;0.108234;0.187103;0.368821;0.000000;0.086757;0.069702;0.167194;0.435222;0.669461;0.413455;0.000000;0.000000;0.194228;0.066775;0.084335;0.131875;0.488221;0.055453;0.097720;0.000000;0.000000;0.000000;0.000000;0.000000;0.089503;0.000000;0.287730;0.000000;0.419369;0.000000;0.178987;0.000000;0.123211;0.061070;0.000000;0.000000;0.118134;0.134922;0.175917;0.731700;0.622773;0.629848;0.000000;0.000000;0.000000;0.000000;0.653987;0.000000;0.000000;0.000000;0.000000;0.000000;0.000000;0.000000;0.000000;0.000000;0.000000;0.000000;0.000000;0.000000;0.000000;0.000000;0.000000;0.000000;0.000000;0.000000,1;0;0;0;0;0;0;0;2;0;0;1;5;0;0;1;0;1;1;1;0;0;0;3;1;1;0;0;0;0;3;3;3;0;1;1;2;5;2;4;0;0;3;2;3;1;2;1;2;0;0;0;0;0;2;0;1;0;1;0;1;0;1;1;0;0;2;2;1;1;1;3;0;0;0;0;2;0;0;0;0;0;0;0;0;0;0;0;0;0;0;0;0;0;0;0,0.0,6048,4032
07e304a0ba61ce5c.jpg,35,0.701568;0.125717;0.117540;0.000000;0.000000;0.201185;0.339405;0.053721;0.815244;0.472743;0.296579;0.663226;0.072590;0.000000;0.000000;0.000000;0.000000;0.000000;0.340225;0.000000;0.000000;0.201546;0.000000;0.000000;0.000000;0.216312;0.000000;0.000000;0.094497;0.000000;0.000000;0.000000;0.000000;0.000000;0.000000,2;5;2;0;0;1;3;1;2;1;4;4;1;0;0;0;0;0;2;0;0;2;0;0;0;2;0;0;2;0;0;0;0;0;0,0.0,3313,2254
08877441bb91eceb.jpg,15,0.000000;0.000000;0.000000;0.000000;0.000000;0.000000;0.000000;0.000000;0.000000;0.000000;0.000000;0.000000;0.000000;0.000000;0.000000,0;0;0;0;0;0;0;0;0;0;0;0;0;0;0,0.0,2500,1656
0958b13d06fce47e.jpg,35,0.000000;0.000000;0.000000;0.000000;0.000000;0.000000;0.000000;0.000000;0.000000;0.000000;0.000000;0.000000;0.000000;0.000000;0.000000;0.000000;0.000000;0.275818;0.000000;0.000000;0.000000;0.000000;0.000000;0.000000;0.000000;0.064532;0.602246;0.618371;0.000000;0.000000;0.000000;0.149356;0.000000;0.606137;0.615463,0;0;0;0;0;0;0;0;0;0;0;0;0;0;0;0;0;1;0;0;0;0;0;0;0;1;2;2;0;0;0;1;0;1;2,0.0,3264,2448
09ef2f433829bb03.jpg,20,0.097455;0.088601;0.155473;0.353980;0.166993;0.000000;0.000000;0.294843;0.084123;0.000000;0.000000;0.000000;0.000000;0.068489;0.136426;0.090217;0.000000;0.000000;0.000000;0.506201,1;1;1;2;2;0;0;1;1;0;0;0;0;1;3;1;0;0;0;2,0.058836,2560,1920
0a23d3f0e7d850f4.jpg,9,0.000000;0.560977;0.000000;0.095691;0.656435;0.000000;0.109245;0.000000;0.000000,0;2;0;3;2;0;3;0;0,0.0,1600,1200
0b6b92ee7daf2c5c.jpg,88,0.064564;0.000000;0.000000;0.000000;0.075236;0.101110;0.000000;0.000000;0.057993;0.123883;0.116268;0.000000;0.116764;0.202632;0.000000;0.000000;0.000000;0.000000;0.000000;0.000000;0.000000;0.000000;0.096361;0.090449;0.101098;0.000000;0.000000;0.000000;0.000000;0.000000;0.000000;0.000000;0.000000;0.000000;0.000000;0.000000;0.000000;0.196826;0.000000;0.000000;0.000000;0.072761;0.000000;0.000000;0.000000;0.450107;0.000000;0.196648;0.255713;0.166424;0.000000;0.000000;0.000000;0.000000;0.000000;0.000000;0.000000;0.000000;0.071180;0.000000;0.000000;0.051852;0.000000;0.134351;0.000000;0.000000;0.000000;0.000000;0.102630;0.000000;0.199622;0.334826;0.000000;0.000000;0.116880;0.157458;0.000000;0.000000;0.000000;0.115557;0.000000;0.100961;0.376634;0.000000;0.000000;0.000000;0.065319;0.058210,1;0;0;0;1;2;0;0;1;1;4;0;5;4;0;0;0;0;0;0;0;0;1;1;2;0;0;0;0;0;0;0;0;0;0;0;0;1;0;0;0;1;0;0;0;1;0;2;2;2;0;0;0;0;0;0;0;0;1;0;0;1;0;2;0;0;0;0;1;0;3;1;0;0;1;2;0;0;0;1;0;2;1;0;0;0;1;1,0.0,5760,3840
0be9c11f16cf1fbe.jpg,70,0.074041;0.000000;0.441373;0.000000;0.134772;0.000000;0.462699;0.000000;0.000000;0.078643;0.000000;0.000000;0.471086;0.242851;0.502315;0.000000;0.000000;0.202316;0.000000;0.731080;0.122437;0.000000;0.000000;0.304308;0.000000;0.333723;0.155299;0.081669;0.000000;0.555458;0.060039;0.000000;0.000000;0.209235;0.000000;0.000000;0.074455;0.000000;0.000000;0.082967;0.202971;0.084000;0.267228;0.110860;0.280347;0.000000;0.000000;0.230400;0.000000;0.000000;0.000000;0.327268;0.164970;0.000000;0.165577;0.083572;0.130822;0.118595;0.000000;0.000000;0.134726;0.265145;0.114624;0.000000;0.000000;0.000000;0.067010;0.083776;0.000000;0.000000,2;0;1;0;1;0;2;0;0;1;0;0;1;1;1;0;0;1;0;2;2;0;0;1;0;2;1;2;0;2;1;0;0;1;0;0;1;0;0;1;1;1;2;1;3;0;0;2;0;0;0;5;1;0;1;2;1;3;0;0;2;6;3;0;0;0;1;1;0;0,0.0,5184,3456
0c82bfd1f18ed1ea.jpg,40,0.000000;0.000000;0.097105;0.000000;0.000000;0.000000;0.000000;0.421109;0.208938;0.050582;0.000000;0.000000;0.000000;0.055058;0.000000;0.000000;0.000000;0.307563;0.000000;0.000000;0.000000;0.000000;0.000000;0.000000;0.000000;0.000000;0.053274;0.000000;0.053810;0.000000;0.000000;0.000000;0.000000;0.144355;0.000000;0.000000;0.000000;0.000000;0.000000;0.061971,0;0;1;0;0;0;0;3;1;1;0;0;0;2;0;0;0;7;0;0;0;0;0;0;0;0;1;0;1;0;0;0;0;4;0;0;0;0;0;1,0.0,2592,3888
0d09c567cfd03b28.jpg,30,0.000000;0.000000;0.000000;0.000000;0.000000;0.000000;0.240715;0.000000;0.000000;0.000000;0.108498;0.000000;0.052271;0.553387;0.539672;0.000000;0.000000;0.000000;0.085062;0.174013;0.088821;0.000000;0.000000;0.000000;0.000000;0.000000;0.000000;0.000000;0.000000;0.000000,0;0;0;0;0;0;1;0;0;0;2;0;2;2;2;0;0;0;1;2;1;0;0;0;0;0;0;0;0;0,0.180817,2304,3072
0d1a073b2c455b1d.jpg,4,0.480039;0.432027;0.208864;0.169488,2;1;1;1,0.620591,768,1024
0d2e090e9b025ddc.jpg,24,0.000000;0.000000;0.000000;0.126778;0.000000;0.000000;0.085280;0.000000;0.000000;0.000000;0.000000;0.000000;0.180011;0.000000;0.000000;0.000000;0.000000;0.000000;0.000000;0.000000;0.000000;0.000000;0.000000;0.000000,0;0;0;2;0;0;1;0;0;0;0;0;3;0;0;0;0;0;0;0;0;0;0;0,0.0,2816,2112
0d39d3a30a430a74.jpg,8,0.000000;0.053074;0.000000;0.000000;0.000000;0.000000;0.000000;0.000000,0;1;0;0;0;0;0;0,0.12168,1800,925
0d73caebb7a63351.jpg,20,0.000000;0.087328;0.000000;0.000000;0.000000;0.000000;0.000000;0.000000;0.000000;0.000000;0.000000;0.000000;0.000000;0.050838;0.000000;0.000000;0.000000;0.000000;0.346533;0.369575,0;1;0;0;0;0;0;0;0;0;0;0;0;1;0;0;0;0;1;1,0.229525,2135,2682
0dc6c490b2941ff8.jpg,4,0.122634;0.000000;0.125132;0.000000,3;0;1;0,0.0,1119,778
0e3ed3d9a681cd0f.jpg,63,0.000000;0.000000;0.000000;0.000000;0.000000;0.000000;0.000000;0.000000;0.000000;0.000000;0.000000;0.000000;0.000000;0.056692;0.000000;0.144869;0.276708;0.000000;0.000000;0.000000;0.000000;0.000000;0.000000;0.000000;0.000000;0.000000;0.000000;0.000000;0.000000;0.000000;0.000000;0.000000;0.000000;0.000000;0.000000;0.000000;0.451756;0.000000;0.319652;0.000000;0.131059;0.262878;0.000000;0.000000;0.225816;0.000000;0.000000;0.000000;0.254923;0.000000;0.000000;0.000000;0.000000;0.000000;0.000000;0.000000;0.000000;0.000000;0.000000;0.000000;0.000000;0.000000;0.000000,0;0;0;0;0;0;0;0;0;0;0;0;0;1;0;4;2;0;0;0;0;0;0;0;0;0;0;0;0;0;0;0;0;0;0;0;2;0;1;0;4;3;0;0;4;0;0;0;1;0;0;0;0;0;0;0;0;0;0;0;0;0;0,0.519435,3240,4320
0ea657df47f0dcbb.jpg,12,0.055090;0.000000;0.000000;0.000000;0.000000;0.084291;0.000000;0.000000;0.000000;0.083829;0.000000;0.000000,1;0;0;0;0;1;0;0;0;1;0;0,0.0,2048,1536
0fa11f7260ffa67e.jpg,6,0.000000;0.000000;0.524143;0.312068;0.000000;0.000000,0;0;1;2;0;0,0.0,1067,1600
103156b19827a5fc.jpg,12,0.053457;0.000000;0.000000;0.000000;0.000000;0.080527;0.528109;0.000000;0.000000;0.278363;0.728574;0.000000,1;0;0;0;0;1;1;0;0;1;2;0,0.129285,2048,1536
10517249ac232c8f.jpg,12,0.000000;0.000000;0.133657;0.315723;0.000000;0.000000;0.161389;0.000000;0.622028;0.149043;0.108476;0.248140,0;0;1;2;0;0;2;0;2;2;2;1,0.181889,2048,1536
138171babca75da4.jpg,20,0.000000;0.000000;0.065658;0.000000;0.000000;0.000000;0.307283;0.205453;0.000000;0.000000;0.000000;0.165591;0.190586;0.000000;0.000000;0.000000;0.000000;0.000000;0.000000;0.000000,0;0;1;0;0;0;1;3;0;0;0;1;2;0;0;0;0;0;0;0,0.0,2517,1888
13b6289aef7a24b7.jpg,6,0.000000;0.000000;0.055609;0.000000;0.000000;0.000000,0;0;1;0;0;0,0.0,1280,960
1420e78038f82919.jpg,42,0.000000;0.000000;0.000000;0.000000;0.066134;0.000000;0.000000;0.000000;0.000000;0.000000;0.000000;0.000000;0.000000;0.000000;0.057280;0.000000;0.000000;0.000000;0.000000;0.106672;0.000000;0.000000;0.000000;0.000000;0.073934;0.000000;0.000000;0.000000;0.000000;0.000000;0.000000;0.000000;0.000000;0.052326;0.000000;0.000000;0.000000;0.000000;0.000000;0.000000;0.000000;0.086126,0;0;0;0;1;0;0;0;0;0;0;0;0;0;1;0;0;0;0;1;0;0;0;0;1;0;0;0;0;0;0;0;0;1;0;0;0;0;0;0;0;1,0.0,3648,2736
14859252196fd7a6.jpg,35,0.000000;0.000000;0.000000;0.000000;0.000000;0.000000;0.000000;0.000000;0.000000;0.000000;0.000000;0.000000;0.000000;0.000000;0.000000;0.000000;0.177764;0.000000;0.000000;0.000000;0.000000;0.201254;0.000000;0.000000;0.251839;0.000000;0.000000;0.000000;0.058007;0.129110;0.000000;0.000000;0.000000;0.000000;0.000000,0;0;0;0;0;0;0;0;0;0;0;0;0;0;0;0;4;0;0;0;0;1;0;0;1;0;0;0;1;1;0;0;0;0;0,0.0,3264,2448
15e838aba2dccc8b.jpg,20,0.000000;0.000000;0.000000;0.000000;0.000000;0.000000;0.000000;0.000000;0.000000;0.000000;0.000000;0.000000;0.000000;0.000000;0.000000;0.000000;0.000000;0.000000;0.000000;0.000000,0;0;0;0;0;0;0;0;0;0;0;0;0;0;0;0;0;0;0;0,0.0,1863,2497
1655ed7fefd46b13.jpg,20,0.188745;0.064375;0.000000;0.000000;0.000000;0.096810;0.432443;0.304746;0.000000;0.000000;0.194145;0.000000;0.000000;0.000000;0.000000;0.000000;0.000000;0.312569;0.000000;0.000000,1;1;0;0;0;2;2;3;0;0;1;0;0;0;0;0;0;1;0;0,0.0,2560,1920
1876ff97a1af1590.jpg,12,0.000000;0.000000;0.000000;0.000000;0.000000;0.000000;0.000000;0.000000;0.000000;0.000000;0.000000;0.000000,0;0;0;0;0;0;0;0;0;0;0;0,0.06169,2048,1536
18f71db2bd75ac5b.jpg,48,0.085615;0.000000;0.151815;0.056806;0.081891;0.000000;0.000000;0.000000;0.050031;0.110555;0.000000;0.000000;0.236210;0.000000;0.000000;0.000000;0.061495;0.218374;0.000000;0.084248;0.000000;0.000000;0.000000;0.000000;0.080431;0.000000;0.086901;0.000000;0.000000;0.134028;0.264203;0.000000;0.000000;0.000000;0.000000;0.000000;0.000000;0.098813;0.000000;0.000000;0.000000;0.000000;0.000000;0.000000;0.000000;0.142090;0.161906;0.000000,2;0;1;1;1;0;0;0;1;2;0;0;2;0;0;0;1;1;0;1;0;0;0;0;1;0;1;0;0;1;1;0;0;0;0;0;0;1;0;0;0;0;0;0;0;4;2;0,0.0,4000,3000
1a0ef4b7b43fd5ee.jpg,63,0.000000;0.000000;0.000000;0.000000;0.000000;0.000000;0.000000;0.000000;0.000000;0.000000;0.000000;0.000000;0.000000;0.000000;0.000000;0.000000;0.000000;0.000000;0.000000;0.000000;0.000000;0.058473;0.229704;0.147932;0.000000;0.000000;0.000000;0.000000;0.000000;0.000000;0.000000;0.000000;0.274062;0.000000;0.000000;0.000000;0.000000;0.000000;0.000000;0.000000;0.000000;0.134500;0.000000;0.000000;0.000000;0.000000;0.000000;0.000000;0.000000;0.000000;0.000000;0.000000;0.000000;0.000000;0.000000;0.000000;0.000000;0.000000;0.000000;0.000000;0.000000;0.000000;0.000000,0;0;0;0;0;0;0;0;0;0;0;0;0;0;0;0;0;0;0;0;0;1;5;2;0;0;0;0;0;0;0;0;2;0;0;0;0;0;0;0;0;3;0;0;0;0;0;0;0;0;0;0;0;0;0;0;0;0;0;0;0;0;0,0.0,4320,3240
1b93c5c119ca13a2.jpg,12,0.000000;0.144201;0.000000;0.000000;0.000000;0.000000;0.000000;0.000000;0.065997;0.000000;0.000000;0.000000,0;2;0;0;0;0;0;0;1;0;0;0,0.0,1900,1267
1c27e643d5bd43bb.jpg,35,0.117057;0.629352;0.000000;0.077429;0.000000;0.000000;0.000000;0.000000;0.000000;0.000000;0.000000;0.000000;0.000000;0.000000;0.000000;0.149886;0.140255;0.416264;0.000000;0.210561;0.104226;0.000000;0.641844;0.000000;0.108809;0.000000;0.823983;0.869847;0.331325;0.497193;0.075138;0.000000;0.000000;0.000000;0.095907,1;1;0;1;0;0;0;0;0;0;0;0;0;0;0;1;2;1;0;1;1;0;1;0;1;0;2;1;1;1;2;0;0;0;3,0.0,3264,2448
1c744a56b31d0d1f.jpg,8,0.158006;0.000000;0.000000;0.000000;0.075303;0.000000;0.000000;0.000000,1;0;0;0;1;0;0;0,0.103935,1690,1122
1c92fdf4ef1959ef.jpg,9,0.000000;0.138350;0.000000;0.000000;0.000000;0.000000;0.000000;0.000000;0.073607,0;1;0;0;0;0;0;0;1,0.0,1600,1200
1d5f3d366ce8193c.jpg,35,0.000000;0.000000;0.239549;0.000000;0.059442;0.000000;0.000000;0.054495;0.545740;0.192838;0.000000;0.000000;0.064228;0.000000;0.000000;0.682306;0.000000;0.000000;0.493860;0.531942;0.000000;0.161387;0.084314;0.156536;0.000000;0.639173;0.000000;0.000000;0.000000;0.067135;0.000000;0.000000;0.000000;0.090753;0.060376,0;0;1;0;1;0;0;1;2;2;0;0;1;0;0;4;0;0;1;1;0;2;1;1;0;1;0;0;0;1;0;0;0;1;2,0.0,3456,2592
1dec8b9aacf770e2.jpg,4,0.000000;0.173509;0.192878;0.000000,0;1;2;0,0.0,1080,1080
1dfc8694ca27bf06.jpg,35,0.000000;0.110032;0.168397;0.052239;0.070479;0.076563;0.075001;0.364938;0.063095;0.140987;0.000000;0.000000;0.000000;0.000000;0.362570;0.247083;0.128006;0.062346;0.449591;0.000000;0.000000;0.369514;0.616642;0.500324;0.579821;0.000000;0.000000;0.000000;0.283169;0.178173;0.593292;0.331187;0.170331;0.000000;0.000000,0;4;1;1;2;2;1;4;1;1;0;0;0;0;4;1;1;2;4;0;0;4;8;3;2;0;0;0;3;7;8;2;1;0;0,0.0,3264,2448
1e262476034c7766.jpg,70,0.000000;0.000000;0.060105;0.000000;0.000000;0.000000;0.053890;0.000000;0.000000;0.000000;0.122634;0.570688;0.369679;0.000000;0.000000;0.000000;0.000000;0.000000;0.000000;0.000000;0.000000;0.000000;0.000000;0.000000;0.000000;0.000000;0.000000;0.276079;0.000000;0.000000;0.068491;0.000000;0.061575;0.065147;0.000000;0.000000;0.000000;0.000000;0.000000;0.000000;0.000000;0.000000;0.000000;0.000000;0.000000;0.368250;0.000000;0.000000;0.092643;0.000000;0.000000;0.000000;0.000000;0.000000;0.000000;0.000000;0.000000;0.000000;0.000000;0.000000;0.071683;0.000000;0.000000;0.000000;0.000000;0.000000;0.065015;0.000000;0.000000;0.000000,0;0;1;0;0;0;1;0;0;0;2;3;1;0;0;0;0;0;0;0;0;0;0;0;0;0;0;2;0;0;1;0;1;1;0;0;0;0;0;0;0;0;0;0;0;1;0;0;2;0;0;0;0;0;0;0;0;0;0;0;3;0;0;0;0;0;1;0;0;0,0.0,5184,3456
1e34f92f5ea27d83.jpg,66,0.113785;0.000000;0.198610;0.000000;0.000000;0.243798;0.421943;0.147688;0.000000;0.000000;0.000000;0.105105;0.183021;0.581813;0.566337;0.578339;0.417257;0.378614;0.055634;0.173041;0.105779;0.000000;0.252088;0.000000;0.000000;0.000000;0.000000;0.000000;0.000000;0.000000;0.184575;0.000000;0.000000;0.000000;0.080118;0.000000;0.000000;0.052933;0.000000;0.000000;0.000000;0.346791;0.000000;0.000000;0.058753;0.000000;0.000000;0.000000;0.000000;0.051945;0.000000;0.000000;0.000000;0.417608;0.070330;0.163767;0.000000;0.000000;0.156206;0.000000;0.280421;0.000000;0.284201;0.000000;0.058829;0.161275,1;0;3;0;0;3;3;5;0;0;0;1;1;5;3;2;5;3;1;1;2;0;2;0;0;0;0;0;0;0;2;0;0;0;2;0;0;1;0;0;0;3;0;0;1;0;0;0;0;1;0;0;0;1;1;1;0;0;1;0;1;0;1;0;1;2,0.274574,5376,3024
1eb23c0cbf0c2ca3.jpg,4,0.475128;0.501155;0.221611;0.262747,3;1;3;2,0.0,1024,768
1ecc0db941d92657.jpg,8,0.000000;0.000000;0.000000;0.000000;0.246242;0.610068;0.451838;0.000000,0;0;0;0;5;1;1;0,0.107441,2008,1138
1f033af8fc7682e6.jpg,30,0.000000;0.287733;0.663402;0.000000;0.000000;0.000000;0.000000;0.209728;0.064651;0.000000;0.000000;0.000000;0.000000;0.067317;0.000000;0.000000;0.501224;0.000000;0.000000;0.000000;0.000000;0.000000;0.000000;0.000000;0.000000;0.000000;0.000000;0.000000;0.000000;0.000000,0;1;3;0;0;0;0;1;1;0;0;0;0;1;0;0;1;0;0;0;0;0;0;0;0;0;0;0;0;0,0.0,2398,2997
1f16c49c14b01b90.jpg,12,0.114126;0.628996;0.395753;0.000000;0.058700;0.000000;0.411775;0.482471;0.057960;0.000000;0.109708;0.000000,2;3;1;0;1;0;1;2;1;0;2;0,0.114337,2048,1360
1fc64a014f899fad.jpg,35,0.000000;0.000000;0.263883;0.050721;0.000000;0.106794;0.000000;0.000000;0.000000;0.000000;0.000000;0.069664;0.073258;0.114579;0.183946;0.255740;0.000000;0.000000;0.118094;0.000000;0.000000;0.000000;0.000000;0.393821;0.000000;0.000000;0.000000;0.000000;0.000000;0.000000;0.469981;0.053070;0.000000;0.000000;0.000000,0;0;3;1;0;1;0;0;0;0;0;1;1;1;2;1;0;0;2;0;0;0;0;1;0;0;0;0;0;0;1;2;0;0;0,0.0,3504,2336
1fcd36aa10ce8cae.jpg,12,0.308542;0.087096;0.186083;0.000000;0.000000;0.430042;0.343987;0.188188;0.000000;0.119315;0.147094;0.539329,3;1;2;0;0;3;2;1;0;3;2;1,0.071587,2048,1539
2035d3a7a1b7fc04.jpg,12,0.664085;0.000000;0.000000;0.000000;0.147347;0.000000;0.000000;0.000000;0.000000;0.000000;0.000000;0.000000,1;0;0;0;2;0;0;0;0;0;0;0,0.0,1380,2048
2045a7efb3ad6815.jpg,15,0.000000;0.000000;0.222882;0.000000;0.000000;0.000000;0.257708;0.122863;0.157228;0.105486;0.000000;0.000000;0.109341;0.000000;0.073522,0;0;2;0;0;0;1;3;2;4;0;0;1;0;3,0.0,2500,1656
207d09af2f583c31.jpg,12,0.000000;0.000000;0.000000;0.000000;0.000000;0.057050;0.000000;0.000000;0.000000;0.000000;0.000000;0.000000,0;0;0;0;0;1;0;0;0;0;0;0,0.0,1982,1416
208f299f827441fb.jpg,15,0.000000;0.135897;0.000000;0.000000;0.000000;0.484818;0.080729;0.310002;0.593103;0.160425;0.087573;0.000000;0.133684;0.289122;0.124689,0;2;0;0;0;1;1;1;6;2;3;0;3;2;3,0.05335,1552,2592
214a4b9be6fdd6c2.jpg,9,0.000000;0.129550;0.000000;0.000000;0.000000;0.000000;0.000000;0.000000;0.000000,0;2;0;0;0;0;0;0;0,0.0,1600,1200
23b73886e375fa7e.jpg,12,0.075479;0.090895;0.000000;0.406925;0.000000;0.167059;0.118326;0.000000;0.000000;0.000000;0.000000;0.000000,1;1;0;1;0;2;1;0;0;0;0;0,0.0,2000,1328
23be40c20d455375.jpg,20,0.000000;0.000000;0.000000;0.261181;0.508247;0.111520;0.429789;0.000000;0.326173;0.432407;0.000000;0.000000;0.051531;0.081269;0.460638;0.205077;0.000000;0.000000;0.000000;0.238527,0;0;0;1;1;1;1;0;1;1;0;0;1;1;1;1;0;0;0;1,0.0,2592,1944
23deeb38b5097d22.jpg,24,0.000000;0.068060;0.000000;0.139566;0.000000;0.000000;0.000000;0.000000;0.000000;0.076984;0.000000;0.000000;0.000000;0.000000;0.000000;0.098308;0.000000;0.000000;0.000000;0.000000;0.000000;0.118832;0.068162;0.000000,0;1;0;2;0;0;0;0;0;2;0;0;0;0;0;1;0;0;0;0;0;1;1;0,0.203332,2816,2112
24443a13d8f6e54a.jpg,15,0.000000;0.000000;0.000000;0.133399;0.138336;0.000000;0.000000;0.000000;0.000000;0.000000;0.000000;0.120575;0.000000;0.074260;0.057677,0;0;0;2;1;0;0;0;0;0;0;1;0;1;1,0.0,2216,1259
249f174ee917ab1d.jpg,54,0.000000;0.092338;0.078445;0.098721;0.000000;0.000000;0.053636;0.056307;0.000000;0.000000;0.058868;0.526244;0.149754;0.201444;0.314740;0.127712;0.000000;0.000000;0.250113;0.223364;0.159170;0.063950;0.084077;0.170485;0.066216;0.434265;0.283201;0.000000;0.483140;0.581025;0.059278;0.661601;0.657163;0.000000;0.432839;0.539216;0.134874;0.095448;0.560542;0.503386;0.549113;0.574025;0.220978;0.130822;0.193744;0.266058;0.135591;0.196513;0.574014;0.643318;0.661377;0.799687;0.069688;0.068428,0;1;2;2;0;0;1;1;0;0;1;2;1;3;2;2;0;0;2;4;1;1;2;2;2;6;3;0;2;2;1;3;2;0;2;2;3;2;4;12;5;4;1;1;1;7;2;4;17;7;6;1;1;1,0.13656,4272,2848
26a220dc46e5e56c.jpg,42,0.000000;0.057130;0.000000;0.719317;0.000000;0.000000;0.000000;0.000000;0.000000;0.000000;0.734612;0.000000;0.000000;0.000000;0.000000;0.000000;0.521721;0.141513;0.000000;0.000000;0.000000;0.000000;0.000000;0.418121;0.275534;0.000000;0.000000;0.000000;0.000000;0.000000;0.000000;0.081603;0.000000;0.000000;0.000000;0.000000;0.098189;0.000000;0.000000;0.000000;0.000000;0.000000,0;1;0;1;0;0;0;0;0;0;3;0;0;0;0;0;1;1;0;0;0;0;0;1;1;0;0;0;0;0;0;2;0;0;0;0;1;0;0;0;0;0,0.089716,3463,2893
26cb20487cbc008d.jpg,35,0.000000;0.000000;0.000000;0.000000;0.000000;0.000000;0.053784;0.000000;0.000000;0.000000;0.000000;0.000000;0.000000;0.000000;0.000000;0.000000;0.000000;0.696865;0.000000;0.000000;0.000000;0.000000;0.000000;0.000000;0.000000;0.000000;0.000000;0.000000;0.000000;0.000000;0.000000;0.000000;0.000000;0.000000;0.000000,0;0;0;0;0;0;1;0;0;0;0;0;0;0;0;0;0;1;0;0;0;0;0;0;0;0;0;0;0;0;0;0;0;0;0,0.0,3264,2448
277f8ab65ddf8eaf.jpg,20,0.000000;0.055169;0.052203;0.193499;0.000000;0.000000;0.000000;0.000000;0.000000;0.000000;0.000000;0.000000;0.000000;0.000000;0.000000;0.000000;0.000000;0.000000;0.302073;0.000000,0;2;1;1;0;0;0;0;0;0;0;0;0;0;0;0;0;0;1;0,0.0,2592,1944
27e86eb4b2f3bf36.jpg,16,0.000000;0.000000;0.000000;0.000000;0.000000;0.000000;0.000000;0.000000;0.410180;0.436986;0.000000;0.000000;0.000000;0.302511;0.000000;0.000000,0;0;0;0;0;0;0;0;2;2;0;0;0;2;0;0,0.734261,1918,1918
28890a2a249c691f.jpg,42,0.084238;0.000000;0.000000;0.000000;0.000000;0.000000;0.062581;0.124170;0.159807;0.000000;0.166508;0.080776;0.172786;0.598718;0.000000;0.422605;0.301329;0.406010;0.503821;0.127068;0.000000;0.000000;0.105124;0.152991;0.301175;0.092222;0.000000;0.186151;0.000000;0.000000;0.237620;0.079550;0.078920;0.000000;0.000000;0.000000;0.000000;0.000000;0.164856;0.000000;0.000000;0.000000,1;0;0;0;0;0;1;3;2;0;2;2;2;1;0;4;1;3;2;2;0;0;2;4;6;2;0;3;0;0;1;1;1;0;0;0;0;0;1;0;0;0,0.0,3648,2736
28e06ba3283aaa84.jpg,40,0.000000;0.000000;0.000000;0.000000;0.000000;0.000000;0.000000;0.000000;0.000000;0.000000;0.000000;0.000000;0.000000;0.000000;0.000000;0.000000;0.000000;0.000000;0.000000;0.099918;0.000000;0.000000;0.000000;0.000000;0.000000;0.000000;0.000000;0.000000;0.000000;0.000000;0.000000;0.000000;0.000000;0.000000;0.000000;0.000000;0.000000;0.000000;0.000000;0.000000,0;0;0;0;0;0;0;0;0;0;0;0;0;0;0;0;0;0;0;1;0;0;0;0;0;0;0;0;0;0;0;0;0;0;0;0;0;0;0;0,0.0,4000,2672
295cd15033557db1.jpg,20,0.000000;0.000000;0.098619;0.000000;0.000000;0.000000;0.000000;0.000000;0.000000;0.000000;0.000000;0.000000;0.000000;0.000000;0.000000;0.000000;0.000000;0.000000;0.000000;0.000000,0;0;2;0;0;0;0;0;0;0;0;0;0;0;0;0;0;0;0;0,0.100129,2288,1712
2970bc6a7c676411.jpg,30,0.000000;0.000000;0.000000;0.000000;0.000000;0.000000;0.000000;0.000000;0.000000;0.000000;0.000000;0.000000;0.000000;0.000000;0.099880;0.746004;0.682039;0.000000;0.000000;0.000000;0.128596;0.337497;0.132611;0.097053;0.000000;0.000000;0.065050;0.460173;0.152162;0.129541,0;0;0;0;0;0;0;0;0;0;0;0;0;0;2;1;2;0;0;0;2;1;3;2;0;0;1;1;3;3,0.054574,3158,2258
29876b10d52f8688.jpg,9,0.000000;0.268780;0.166609;0.000000;0.107967;0.158150;0.081374;0.000000;0.000000,0;1;2;0;3;3;1;0;0,0.0,1182,1600
29b8e3d231d54fda.jpg,6,0.000000;0.000000;0.000000;0.000000;0.000000;0.000000,0;0;0;0;0;0,0.0,1459,775
29d45f14be74e4b3.jpg,54,0.000000;0.000000;0.000000;0.000000;0.000000;0.000000;0.000000;0.000000;0.000000;0.000000;0.000000;0.000000;0.000000;0.000000;0.000000;0.000000;0.000000;0.000000;0.000000;0.000000;0.000000;0.577364;0.000000;0.000000;0.000000;0.000000;0.132619;0.000000;0.000000;0.000000;0.000000;0.000000;0.000000;0.000000;0.000000;0.000000;0.000000;0.000000;0.118505;0.103985;0.000000;0.000000;0.000000;0.000000;0.000000;0.000000;0.000000;0.345129;0.000000;0.000000;0.000000;0.000000;0.000000;0.000000,0;0;0;0;0;0;0;0;0;0;0;0;0;0;0;0;0;0;0;0;0;2;0;0;0;0;1;0;0;0;0;0;0;0;0;0;0;0;2;1;0;0;0;0;0;0;0;2;0;0;0;0;0;0,0.0,4357,3020
2b9aa08dc84d0a44.jpg,32,0.000000;0.156146;0.397042;0.000000;0.000000;0.000000;0.000000;0.000000;0.000000;0.133880;0.051744;0.052976;0.000000;0.000000;0.000000;0.000000;0.353790;0.000000;0.182257;0.000000;0.053555;0.000000;0.000000;0.000000;0.000000;0.000000;0.123234;0.000000;0.000000;0.000000;0.000000;0.000000,0;5;1;0;0;0;0;0;0;2;1;1;0;0;0;0;7;0;3;0;1;0;0;0;0;0;2;0;0;0;0;0,0.0,3840,2160
2ced55c7bd8c5496.jpg,42,0.341925;0.373940;0.249442;0.201130;0.065748;0.163134;0.000000;0.058949;0.000000;0.000000;0.000000;0.000000;0.624661;0.000000;0.135776;0.000000;0.000000;0.000000;0.000000;0.000000;0.000000;0.000000;0.000000;0.000000;0.000000;0.000000;0.000000;0.000000;0.000000;0.000000;0.000000;0.000000;0.000000;0.000000;0.000000;0.000000;0.080277;0.000000;0.000000;0.000000;0.000000;0.000000,3;1;1;1;1;1;0;1;0;0;0;0;1;0;1;0;0;0;0;0;0;0;0;0;0;0;0;0;0;0;0;0;0;0;0;0;1;0;0;0;0;0,0.0,3648,2736
2d3bf81d68393650.jpg,35,0.000000;0.000000;0.000000;0.508002;0.000000;0.000000;0.000000;0.000000;0.000000;0.000000;0.000000;0.000000;0.065566;0.000000;0.000000;0.000000;0.000000;0.232318;0.000000;0.000000;0.000000;0.129019;0.000000;0.000000;0.000000;0.000000;0.123568;0.000000;0.000000;0.000000;0.000000;0.139320;0.000000;0.000000;0.000000,0;0;0;1;0;0;0;0;0;0;0;0;1;0;0;0;0;2;0;0;0;3;0;0;0;0;3;0;0;0;0;2;0;0;0,0.053034,2448,3264
2e785b26c20e7e3a.jpg,28,0.000000;0.000000;0.000000;0.000000;0.000000;0.000000;0.000000;0.000000;0.000000;0.000000;0.000000;0.000000;0.106176;0.000000;0.000000;0.000000;0.000000;0.000000;0.077876;0.000000;0.000000;0.000000;0.139128;0.000000;0.000000;0.000000;0.000000;0.000000,0;0;0;0;0;0;0;0;0;0;0;0;2;0;0;0;0;0;2;0;0;0;1;0;0;0;0;0,0.0,3552,2000
2f543d5d26428d83.jpg,9,0.000000;0.075512;0.851505;0.466041;0.633652;0.000000;0.486902;0.000000;0.000000,0;1;5;2;3;0;1;0;0,0.060318,1617,1602
2fe48e05a4c0a96d.jpg,8,0.000000;0.000000;0.000000;0.000000;0.000000;0.000000;0.000000;0.000000,0;0;0;0;0;0;0;0,0.0,1756,1090
305ab592c38768fa.jpg,12,0.104436;0.078404;0.000000;0.000000;0.094685;0.153303;0.342339;0.113990;0.000000;0.573491;0.141531;0.000000,1;1;0;0;2;2;3;1;0;3;1;0,0.063469,2048,1536
3067441dbc504455.jpg,12,0.000000;0.000000;0.000000;0.000000;0.000000;0.000000;0.000000;0.075026;0.000000;0.000000;0.000000;0.000000,0;0;0;0;0;0;0;1;0;0;0;0,0.143494,2048,1466
3151bc45702cdb5c.jpg,30,0.000000;0.000000;0.000000;0.548538;0.000000;0.000000;0.000000;0.000000;0.073701;0.087664;0.000000;0.000000;0.000000;0.000000;0.000000;0.205150;0.062720;0.000000;0.000000;0.000000;0.000000;0.000000;0.000000;0.000000;0.069370;0.000000;0.090336;0.000000;0.000000;0.000000,0;0;0;1;0;0;0;0;1;1;0;0;0;0;0;1;1;0;0;0;0;0;0;0;3;0;1;0;0;0,0.114964,3056,2292
31c40da724ed3376.jpg,35,0.000000;0.000000;0.058509;0.000000;0.000000;0.000000;0.000000;0.059428;0.000000;0.000000;0.000000;0.000000;0.076457;0.208666;0.000000;0.000000;0.102325;0.000000;0.141360;0.000000;0.000000;0.000000;0.066264;0.000000;0.000000;0.000000;0.000000;0.000000;0.000000;0.085618;0.000000;0.000000;0.000000;0.000000;0.000000,0;0;1;0;0;0;0;1;0;0;0;0;1;1;0;0;3;0;1;0;0;0;1;0;0;0;0;0;0;2;0;0;0;0;0,0.0,3348,2232
32302667a4478697.jpg,6,0.000000;0.483475;0.489889;0.000000;0.000000;0.000000,0;1;1;0;0;0,0.0,1280,875
3235b02ee41cfb65.jpg,9,0.000000;0.000000;0.000000;0.126446;0.000000;0.082927;0.721362;0.000000;0.000000,0;0;0;1;0;1;4;0;0,0.0,1600,1200
33c41de3d8704fe8.jpg,40,0.000000;0.000000;0.000000;0.000000;0.000000;0.000000;0.085683;0.000000;0.000000;0.000000;0.000000;0.080670;0.000000;0.000000;0.000000;0.000000;0.000000;0.060665;0.431727;0.488110;0.000000;0.054847;0.000000;0.056093;0.000000;0.000000;0.000000;0.000000;0.222240;0.296238;0.000000;0.000000;0.000000;0.000000;0.503793;0.000000;0.000000;0.000000;0.000000;0.000000,0;0;0;0;0;0;1;0;0;0;0;1;0;0;0;0;0;1;3;1;0;1;0;1;0;0;0;0;2;2;0;0;0;0;1;0;0;0;0;0,0.0,4752,2046
33d4f52120682147.jpg,6,0.144975;0.000000;0.000000;0.000000;0.000000;0.000000,1;0;0;0;0;0,0.757768,1280,960
33e9c797aadc13ea.jpg,32,0.000000;0.000000;0.000000;0.000000;0.000000;0.000000;0.000000;0.000000;0.000000;0.000000;0.000000;0.000000;0.000000;0.000000;0.000000;0.000000;0.057741;0.000000;0.000000;0.000000;0.000000;0.000000;0.000000;0.000000;0.000000;0.000000;0.000000;0.000000;0.000000;0.000000;0.000000;0.000000,0;0;0;0;0;0;0;0;0;0;0;0;0;0;0;0;1;0;0;0;0;0;0;0;0;0;0;0;0;0;0;0,0.0,3840,2160
3448c2cf64983058.jpg,6,0.084381;0.090297;0.000000;0.201424;0.000000;0.170269,2;1;0;1;0;2,0.0,1528,976
34b1464cf92b97f7.jpg,48,0.000000;0.000000;0.000000;0.000000;0.000000;0.000000;0.051267;0.000000;0.000000;0.000000;0.000000;0.000000;0.000000;0.000000;0.000000;0.097624;0.000000;0.000000;0.000000;0.000000;0.000000;0.000000;0.000000;0.000000;0.000000;0.000000;0.000000;0.000000;0.000000;0.000000;0.000000;0.000000;0.000000;0.071752;0.187043;0.072943;0.761225;0.000000;0.067697;0.000000;0.000000;0.106233;0.000000;0.000000;0.833830;0.000000;0.091719;0.000000,0;0;0;0;0;0;1;0;0;0;0;0;0;0;0;2;0;0;0;0;0;0;0;0;0;0;0;0;0;0;0;0;0;1;1;1;3;0;1;0;0;1;0;0;3;0;1;0,0.116563,4224,2816
34b8a976d36bbaea.jpg,20,0.000000;0.000000;0.000000;0.000000;0.355518;0.237195;0.186140;0.153133;0.000000;0.000000;0.095939;0.617981;0.179241;0.000000;0.000000;0.000000;0.477736;0.662299;0.000000;0.185324,0;0;0;0;2;1;1;2;0;0;1;1;1;0;0;0;1;1;0;1,0.149864,2500,1900
34c0400788f86675.jpg,24,0.000000;0.103814;0.863279;0.071617;0.000000;0.000000;0.000000;0.000000;0.000000;0.000000;0.268001;0.000000;0.000000;0.290167;0.000000;0.000000;0.112723;0.146041;0.061155;0.000000;0.082276;0.082169;0.000000;0.100070,0;2;1;1;0;0;0;0;0;0;2;0;0;1;0;0;1;2;1;0;1;2;0;2,0.053753,4162,1500
34d7b37c6b457040.jpg,70,0.180216;0.000000;0.000000;0.000000;0.000000;0.000000;0.000000;0.000000;0.000000;0.000000;0.000000;0.000000;0.455307;0.000000;0.000000;0.250314;0.000000;0.000000;0.257843;0.162880;0.000000;0.202739;0.109508;0.314826;0.085665;0.358488;0.000000;0.000000;0.107694;0.000000;0.500781;0.566694;0.596561;0.343608;0.000000;0.063181;0.000000;0.000000;0.000000;0.000000;0.000000;0.000000;0.000000;0.000000;0.058988;0.110210;0.000000;0.000000;0.000000;0.000000;0.000000;0.000000;0.733992;0.000000;0.000000;0.000000;0.000000;0.000000;0.000000;0.000000;0.000000;0.000000;0.701791;0.000000;0.000000;0.055378;0.000000;0.000000;0.000000;0.000000,1;0;0;0;0;0;0;0;0;0;0;0;3;0;0;4;0;0;1;2;0;3;1;3;1;3;0;0;1;0;1;1;2;3;0;1;0;0;0;0;0;0;0;0;1;1;0;0;0;0;0;0;1;0;0;0;0;0;0;0;0;0;1;0;0;1;0;0;0;0,0.104741,4920,3268
35f837b8efa90099.jpg,4,0.000000;0.000000;0.000000;0.000000,0;0;0;0,0.0,1024,768
360e636ce1754acb.jpg,6,0.000000;0.000000;0.524719;0.000000;0.569754;0.000000,0;0;1;0;1;0,0.0,910,1280
36f08c7bb481ba25.jpg,4,0.078294;0.000000;0.217560;0.210662,1;0;1;4,0.227761,768,1024
3708128cd8a52c9c.jpg,35,0.000000;0.000000;0.000000;0.000000;0.000000;0.101064;0.000000;0.000000;0.000000;0.000000;0.230002;0.467706;0.382919;0.000000;0.000000;0.000000;0.763569;0.772775;0.000000;0.000000;0.000000;0.000000;0.000000;0.000000;0.000000;0.000000;0.000000;0.000000;0.000000;0.000000;0.000000;0.000000;0.000000;0.000000;0.000000,0;0;0;0;0;1;0;0;0;0;1;2;2;0;0;0;1;1;0;0;0;0;0;0;0;0;0;0;0;0;0;0;0;0;0,0.525861,2448,3264
37da985a8722e8b3.jpg,9,0.420185;0.000000;0.000000;0.000000;0.000000;0.000000;0.000000;0.000000;0.000000,1;0;0;0;0;0;0;0;0,0.0,1600,1200
38a18dda6a0e761f.jpg,40,0.105131;0.000000;0.117777;0.866888;0.000000;0.000000;0.166490;0.639671;0.733001;0.000000;0.063803;0.156973;0.133909;0.693534;0.387723;0.000000;0.000000;0.000000;0.000000;0.244295;0.068027;0.211187;0.092930;0.170909;0.080332;0.061936;0.000000;0.000000;0.000000;0.595090;0.000000;0.115794;0.056937;0.000000;0.000000;0.078336;0.094710;0.000000;0.064128;0.000000,2;0;1;1;0;0;2;2;1;0;1;2;1;3;2;0;0;0;0;1;1;3;1;2;1;2;0;0;0;2;0;4;1;0;0;1;2;0;1;0,0.258959,3888,2592
38dce42277f4ee23.jpg,6,0.127309;0.591200;0.216489;0.068503;0.325337;0.349471,3;1;1;3;4;3,0.794431,1626,1080
39e0f4086771cca5.jpg,8,0.237993;0.074419;0.155222;0.059265;0.337995;0.000000;0.243614;0.211603,1;1;4;2;1;0;2;2,0.115108,1669,878
39ff14019dc16161.jpg,24,0.000000;0.000000;0.000000;0.000000;0.000000;0.000000;0.000000;0.000000;0.000000;0.000000;0.000000;0.000000;0.000000;0.000000;0.087888;0.000000;0.000000;0.000000;0.000000;0.000000;0.000000;0.000000;0.127442;0.293469,0;0;0;0;0;0;0;0;0;0;0;0;0;0;2;0;0;0;0;0;0;0;1;2,0.0,1998,3024
3a41eb035c8a893b.jpg,96,0.142460;0.000000;0.000000;0.000000;0.000000;0.000000;0.000000;0.000000;0.000000;0.000000;0.000000;0.000000;0.000000;0.000000;0.193591;0.000000;0.088146;0.000000;0.000000;0.000000;0.135008;0.213043;0.000000;0.286433;0.000000;0.064120;0.312006;0.080082;0.714400;0.198158;0.636979;0.146862;0.000000;0.000000;0.201501;0.151563;0.000000;0.234473;0.056235;0.130833;0.297309;0.248774;0.534550;0.000000;0.139571;0.000000;0.000000;0.000000;0.000000;0.457092;0.178799;0.000000;0.197560;0.051452;0.197025;0.000000;0.382859;0.327403;0.000000;0.000000;0.000000;0.000000;0.000000;0.000000;0.053225;0.086360;0.000000;0.000000;0.000000;0.000000;0.150509;0.064121;0.000000;0.000000;0.000000;0.000000;0.092348;0.055735;0.000000;0.068721;0.000000;0.000000;0.000000;0.000000;0.000000;0.000000;0.000000;0.000000;0.000000;0.000000;0.000000;0.135837;0.000000;0.000000;0.060647;0.060244,1;0;0;0;0;0;0;0;0;0;0;0;0;0;1;0;1;0;0;0;1;1;0;1;0;2;1;3;1;1;1;1;0;0;1;3;0;3;1;4;1;1;1;0;1;0;0;0;0;1;1;0;1;1;3;0;1;1;0;0;0;0;0;0;1;5;0;0;0;0;4;1;0;0;0;0;5;1;0;1;0;0;0;0;0;0;0;0;0;0;0;1;0;0;1;1,0.528195,6048,4032
3aacc9df5fe80ec4.jpg,70,0.000000;0.000000;0.000000;0.000000;0.000000;0.163704;0.000000;0.000000;0.105826;0.000000;0.000000;0.203319;0.000000;0.000000;0.523940;0.000000;0.000000;0.000000;0.000000;0.000000;0.145372;0.051589;0.235141;0.055572;0.000000;0.000000;0.181231;0.000000;0.070782;0.000000;0.064983;0.183476;0.391776;0.000000;0.059418;0.195270;0.180054;0.139655;0.000000;0.000000;0.000000;0.000000;0.000000;0.000000;0.000000;0.000000;0.000000;0.000000;0.491786;0.613772;0.000000;0.000000;0.000000;0.000000;0.000000;0.000000;0.000000;0.000000;0.119246;0.232229;0.000000;0.000000;0.188520;0.000000;0.000000;0.442963;0.000000;0.000000;0.000000;0.000000,0;0;0;0;0;1;0;0;1;0;0;1;0;0;1;0;0;0;0;0;1;1;2;1;0;0;2;0;1;0;2;5;1;0;1;1;3;2;0;0;0;0;0;0;0;0;0;0;1;1;0;0;0;0;0;0;0;0;1;1;0;0;1;0;0;2;0;0;0;0,0.0,4912,3264
3b9e3590b18a59db.jpg,48,0.000000;0.000000;0.000000;0.000000;0.000000;0.000000;0.000000;0.000000;0.000000;0.000000;0.000000;0.078187;0.000000;0.000000;0.000000;0.000000;0.000000;0.000000;0.062649;0.000000;0.000000;0.000000;0.000000;0.000000;0.000000;0.000000;0.000000;0.000000;0.000000;0.462525;0.060962;0.000000;0.000000;0.581893;0.000000;0.000000;0.000000;0.000000;0.000000;0.000000;0.000000;0.324989;0.421290;0.000000;0.000000;0.000000;0.062223;0.099226,0;0;0;0;0;0;0;0;0;0;0;1;0;0;0;0;0;0;1;0;0;0;0;0;0;0;0;0;0;1;1;0;0;1;0;0;0;0;0;0;0;1;1;0;0;0;1;1,0.0,4200,3000
3f063c7a6c19b773.jpg,4,0.000000;0.000000;0.000000;0.000000,0;0;0;0,0.0,768,1024
3f758fd3d94c729e.jpg,4,0.065845;0.000000;0.641852;0.063396,1;0;1;1,0.753373,1024,1024
3fec3b9feac65f6a.jpg,42,0.089362;0.000000;0.000000;0.119752;0.000000;0.000000;0.000000;0.105297;0.086297;0.000000;0.388853;0.267770;0.078070;0.000000;0.000000;0.000000;0.076666;0.065355;0.000000;0.365554;0.000000;0.000000;0.000000;0.000000;0.329421;0.095909;0.431369;0.000000;0.000000;0.000000;0.000000;0.000000;0.000000;0.000000;0.000000;0.000000;0.000000;0.000000;0.000000;0.000000;0.000000;0.000000,1;0;0;1;0;0;0;3;1;0;1;2;2;0;0;0;3;1;0;3;0;0;0;0;1;1;4;0;0;0;0;0;0;0;0;0;0;0;0;0;0;0,0.0,3664,2748
4006b1a5e241c510.jpg,20,0.000000;0.000000;0.059157;0.000000;0.000000;0.663567;0.000000;0.000000;0.000000;0.000000;0.290620;0.000000;0.155801;0.182345;0.634734;0.000000;0.000000;0.000000;0.000000;0.377415,0;0;1;0;0;2;0;0;0;0;2;0;2;1;1;0;0;0;0;4,0.0,2592,1944
41193892cae6a499.jpg,12,0.229260;0.000000;0.000000;0.000000;0.000000;0.000000;0.000000;0.000000;0.000000;0.000000;0.000000;0.000000,1;0;0;0;0;0;0;0;0;0;0;0,0.0,1800,1200
4237bb524085fe80.jpg,4,0.000000;0.000000;0.000000;0.050494,0;0;0;1,0.073553,1152,864
42e963e9a3b35f45.jpg,16,0.000000;0.000000;0.000000;0.000000;0.000000;0.000000;0.277358;0.356944;0.000000;0.124790;0.097207;0.000000;0.000000;0.000000;0.000000;0.000000,0;0;0;0;0;0;2;2;0;2;1;0;0;0;0;0,0.0,1845,2048
433b2a82c5c804a1.jpg,63,0.000000;0.000000;0.000000;0.078660;0.000000;0.000000;0.000000;0.000000;0.000000;0.000000;0.000000;0.000000;0.000000;0.000000;0.000000;0.000000;0.000000;0.000000;0.000000;0.000000;0.000000;0.000000;0.000000;0.000000;0.000000;0.125893;0.000000;0.000000;0.085109;0.000000;0.000000;0.000000;0.083877;0.000000;0.000000;0.000000;0.000000;0.000000;0.000000;0.000000;0.000000;0.000000;0.091513;0.000000;0.109069;0.000000;0.000000;0.061337;0.000000;0.000000;0.000000;0.248077;0.000000;0.000000;0.000000;0.059400;0.000000;0.000000;0.000000;0.000000;0.000000;0.000000;0.000000,0;0;0;1;0;0;0;0;0;0;0;0;0;0;0;0;0;0;0;0;0;0;0;0;0;1;0;0;1;0;0;0;1;0;0;0;0;0;0;0;0;0;2;0;1;0;0;1;0;0;0;2;0;0;0;1;0;0;0;0;0;0;0,0.0,4608,3456
43a781c702c29667.jpg,42,0.000000;0.000000;0.000000;0.000000;0.000000;0.000000;0.000000;0.000000;0.000000;0.000000;0.000000;0.000000;0.000000;0.000000;0.000000;0.000000;0.000000;0.057227;0.000000;0.000000;0.000000;0.000000;0.000000;0.051235;0.000000;0.000000;0.000000;0.000000;0.000000;0.136488;0.295133;0.000000;0.000000;0.000000;0.000000;0.056105;0.131067;0.331335;0.000000;0.000000;0.000000;0.000000,0;0;0;0;0;0;0;0;0;0;0;0;0;0;0;0;0;1;0;0;0;0;0;1;0;0;0;0;0;1;2;0;0;0;0;1;3;2;0;0;0;0,0.0,3267,2865
45063c6e8cc46408.jpg,42,0.000000;0.000000;0.000000;0.000000;0.000000;0.000000;0.000000;0.000000;0.000000;0.000000;0.000000;0.000000;0.096586;0.000000;0.000000;0.000000;0.000000;0.071819;0.127219;0.000000;0.000000;0.058849;0.000000;0.062270;0.064023;0.000000;0.000000;0.182469;0.000000;0.122561;0.085372;0.082585;0.000000;0.000000;0.000000;0.000000;0.130167;0.141718;0.050264;0.000000;0.000000;0.000000,0;0;0;0;0;0;0;0;0;0;0;0;1;0;0;0;0;1;1;0;0;1;0;1;1;0;0;3;0;1;2;2;0;0;0;0;1;1;1;0;0;0,0.0,3648,2736
46451248f4622dee.jpg,35,0.056785;0.076856;0.064949;0.000000;0.000000;0.000000;0.000000;0.000000;0.000000;0.000000;0.000000;0.000000;0.060784;0.070035;0.000000;0.000000;0.000000;0.000000;0.139755;0.000000;0.000000;0.000000;0.000000;0.000000;0.000000;0.309884;0.000000;0.000000;0.000000;0.000000;0.000000;0.000000;0.000000;0.000000;0.000000,1;1;1;0;0;0;0;0;0;0;0;0;1;1;0;0;0;0;1;0;0;0;0;0;0;2;0;0;0;0;0;0;0;0;0,0.0,3264,2448
46c63f45262a8ac5.jpg,35,0.000000;0.000000;0.209439;0.000000;0.000000;0.000000;0.000000;0.000000;0.000000;0.000000;0.000000;0.189926;0.000000;0.084715;0.000000;0.331864;0.175529;0.513640;0.256503;0.330572;0.000000;0.119235;0.091109;0.000000;0.000000;0.000000;0.180259;0.000000;0.187468;0.091353;0.000000;0.000000;0.000000;0.000000;0.000000,0;0;2;0;0;0;0;0;0;0;0;2;0;1;0;4;3;2;4;5;0;3;2;0;0;0;1;0;2;1;0;0;0;0;0,0.0,2304,3456
46f0a6283ce0eae1.jpg,12,0.000000;0.000000;0.000000;0.000000;0.075481;0.000000;0.000000;0.000000;0.077254;0.000000;0.000000;0.134619,0;0;0;0;1;0;0;0;1;0;0;1,0.0,1800,1200
472a1a286fa6e9d0.jpg,40,0.000000;0.000000;0.000000;0.000000;0.000000;0.000000;0.000000;0.000000;0.000000;0.000000;0.000000;0.000000;0.000000;0.000000;0.000000;0.000000;0.000000;0.000000;0.000000;0.000000;0.000000;0.000000;0.000000;0.000000;0.000000;0.000000;0.000000;0.000000;0.000000;0.000000;0.000000;0.000000;0.000000;0.000000;0.000000;0.000000;0.000000;0.000000;0.000000;0.000000,0;0;0;0;0;0;0;0;0;0;0;0;0;0;0;0;0;0;0;0;0;0;0;0;0;0;0;0;0;0;0;0;0;0;0;0;0;0;0;0,0.0,2644,3966
47e88023d529b327.jpg,35,0.000000;0.000000;0.000000;0.000000;0.000000;0.000000;0.000000;0.000000;0.273606;0.000000;0.000000;0.000000;0.000000;0.000000;0.000000;0.000000;0.000000;0.000000;0.000000;0.000000;0.000000;0.000000;0.081070;0.579146;0.000000;0.000000;0.000000;0.000000;0.000000;0.000000;0.717391;0.000000;0.000000;0.000000;0.000000,0;0;0;0;0;0;0;0;2;0;0;0;0;0;0;0;0;0;0;0;0;0;1;1;0;0;0;0;0;0;1;0;0;0;0,0.0,3264,2448
486259c7e00810d7.jpg,70,0.000000;0.087757;0.000000;0.080072;0.175908;0.155074;0.000000;0.170228;0.056909;0.000000;0.000000;0.000000;0.000000;0.086211;0.000000;0.000000;0.000000;0.694891;0.437241;0.000000;0.000000;0.000000;0.000000;0.000000;0.000000;0.000000;0.000000;0.000000;0.000000;0.000000;0.000000;0.000000;0.000000;0.056233;0.000000;0.000000;0.000000;0.000000;0.000000;0.000000;0.000000;0.000000;0.000000;0.000000;0.000000;0.623776;0.297866;0.000000;0.522674;0.607043;0.067924;0.000000;0.117438;0.150661;0.000000;0.097959;0.533947;0.000000;0.000000;0.000000;0.070333;0.000000;0.107838;0.150701;0.000000;0.000000;0.000000;0.000000;0.000000;0.000000,0;1;0;1;1;1;0;1;1;0;0;0;0;3;0;0;0;1;1;0;0;0;0;0;0;0;0;0;0;0;0;0;0;1;0;0;0;0;0;0;0;0;0;0;0;1;2;0;2;2;1;0;1;2;0;1;2;0;0;0;1;0;1;3;0;0;0;0;0;0,0.0,4928,3264
49fe94c183f65ff0.jpg,96,0.000000;0.000000;0.000000;0.000000;0.000000;0.000000;0.000000;0.000000;0.000000;0.000000;0.000000;0.000000;0.000000;0.000000;0.000000;0.000000;0.000000;0.000000;0.000000;0.000000;0.000000;0.000000;0.000000;0.000000;0.000000;0.000000;0.000000;0.000000;0.191458;0.000000;0.000000;0.000000;0.000000;0.000000;0.000000;0.000000;0.000000;0.093118;0.000000;0.000000;0.068970;0.000000;0.000000;0.000000;0.000000;0.000000;0.000000;0.000000;0.000000;0.000000;0.000000;0.000000;0.475726;0.000000;0.000000;0.000000;0.400858;0.000000;0.000000;0.072555;0.000000;0.000000;0.000000;0.000000;0.000000;0.000000;0.000000;0.000000;0.000000;0.000000;0.000000;0.000000;0.000000;0.000000;0.000000;0.000000;0.000000;0.000000;0.000000;0.000000;0.000000;0.000000;0.000000;0.000000;0.000000;0.000000;0.000000;0.000000;0.000000;0.000000;0.000000;0.000000;0.000000;0.000000;0.000000;0.000000,0;0;0;0;0;0;0;0;0;0;0;0;0;0;0;0;0;0;0;0;0;0;0;0;0;0;0;0;4;0;0;0;0;0;0;0;0;1;0;0;2;0;0;0;0;0;0;0;0;0;0;0;2;0;0;0;2;0;0;1;0;0;0;0;0;0;0;0;0;0;0;0;0;0;0;0;0;0;0;0;0;0;0;0;0;0;0;0;0;0;0;0;0;0;0;0,0.0,5952,3968
4a4dbed2e17bce1f.jpg,6,0.658534;0.108749;0.132155;0.707931;0.053015;0.060564,1;2;2;1;1;1,0.702154,1200,800
4aafa0afe0e581d6.jpg,35,0.000000;0.000000;0.000000;0.000000;0.068479;0.000000;0.000000;0.000000;0.113304;0.000000;0.194594;0.000000;0.250951;0.248009;0.000000;0.092318;0.133622;0.315100;0.000000;0.000000;0.000000;0.090436;0.000000;0.297316;0.534094;0.195414;0.680023;0.689038;0.000000;0.192253;0.057389;0.000000;0.000000;0.000000;0.000000,0;0;0;0;1;0;0;0;1;0;1;0;1;1;0;3;1;3;0;0;0;1;0;2;1;1;1;1;0;1;1;0;0;0;0,0.432837,3264,2448
4ac0687764ff6b0e.jpg,54,0.000000;0.000000;0.000000;0.000000;0.000000;0.000000;0.000000;0.000000;0.000000;0.000000;0.000000;0.000000;0.000000;0.000000;0.000000;0.000000;0.000000;0.000000;0.000000;0.000000;0.000000;0.000000;0.000000;0.000000;0.000000;0.000000;0.000000;0.000000;0.000000;0.000000;0.000000;0.000000;0.000000;0.000000;0.000000;0.000000;0.000000;0.000000;0.000000;0.000000;0.000000;0.000000;0.000000;0.000000;0.000000;0.000000;0.000000;0.000000;0.000000;0.000000;0.000000;0.000000;0.000000;0.000000,0;0;0;0;0;0;0;0;0;0;0;0;0;0;0;0;0;0;0;0;0;0;0;0;0;0;0;0;0;0;0;0;0;0;0;0;0;0;0;0;0;0;0;0;0;0;0;0;0;0;0;0;0;0,0.0,2848,4288
4aeff1c5aeecad60.jpg,20,0.000000;0.000000;0.000000;0.079639;0.059433;0.417158;0.000000;0.000000;0.000000;0.000000;0.218209;0.278389;0.189622;0.069765;0.643963;0.127769;0.415654;0.194855;0.177504;0.684367,0;0;0;2;1;1;0;0;0;0;2;3;2;1;1;1;3;1;2;1,0.0,2249,1687
4b18034fafb73ccc.jpg,15,0.324819;0.000000;0.000000;0.157148;0.000000;0.000000;0.000000;0.000000;0.082845;0.000000;0.000000;0.067468;0.000000;0.077680;0.000000,1;0;0;1;0;0;0;0;1;0;0;1;0;1;0,0.100829,2606,1234
4b61f8479a4631f6.jpg,70,0.414626;0.000000;0.000000;0.000000;0.000000;0.116906;0.315868;0.000000;0.000000;0.000000;0.000000;0.000000;0.000000;0.000000;0.000000;0.000000;0.000000;0.000000;0.000000;0.000000;0.000000;0.000000;0.572091;0.000000;0.102405;0.000000;0.000000;0.000000;0.000000;0.000000;0.000000;0.000000;0.486415;0.000000;0.630570;0.061398;0.000000;0.000000;0.000000;0.000000;0.000000;0.000000;0.000000;0.107286;0.000000;0.000000;0.000000;0.000000;0.000000;0.000000;0.000000;0.000000;0.000000;0.000000;0.000000;0.000000;0.000000;0.000000;0.000000;0.000000;0.000000;0.000000;0.000000;0.000000;0.000000;0.000000;0.000000;0.000000;0.000000;0.000000,1;0;0;0;0;3;2;0;0;0;0;0;0;0;0;0;0;0;0;0;0;0;1;0;1;0;0;0;0;0;0;0;1;0;2;1;0;0;0;0;0;0;0;1;0;0;0;0;0;0;0;0;0;0;0;0;0;0;0;0;0;0;0;0;0;0;0;0;0;0,0.0,5184,3456
4b9ed4dcbe4c4faf.jpg,4,0.000000;0.000000;0.000000;0.000000,0;0;0;0,0.127162,826,826
4bda19904e1caedd.jpg,4,0.000000;0.000000;0.000000;0.000000,0;0;0;0,0.0,1024,768
4bf3c53fa37915db.jpg,20,0.000000;0.000000;0.000000;0.000000;0.000000;0.000000;0.058586;0.121271;0.248579;0.208989;0.000000;0.107983;0.000000;0.000000;0.000000;0.053807;0.000000;0.000000;0.000000;0.000000,0;0;0;0;0;0;1;1;1;2;0;3;0;0;0;1;0;0;0;0,0.0,2201,2022
4c01e7ba0e29df8c.jpg,42,0.000000;0.000000;0.000000;0.000000;0.000000;0.000000;0.000000;0.000000;0.000000;0.000000;0.000000;0.000000;0.000000;0.000000;0.000000;0.000000;0.000000;0.000000;0.000000;0.000000;0.000000;0.000000;0.000000;0.000000;0.100586;0.000000;0.000000;0.000000;0.000000;0.000000;0.071711;0.000000;0.000000;0.000000;0.000000;0.000000;0.000000;0.000000;0.000000;0.000000;0.000000;0.000000,0;0;0;0;0;0;0;0;0;0;0;0;0;0;0;0;0;0;0;0;0;0;0;0;1;0;0;0;0;0;1;0;0;0;0;0;0;0;0;0;0;0,0.0,3648,2736
4e24222b68123ef3.jpg,35,0.000000;0.083611;0.000000;0.000000;0.000000;0.000000;0.000000;0.000000;0.000000;0.000000;0.000000;0.000000;0.000000;0.000000;0.000000;0.000000;0.113758;0.159944;0.000000;0.306779;0.000000;0.072499;0.000000;0.000000;0.000000;0.000000;0.000000;0.000000;0.000000;0.000000;0.000000;0.000000;0.000000;0.000000;0.000000,0;1;0;0;0;0;0;0;0;0;0;0;0;0;0;0;1;1;0;1;0;1;0;0;0;0;0;0;0;0;0;0;0;0;0,0.097862,2448,3264
4f75c3917514e21e.jpg,4,0.000000;0.246192;0.000000;0.264286,0;1;0;2,0.058964,1024,768
4fdcd3df7c6d8c72.jpg,12,0.000000;0.058670;0.000000;0.000000;0.300848;0.000000;0.000000;0.057240;0.147705;0.000000;0.000000;0.152497,0;1;0;0;2;0;0;1;1;0;0;2,0.175237,2048,1536
503d57029de0f6ce.jpg,9,0.062086;0.000000;0.000000;0.355820;0.061600;0.000000;0.156094;0.054541;0.000000,1;0;0;1;1;0;1;1;0,0.104276,1600,1200
50a8e0f047581eee.jpg,12,0.000000;0.000000;0.173124;0.285688;0.081938;0.000000;0.000000;0.213202;0.248284;0.000000;0.000000;0.296539,0;0;1;2;1;0;0;2;1;0;0;3,0.160029,2048,1536
50c532b8fc3c8d01.jpg,60,0.000000;0.000000;0.000000;0.000000;0.000000;0.000000;0.000000;0.000000;0.000000;0.000000;0.000000;0.000000;0.000000;0.000000;0.000000;0.000000;0.000000;0.000000;0.000000;0.000000;0.000000;0.000000;0.000000;0.000000;0.000000;0.000000;0.000000;0.000000;0.000000;0.000000;0.000000;0.000000;0.000000;0.000000;0.000000;0.000000;0.000000;0.084449;0.000000;0.000000;0.000000;0.000000;0.000000;0.000000;0.000000;0.000000;0.000000;0.000000;0.000000;0.000000;0.000000;0.000000;0.000000;0.000000;0.000000;0.000000;0.000000;0.000000;0.000000;0.000000,0;0;0;0;0;0;0;0;0;0;0;0;0;0;0;0;0;0;0;0;0;0;0;0;0;0;0;0;0;0;0;0;0;0;0;0;0;2;0;0;0;0;0;0;0;0;0;0;0;0;0;0;0;0;0;0;0;0;0;0,0.0,3168,4752
5373f1de6b6aa919.jpg,48,0.000000;0.068895;0.000000;0.223822;0.414007;0.000000;0.000000;0.000000;0.070022;0.000000;0.000000;0.352604;0.198428;0.000000;0.000000;0.000000;0.198043;0.000000;0.000000;0.127312;0.000000;0.188596;0.000000;0.000000;0.185265;0.000000;0.000000;0.090771;0.000000;0.131819;0.000000;0.000000;0.064521;0.000000;0.000000;0.000000;0.000000;0.000000;0.000000;0.000000;0.000000;0.000000;0.000000;0.000000;0.000000;0.000000;0.000000;0.000000,0;1;0;3;1;0;0;0;3;0;0;1;2;0;0;0;2;0;0;1;0;2;0;0;1;0;0;2;0;3;0;0;1;0;0;0;0;0;0;0;0;0;0;0;0;0;0;0,0.0,4000,3000
53d655a363955c91.jpg,16,0.082944;0.051429;0.000000;0.000000;0.081483;0.405188;0.119792;0.358789;0.000000;0.000000;0.050990;0.000000;0.000000;0.000000;0.204093;0.000000,1;1;0;0;1;1;1;2;0;0;1;0;0;0;4;0,0.0,2128,2018
53e5eeeff0fd0bc0.jpg,24,0.065848;0.000000;0.000000;0.205791;0.127243;0.121897;0.000000;0.147290;0.239901;0.170556;0.369865;0.393506;0.060648;0.000000;0.189243;0.268238;0.000000;0.000000;0.000000;0.000000;0.000000;0.000000;0.000000;0.000000,1;0;0;4;1;1;0;3;2;1;1;2;1;0;2;4;0;0;0;0;0;0;0;0,0.0,2816,2112
5444099c2d172faa.jpg,66,0.000000;0.000000;0.000000;0.000000;0.000000;0.000000;0.257178;0.232775;0.060092;0.051546;0.063042;0.199190;0.000000;0.718475;0.000000;0.000000;0.000000;0.000000;0.378311;0.000000;0.000000;0.000000;0.054740;0.000000;0.000000;0.000000;0.000000;0.000000;0.000000;0.000000;0.000000;0.202868;0.000000;0.000000;0.000000;0.000000;0.000000;0.000000;0.000000;0.101885;0.800750;0.760849;0.098622;0.000000;0.000000;0.000000;0.000000;0.251380;0.000000;0.000000;0.000000;0.795927;0.695881;0.000000;0.000000;0.000000;0.000000;0.000000;0.000000;0.309918;0.000000;0.000000;0.000000;0.000000;0.000000;0.000000,0;0;0;0;0;0;1;2;1;1;1;2;0;1;0;0;0;0;1;0;0;0;2;0;0;0;0;0;0;0;0;2;0;0;0;0;0;0;0;2;1;1;1;0;0;0;0;3;0;0;0;1;1;0;0;0;0;0;0;3;0;0;0;0;0;0,0.0,5312,2988
54920c65b10d266b.jpg,15,0.000000;0.000000;0.696982;0.579855;0.574099;0.000000;0.000000;0.000000;0.650625;0.655992;0.259934;0.000000;0.000000;0.079008;0.224689,0;0;2;2;1;0;0;0;1;1;2;0;0;1;1,0.0,2292,1529
5600ccf0c7e30577.jpg,60,0.055992;0.000000;0.000000;0.000000;0.000000;0.000000;0.000000;0.122399;0.000000;0.000000;0.000000;0.000000;0.000000;0.000000;0.000000;0.000000;0.000000;0.000000;0.000000;0.000000;0.000000;0.000000;0.000000;0.000000;0.000000;0.000000;0.000000;0.000000;0.000000;0.000000;0.000000;0.000000;0.000000;0.000000;0.000000;0.000000;0.000000;0.000000;0.000000;0.000000;0.000000;0.000000;0.000000;0.000000;0.000000;0.000000;0.000000;0.000000;0.000000;0.000000;0.000000;0.000000;0.000000;0.000000;0.000000;0.000000;0.000000;0.000000;0.000000;0.000000,1;0;0;0;0;0;0;1;0;0;0;0;0;0;0;0;0;0;0;0;0;0;0;0;0;0;0;0;0;0;0;0;0;0;0;0;0;0;0;0;0;0;0;0;0;0;0;0;0;0;0;0;0;0;0;0;0;0;0;0,0.0,4752,3168
561f1cadde8c0725.jpg,6,0.000000;0.000000;0.000000;0.000000;0.294824;0.000000,0;0;0;0;2;0,0.0,852,1280
579c6faafbaa925c.jpg,24,0.000000;0.000000;0.000000;0.051507;0.144993;0.070278;0.000000;0.000000;0.000000;0.000000;0.000000;0.000000;0.000000;0.000000;0.163501;0.347419;0.000000;0.000000;0.173330;0.000000;0.000000;0.000000;0.000000;0.000000,0;0;0;1;3;2;0;0;0;0;0;0;0;0;1;1;0;0;2;0;0;0;0;0,0.180384,2816,2112
57ea92b50b73dc3c.jpg,6,0.603737;0.355775;0.000000;0.597706;0.348100;0.000000,1;3;0;2;3;0,0.0,1502,1093
5879df830691ccc2.jpg,70,0.000000;0.000000;0.000000;0.000000;0.000000;0.000000;0.000000;0.000000;0.000000;0.000000;0.000000;0.000000;0.000000;0.000000;0.140449;0.000000;0.000000;0.000000;0.000000;0.000000;0.000000;0.000000;0.000000;0.000000;0.097780;0.000000;0.000000;0.000000;0.000000;0.000000;0.000000;0.586254;0.000000;0.000000;0.855913;0.788653;0.000000;0.000000;0.000000;0.000000;0.000000;0.000000;0.000000;0.090226;0.000000;0.058178;0.786535;0.314004;0.000000;0.000000;0.000000;0.000000;0.000000;0.112439;0.067477;0.000000;0.000000;0.000000;0.000000;0.000000;0.000000;0.000000;0.000000;0.000000;0.000000;0.000000;0.000000;0.000000;0.000000;0.000000,0;0;0;0;0;0;0;0;0;0;0;0;0;0;2;0;0;0;0;0;0;0;0;0;1;0;0;0;0;0;0;1;0;0;1;1;0;0;0;0;0;0;0;2;0;1;3;4;0;0;0;0;0;1;1;0;0;0;0;0;0;0;0;0;0;0;0;0;0;0,0.0,4928,3264
5914652d54179cb8.jpg,30,0.000000;0.000000;0.000000;0.000000;0.000000;0.206676;0.000000;0.000000;0.000000;0.000000;0.000000;0.000000;0.000000;0.000000;0.000000;0.000000;0.000000;0.000000;0.114073;0.000000;0.000000;0.000000;0.000000;0.000000;0.000000;0.000000;0.000000;0.000000;0.000000;0.000000,0;0;0;0;0;1;0;0;0;0;0;0;0;0;0;0;0;0;2;0;0;0;0;0;0;0;0;0;0;0,0.0,2304,3072
592e029deb4fe7d9.jpg,24,0.000000;0.000000;0.000000;0.000000;0.067548;0.458124;0.246784;0.066829;0.000000;0.155647;0.000000;0.659630;0.296566;0.207716;0.000000;0.381572;0.000000;0.089970;0.453350;0.000000;0.000000;0.241122;0.000000;0.000000,0;0;0;0;1;1;1;1;0;1;0;1;1;2;0;2;0;2;2;0;0;1;0;0,0.090112,2048,3072
5a3f94aa35766f31.jpg,12,0.275790;0.220313;0.079146;0.080236;0.000000;0.000000;0.096461;0.000000;0.000000;0.000000;0.000000;0.000000,1;1;2;1;0;0;1;0;0;0;0;0,0.127017,1942,1573
5b109ce979789e04.jpg,4,0.000000;0.050231;0.313943;0.058455,0;1;1;1,0.124382,768,1024
5b1d138d06e98ea8.jpg,54,0.000000;0.000000;0.000000;0.000000;0.624454;0.000000;0.154553;0.379675;0.000000;0.000000;0.000000;0.274431;0.000000;0.000000;0.000000;0.000000;0.000000;0.000000;0.000000;0.137623;0.224404;0.169441;0.000000;0.000000;0.155451;0.000000;0.000000;0.000000;0.000000;0.000000;0.074036;0.346671;0.000000;0.056730;0.000000;0.000000;0.000000;0.000000;0.000000;0.000000;0.000000;0.000000;0.000000;0.000000;0.000000;0.000000;0.000000;0.000000;0.000000;0.000000;0.000000;0.000000;0.000000;0.000000,0;0;0;0;2;0;3;2;0;0;0;1;0;0;0;0;0;0;0;1;4;3;0;0;3;0;0;0;0;0;1;2;0;1;0;0;0;0;0;0;0;0;0;0;0;0;0;0;0;0;0;0;0;0,0.306369,4512,3000
5b80f63cbb821353.jpg,35,0.000000;0.000000;0.000000;0.000000;0.000000;0.000000;0.000000;0.253973;0.182666;0.164893;0.000000;0.000000;0.000000;0.000000;0.237116;0.676484;0.230861;0.000000;0.000000;0.140324;0.238939;0.000000;0.000000;0.000000;0.000000;0.000000;0.000000;0.000000;0.000000;0.000000;0.000000;0.000000;0.000000;0.000000;0.000000,0;0;0;0;0;0;0;3;2;1;0;0;0;0;5;1;5;0;0;2;2;0;0;0;0;0;0;0;0;0;0;0;0;0;0,0.082522,3264,2448
5c26e35b1142af29.jpg,30,0.000000;0.000000;0.000000;0.000000;0.000000;0.000000;0.552890;0.157255;0.000000;0.000000;0.000000;0.000000;0.087855;0.000000;0.094418;0.068019;0.000000;0.000000;0.000000;0.000000;0.000000;0.000000;0.000000;0.000000;0.000000;0.000000;0.115110;0.000000;0.000000;0.000000,0;0;0;0;0;0;1;2;0;0;0;0;1;0;1;1;0;0;0;0;0;0;0;0;0;0;1;0;0;0,0.150582,2864,2243
5c5e083a2b33c597.jpg,9,0.107417;0.448733;0.000000;0.000000;0.241074;0.063107;0.000000;0.302511;0.061334,1;1;0;0;2;1;0;2;1,0.274587,1574,1166
5f3e35510132c638.jpg,40,0.000000;0.000000;0.000000;0.000000;0.000000;0.000000;0.000000;0.000000;0.000000;0.000000;0.000000;0.000000;0.000000;0.000000;0.000000;0.000000;0.000000;0.000000;0.000000;0.110620;0.093007;0.000000;0.000000;0.000000;0.000000;0.000000;0.000000;0.067900;0.000000;0.000000;0.000000;0.000000;0.000000;0.000000;0.000000;0.000000;0.000000;0.000000;0.000000;0.000000,0;0;0;0;0;0;0;0;0;0;0;0;0;0;0;0;0;0;0;1;2;0;0;0;0;0;0;1;0;0;0;0;0;0;0;0;0;0;0;0,0.148303,3888,2588
5fb84fd5ef312440.jpg,12,0.000000;0.000000;0.000000;0.000000;0.000000;0.053402;0.000000;0.000000;0.000000;0.000000;0.000000;0.052291,0;0;0;0;0;1;0;0;0;0;0;1,0.190574,1927,1320
5fc261e9497193e1.jpg,9,0.000000;0.000000;0.217337;0.000000;0.233697;0.000000;0.000000;0.266998;0.000000,0;0;1;0;2;0;0;2;0,0.0,1632,1232
604e5ac986858a9b.jpg,20,0.000000;0.000000;0.000000;0.076620;0.000000;0.000000;0.000000;0.000000;0.000000;0.000000;0.000000;0.051949;0.099612;0.104860;0.000000;0.000000;0.000000;0.000000;0.071785;0.000000,0;0;0;1;0;0;0;0;0;0;0;1;1;2;0;0;0;0;2;0,0.0,2560,1920
61ad65e21ea94463.jpg,9,0.000000;0.000000;0.000000;0.056895;0.000000;0.000000;0.000000;0.000000;0.000000,0;0;0;1;0;0;0;0;0,0.0,1500,1500
628f098fe63cfc2d.jpg,12,0.000000;0.000000;0.000000;0.000000;0.000000;0.055692;0.000000;0.052413;0.000000;0.000000;0.000000;0.000000,0;0;0;0;0;1;0;1;0;0;0;0,0.0,1804,1328
62f5b3b114f74ea8.jpg,48,0.000000;0.000000;0.000000;0.000000;0.000000;0.000000;0.000000;0.385026;0.000000;0.000000;0.177508;0.211104;0.096278;0.053827;0.192254;0.000000;0.000000;0.000000;0.093467;0.240032;0.000000;0.000000;0.061048;0.000000;0.000000;0.000000;0.000000;0.104364;0.255922;0.052708;0.000000;0.000000;0.000000;0.000000;0.000000;0.000000;0.071487;0.205167;0.000000;0.000000;0.000000;0.000000;0.000000;0.057514;0.199228;0.310668;0.000000;0.000000,0;0;0;0;0;0;0;2;0;0;3;1;2;1;2;0;0;0;1;1;0;0;1;0;0;0;0;1;1;1;0;0;0;0;0;0;1;5;0;0;0;0;0;1;4;1;0;0,0.0,4000,3000
640bede79b581f12.jpg,6,0.319850;0.140620;0.110463;0.000000;0.000000;0.000000,2;2;2;0;0;0,0.301163,1280,960
641a1085804fb145.jpg,9,0.148114;0.387346;0.294114;0.000000;0.724914;0.000000;0.000000;0.213767;0.000000,2;1;1;0;1;0;0;5;0,0.0,1608,1608
64d4e6c161a25dc2.jpg,6,0.000000;0.000000;0.000000;0.000000;0.000000;0.058824,0;0;0;0;0;1,0.0,853,1280
64e01cd5145307d3.jpg,6,0.000000;0.000000;0.000000;0.000000;0.000000;0.000000,0;0;0;0;0;0,0.0,1600,1067
651ff832c1cfec32.jpg,20,0.000000;0.000000;0.143029;0.146587;0.170879;0.000000;0.000000;0.000000;0.000000;0.000000;0.000000;0.000000;0.000000;0.000000;0.000000;0.000000;0.000000;0.000000;0.000000;0.000000,0;0;1;2;2;0;0;0;0;0;0;0;0;0;0;0;0;0;0;0,0.0,2272,1704
656abc78a9534c08.jpg,6,0.228478;0.105028;0.000000;0.000000;0.000000;0.274058,1;2;0;0;0;1,0.059786,1038,1344
65924623968e80ed.jpg,24,0.000000;0.284399;0.000000;0.000000;0.158295;0.000000;0.000000;0.082428;0.070680;0.000000;0.000000;0.000000;0.000000;0.000000;0.000000;0.347184;0.000000;0.000000;0.000000;0.000000;0.000000;0.000000;0.143933;0.000000,0;2;0;0;2;0;0;1;1;0;0;0;0;0;0;3;0;0;0;0;0;0;1;0,0.11211,3000,2007
65f8d16eaf291cce.jpg,70,0.106042;0.000000;0.100875;0.380502;0.000000;0.000000;0.000000;0.000000;0.000000;0.000000;0.053721;0.165845;0.272135;0.000000;0.000000;0.000000;0.000000;0.069082;0.000000;0.000000;0.335754;0.480406;0.000000;0.240935;0.000000;0.185979;0.234207;0.059259;0.091551;0.240925;0.000000;0.102990;0.152414;0.220474;0.168994;0.076234;0.155678;0.102049;0.000000;0.182130;0.098835;0.059613;0.575668;0.083418;0.157476;0.625152;0.000000;0.000000;0.000000;0.000000;0.211907;0.753467;0.059484;0.081469;0.601778;0.661230;0.000000;0.000000;0.000000;0.000000;0.000000;0.386065;0.206331;0.566686;0.296140;0.167324;0.000000;0.000000;0.000000;0.000000,1;0;1;2;0;0;0;0;0;0;1;4;2;0;0;0;0;1;0;0;1;2;0;2;0;1;2;1;2;1;0;1;1;2;4;1;2;1;0;2;1;1;1;2;1;2;0;0;0;0;2;2;1;1;2;1;0;0;0;0;0;2;1;1;1;1;0;0;0;0,0.0,5184,3456
66a8d1c74ad49ea1.jpg,24,0.000000;0.000000;0.000000;0.000000;0.000000;0.000000;0.000000;0.000000;0.000000;0.000000;0.000000;0.000000;0.000000;0.000000;0.180895;0.088933;0.000000;0.315532;0.000000;0.000000;0.000000;0.077046;0.056140;0.000000,0;0;0;0;0;0;0;0;0;0;0;0;0;0;1;2;0;1;0;0;0;2;1;0,0.0,2048,2838
67fcac04edc0ace5.jpg,35,0.000000;0.000000;0.075344;0.136763;0.162580;0.000000;0.000000;0.000000;0.000000;0.000000;0.418261;0.524134;0.054904;0.000000;0.071312;0.000000;0.000000;0.000000;0.000000;0.000000;0.053142;0.000000;0.000000;0.000000;0.000000;0.000000;0.000000;0.000000;0.000000;0.000000;0.000000;0.000000;0.000000;0.000000;0.000000,0;0;2;1;1;0;0;0;0;0;1;2;1;0;1;0;0;0;0;0;1;0;0;0;0;0;0;0;0;0;0;0;0;0;0,0.223556,3456,2304
686f1e0d4a0b47cb.jpg,6,0.118635;0.099818;0.000000;0.065560;0.000000;0.000000,2;1;0;2;0;0,0.0,1440,900
6a007d6f6df275ce.jpg,36,0.113674;0.335989;0.095670;0.000000;0.000000;0.000000;0.603600;0.765567;0.219820;0.311009;0.000000;0.000000;0.000000;0.000000;0.000000;0.000000;0.000000;0.059055;0.072300;0.230365;0.000000;0.000000;0.059512;0.081890;0.092427;0.000000;0.000000;0.000000;0.223944;0.000000;0.000000;0.292568;0.092296;0.000000;0.000000;0.172115,3;1;1;0;0;0;1;3;1;4;0;0;0;0;0;0;0;2;1;2;0;0;1;3;1;0;0;0;2;0;0;2;1;0;0;1,0.0,2894,3078
6a17b9db2164e958.jpg,4,0.368302;0.369896;0.063927;0.140462,1;4;1;4,0.076552,1024,768
6ae69b25fa8d3526.jpg,20,0.457043;0.000000;0.000000;0.000000;0.000000;0.405731;0.000000;0.000000;0.275582;0.280677;0.000000;0.000000;0.000000;0.000000;0.000000;0.000000;0.000000;0.000000;0.000000;0.000000,2;0;0;0;0;1;0;0;1;3;0;0;0;0;0;0;0;0;0;0,0.0,2272,1704
6b53dab4ef57aada.jpg,6,0.000000;0.000000;0.082926;0.000000;0.000000;0.057352,0;0;1;0;0;1,0.141981,1600,1067
6e0add6a4deeb0b3.jpg,9,0.000000;0.153117;0.000000;0.062063;0.051122;0.000000;0.126954;0.000000;0.000000,0;1;0;1;1;0;1;0;0,0.0,1628,1221
6f77c153f44d6168.jpg,56,0.735554;0.000000;0.080977;0.558400;0.000000;0.087787;0.000000;0.399841;0.071745;0.000000;0.000000;0.000000;0.000000;0.000000;0.000000;0.346122;0.000000;0.000000;0.284261;0.000000;0.000000;0.000000;0.000000;0.000000;0.000000;0.000000;0.067776;0.000000;0.000000;0.000000;0.000000;0.000000;0.000000;0.000000;0.000000;0.000000;0.092773;0.000000;0.000000;0.212821;0.644851;0.000000;0.000000;0.000000;0.068310;0.000000;0.000000;0.000000;0.676256;0.000000;0.000000;0.000000;0.000000;0.000000;0.059856;0.000000,1;0;2;2;0;1;0;2;1;0;0;0;0;0;0;3;0;0;3;0;0;0;0;0;0;0;1;0;0;0;0;0;0;0;0;0;3;0;0;3;1;0;0;0;1;0;0;0;1;0;0;0;0;0;1;0,0.168916,4144,3216
70921eefb1bf4f1a.jpg,9,0.000000;0.000000;0.000000;0.000000;0.000000;0.000000;0.000000;0.000000;0.000000,0;0;0;0;0;0;0;0;0,0.0,1200,1600
7182a2a2ab3fba55.jpg,4,0.194872;0.080308;0.086440;0.074204,5;1;7;1,0.524955,1024,768
7346721d1818fba2.jpg,56,0.285595;0.260324;0.262221;0.000000;0.000000;0.207692;0.209332;0.000000;0.430837;0.000000;0.099807;0.000000;0.000000;0.000000;0.000000;0.000000;0.000000;0.000000;0.000000;0.000000;0.000000;0.207410;0.056186;0.000000;0.000000;0.000000;0.000000;0.000000;0.000000;0.000000;0.080946;0.000000;0.000000;0.065694;0.066936;0.167213;0.000000;0.000000;0.000000;0.000000;0.000000;0.000000;0.057729;0.000000;0.000000;0.000000;0.000000;0.000000;0.000000;0.000000;0.088064;0.000000;0.000000;0.000000;0.000000;0.000000,2;2;5;0;0;1;2;0;1;0;1;0;0;0;0;0;0;0;0;0;0;1;1;0;0;0;0;0;0;0;1;0;0;1;1;2;0;0;0;0;0;0;1;0;0;0;0;0;0;0;1;0;0;0;0;0,0.0,3225,4144
74ee6d1b58ae2e70.jpg,24,0.000000;0.000000;0.000000;0.692422;0.000000;0.052633;0.000000;0.000000;0.000000;0.000000;0.000000;0.000000;0.000000;0.000000;0.000000;0.000000;0.000000;0.000000;0.000000;0.000000;0.000000;0.000000;0.000000;0.000000,0;0;0;1;0;1;0;0;0;0;0;0;0;0;0;0;0;0;0;0;0;0;0;0,0.0,3008,2000
76a4ee349b7a53eb.jpg,12,0.000000;0.000000;0.000000;0.000000;0.000000;0.000000;0.111389;0.000000;0.000000;0.000000;0.363544;0.185785,0;0;0;0;0;0;1;0;0;0;1;1,0.0,1536,2048
7986a227e8b444fd.jpg,24,0.000000;0.000000;0.000000;0.000000;0.000000;0.000000;0.000000;0.000000;0.000000;0.000000;0.000000;0.000000;0.000000;0.000000;0.000000;0.000000;0.000000;0.000000;0.000000;0.000000;0.000000;0.000000;0.000000;0.000000,0;0;0;0;0;0;0;0;0;0;0;0;0;0;0;0;0;0;0;0;0;0;0;0,0.0,3054,2036
7a32cfdda64af618.jpg,48,0.093630;0.138310;0.176106;0.136186;0.000000;0.000000;0.433008;0.000000;0.000000;0.000000;0.000000;0.000000;0.113507;0.000000;0.000000;0.000000;0.000000;0.490678;0.076851;0.000000;0.000000;0.000000;0.000000;0.381526;0.000000;0.054597;0.000000;0.000000;0.000000;0.000000;0.058041;0.000000;0.000000;0.000000;0.206905;0.000000;0.000000;0.000000;0.000000;0.000000;0.000000;0.000000;0.106465;0.000000;0.000000;0.000000;0.358861;0.599712,3;4;1;1;0;0;1;0;0;0;0;0;1;0;0;0;0;1;2;0;0;0;0;1;0;1;0;0;0;0;1;0;0;0;1;0;0;0;0;0;0;0;1;0;0;0;1;1,0.384307,4032,3024
7a3942d6c34d4885.jpg,20,0.115771;0.323239;0.104705;0.065718;0.574690;0.669211;0.000000;0.302579;0.109059;0.313835;0.225032;0.359234;0.645716;0.000000;0.000000;0.317803;0.396334;0.302189;0.261039;0.000000,1;1;1;1;3;2;0;4;2;1;2;5;6;0;0;2;5;4;1;0,0.0,2592,1936
7b2949144b34118d.jpg,6,0.000000;0.000000;0.053105;0.157213;0.000000;0.000000,0;0;1;1;0;0,0.0,1300,863
7b2d53f0e20452f4.jpg,12,0.144370;0.319472;0.000000;0.000000;0.000000;0.101783;0.099716;0.093815;0.072914;0.000000;0.070594;0.065689,1;2;0;0;0;3;1;1;1;0;1;1,0.0,2048,1536
7c631e971ee97549.jpg,20,0.000000;0.288744;0.064852;0.101934;0.000000;0.000000;0.000000;0.000000;0.000000;0.000000;0.000000;0.000000;0.000000;0.000000;0.114101;0.000000;0.173881;0.190976;0.000000;0.064647,0;8;1;1;0;0;0;0;0;0;0;0;0;0;2;0;1;1;0;1,0.05623,2360,1772
7c68f37e1eb82609.jpg,12,0.000000;0.000000;0.000000;0.000000;0.000000;0.000000;0.050769;0.473279;0.000000;0.000000;0.147636;0.375766,0;0;0;0;0;0;1;1;0;0;1;1,0.0,2000,1333
7d18603c87fd316c.jpg,6,0.000000;0.000000;0.000000;0.000000;0.000000;0.000000,0;0;0;0;0;0,0.09847,1280,937
7e0773e8d3682900.jpg,20,0.000000;0.127637;0.000000;0.000000;0.000000;0.000000;0.255152;0.115076;0.060645;0.000000;0.276616;0.057050;0.248741;0.062161;0.078427;0.178438;0.054515;0.062699;0.000000;0.087229,0;1;0;0;0;0;1;2;1;0;2;2;2;1;1;2;2;2;0;1,0.168768,2272,1704
7ea7c4a01b5a3c94.jpg,12,0.000000;0.000000;0.000000;0.000000;0.000000;0.000000;0.000000;0.000000;0.000000;0.102874;0.000000;0.150075,0;0;0;0;0;0;0;0;0;2;0;2,0.0,2048,1536
7fa25536f608af03.jpg,6,0.196575;0.000000;0.000000;0.799965;0.512660;0.000000,1;0;0;1;1;0,0.395053,1480,1048
7fd8145c82ce43c3.jpg,12,0.000000;0.000000;0.000000;0.000000;0.000000;0.000000;0.000000;0.000000;0.000000;0.000000;0.000000;0.000000,0;0;0;0;0;0;0;0;0;0;0;0,0.0,2750,1000
805d2f6bfb4f5cba.jpg,30,0.000000;0.000000;0.434811;0.054894;0.000000;0.000000;0.000000;0.844725;0.000000;0.000000;0.000000;0.000000;0.818764;0.000000;0.000000;0.057602;0.408255;0.543688;0.145850;0.000000;0.092436;0.104144;0.512953;0.082405;0.000000;0.163564;0.000000;0.000000;0.000000;0.000000,0;0;1;2;0;0;0;4;0;0;0;0;1;0;0;1;2;2;3;0;1;1;2;1;0;1;0;0;0;0,0.48309,2380,3176
8110c58c9dcfba36.jpg,28,0.546307;0.278211;0.114462;0.000000;0.260879;0.067254;0.075575;0.101633;0.267418;0.129466;0.000000;0.102533;0.000000;0.000000;0.000000;0.253223;0.154074;0.000000;0.296967;0.000000;0.000000;0.000000;0.377191;0.105217;0.000000;0.119191;0.000000;0.000000,1;2;1;0;2;1;1;1;3;4;0;1;0;0;0;2;2;0;1;0;0;0;2;3;0;2;0;0,0.061367,3264,1685
819010698b243bd6.jpg,40,0.000000;0.000000;0.000000;0.000000;0.000000;0.000000;0.000000;0.000000;0.000000;0.000000;0.097578;0.000000;0.000000;0.000000;0.000000;0.000000;0.000000;0.218217;0.000000;0.000000;0.000000;0.000000;0.060367;0.000000;0.000000;0.075373;0.000000;0.000000;0.000000;0.000000;0.000000;0.000000;0.073514;0.000000;0.000000;0.000000;0.000000;0.000000;0.000000;0.000000,0;0;0;0;0;0;0;0;0;0;1;0;0;0;0;0;0;1;0;0;0;0;1;0;0;1;0;0;0;0;0;0;1;0;0;0;0;0;0;0,0.0,2592,3888
81988b6d2a52ff05.jpg,24,0.000000;0.327454;0.691833;0.117900;0.055960;0.686778;0.181401;0.091311;0.000000;0.053755;0.000000;0.000000;0.564603;0.000000;0.000000;0.362341;0.000000;0.000000;0.000000;0.000000;0.000000;0.067297;0.000000;0.000000,0;1;3;2;1;1;1;1;0;1;0;0;2;0;0;1;0;0;0;0;0;1;0;0,0.0,3008,2000
838e2e43f4f7f8d8.jpg,50,0.000000;0.000000;0.000000;0.000000;0.141545;0.000000;0.000000;0.000000;0.000000;0.000000;0.000000;0.000000;0.201994;0.000000;0.077469;0.341410;0.145607;0.314691;0.331278;0.000000;0.000000;0.050260;0.000000;0.000000;0.000000;0.203165;0.000000;0.000000;0.000000;0.000000;0.000000;0.157467;0.228841;0.000000;0.000000;0.243844;0.000000;0.000000;0.294204;0.242480;0.102873;0.115677;0.094606;0.000000;0.000000;0.000000;0.152804;0.000000;0.000000;0.257414,0;0;0;0;1;0;0;0;0;0;0;0;1;0;1;2;1;1;2;0;0;1;0;0;0;1;0;0;0;0;0;1;1;0;0;4;0;0;2;1;2;1;1;0;0;0;1;0;0;1,0.050413,5074,2598
84d950ec0d01c200.jpg,12,0.000000;0.216964;0.274038;0.570190;0.000000;0.748852;0.745729;0.000000;0.000000;0.244744;0.075810;0.180920,0;1;1;2;0;3;1;0;0;1;1;1,0.51915,2048,1536
853b10f75cd438b5.jpg,40,0.000000;0.000000;0.000000;0.000000;0.000000;0.000000;0.000000;0.000000;0.000000;0.000000;0.000000;0.000000;0.000000;0.000000;0.000000;0.000000;0.000000;0.000000;0.000000;0.000000;0.000000;0.000000;0.000000;0.000000;0.000000;0.000000;0.000000;0.000000;0.000000;0.000000;0.000000;0.000000;0.000000;0.000000;0.000000;0.000000;0.000000;0.000000;0.000000;0.000000,0;0;0;0;0;0;0;0;0;0;0;0;0;0;0;0;0;0;0;0;0;0;0;0;0;0;0;0;0;0;0;0;0;0;0;0;0;0;0;0,0.526228,3888,2592
8614316e3cc605d2.jpg,24,0.000000;0.000000;0.000000;0.000000;0.000000;0.000000;0.000000;0.000000;0.298149;0.000000;0.000000;0.000000;0.000000;0.000000;0.087987;0.100655;0.074600;0.267969;0.000000;0.000000;0.000000;0.073643;0.085391;0.305252,0;0;0;0;0;0;0;0;1;0;0;0;0;0;2;2;2;3;0;0;0;2;1;3,0.054436,2784,1856
86d26fe72a28de02.jpg,15,0.055954;0.064374;0.208983;0.484629;0.161968;0.000000;0.081063;0.101015;0.000000;0.000000;0.000000;0.000000;0.000000;0.000000;0.000000,1;1;3;3;1;0;1;1;0;0;0;0;0;0;0,0.25683,2306,1536
870b721faf7b475d.jpg,77,0.000000;0.000000;0.223171;0.000000;0.000000;0.000000;0.067092;0.000000;0.000000;0.000000;0.000000;0.190366;0.000000;0.000000;0.000000;0.000000;0.000000;0.000000;0.000000;0.000000;0.000000;0.000000;0.000000;0.307773;0.103090;0.000000;0.000000;0.000000;0.000000;0.000000;0.000000;0.000000;0.000000;0.000000;0.864250;0.000000;0.098343;0.062281;0.059225;0.000000;0.000000;0.000000;0.000000;0.000000;0.000000;0.000000;0.407987;0.072916;0.000000;0.000000;0.000000;0.000000;0.000000;0.000000;0.000000;0.000000;0.000000;0.240949;0.000000;0.000000;0.329949;0.209249;0.104964;0.094654;0.000000;0.000000;0.000000;0.078227;0.000000;0.000000;0.068157;0.103547;0.000000;0.000000;0.000000;0.000000;0.000000,0;0;1;0;0;0;1;0;0;0;0;2;0;0;0;0;0;0;0;0;0;0;0;1;1;0;0;0;0;0;0;0;0;0;1;0;1;2;1;0;0;0;0;0;0;0;1;2;0;0;0;0;0;0;0;0;0;1;0;0;3;1;1;1;0;0;0;1;0;0;2;2;0;0;0;0;0,0.0,5472,3648
87f4252180bcecc5.jpg,54,0.000000;0.000000;0.000000;0.000000;0.000000;0.000000;0.000000;0.000000;0.000000;0.000000;0.000000;0.000000;0.000000;0.000000;0.000000;0.000000;0.000000;0.000000;0.000000;0.000000;0.000000;0.000000;0.000000;0.000000;0.278210;0.000000;0.000000;0.000000;0.000000;0.000000;0.000000;0.000000;0.000000;0.123292;0.000000;0.000000;0.000000;0.000000;0.000000;0.000000;0.000000;0.000000;0.000000;0.000000;0.000000;0.000000;0.000000;0.000000;0.000000;0.000000;0.000000;0.000000;0.000000;0.000000,0;0;0;0;0;0;0;0;0;0;0;0;0;0;0;0;0;0;0;0;0;0;0;0;1;0;0;0;0;0;0;0;0;1;0;0;0;0;0;0;0;0;0;0;0;0;0;0;0;0;0;0;0;0,0.0,4272,2848
8812ede523dc2cfd.jpg,70,0.000000;0.000000;0.000000;0.000000;0.000000;0.000000;0.000000;0.000000;0.000000;0.000000;0.000000;0.000000;0.000000;0.000000;0.000000;0.000000;0.000000;0.000000;0.000000;0.000000;0.000000;0.000000;0.000000;0.000000;0.000000;0.000000;0.052063;0.000000;0.000000;0.000000;0.000000;0.000000;0.000000;0.065274;0.355096;0.091481;0.000000;0.000000;0.000000;0.000000;0.467799;0.250232;0.073124;0.000000;0.063544;0.104097;0.211751;0.052230;0.128006;0.318601;0.000000;0.000000;0.113932;0.052785;0.113582;0.000000;0.000000;0.000000;0.142514;0.000000;0.000000;0.000000;0.000000;0.000000;0.104084;0.000000;0.071459;0.000000;0.156417;0.000000,0;0;0;0;0;0;0;0;0;0;0;0;0;0;0;0;0;0;0;0;0;0;0;0;0;0;1;0;0;0;0;0;0;2;2;1;0;0;0;0;3;5;3;0;1;1;1;1;2;2;0;0;2;1;2;0;0;0;1;0;0;0;0;0;1;0;1;0;2;0,0.395704,5146,3400
88e02e707b859f97.jpg,35,0.000000;0.571963;0.000000;0.164368;0.349526;0.000000;0.000000;0.339230;0.000000;0.000000;0.000000;0.000000;0.000000;0.000000;0.608557;0.320292;0.360822;0.000000;0.145009;0.000000;0.246410;0.283332;0.060672;0.838980;0.096480;0.067385;0.000000;0.177358;0.707401;0.197670;0.064862;0.164433;0.187646;0.709618;0.347129,0;1;0;1;1;0;0;2;0;0;0;0;0;0;1;1;1;0;1;0;1;1;2;1;1;2;0;1;2;2;2;1;1;2;1,0.0,2448,3264
890eb20e6fa1825c.jpg,6,0.000000;0.000000;0.000000;0.000000;0.000000;0.000000,0;0;0;0;0;0,0.0,1172,892
8b2c35c6ab5d7ed0.jpg,35,0.000000;0.069765;0.142105;0.000000;0.000000;0.000000;0.141284;0.000000;0.000000;0.245154;0.000000;0.000000;0.089834;0.466690;0.000000;0.000000;0.690940;0.000000;0.000000;0.000000;0.000000;0.192347;0.000000;0.697590;0.000000;0.000000;0.000000;0.000000;0.000000;0.000000;0.680576;0.097344;0.000000;0.098937;0.000000,0;1;1;0;0;0;3;0;0;1;0;0;1;2;0;0;2;0;0;0;0;1;0;2;0;0;0;0;0;0;2;2;0;2;0,0.551306,3452,2386
8c05cf5589255d87.jpg,40,0.000000;0.000000;0.293599;0.000000;0.093135;0.396779;0.617032;0.598789;0.271533;0.000000;0.000000;0.515259;0.519209;0.309144;0.056136;0.161533;0.059793;0.000000;0.000000;0.000000;0.000000;0.000000;0.000000;0.000000;0.000000;0.000000;0.000000;0.000000;0.000000;0.000000;0.000000;0.000000;0.000000;0.000000;0.000000;0.000000;0.000000;0.000000;0.000000;0.000000,0;0;1;0;1;1;2;3;1;0;0;2;1;4;1;2;1;0;0;0;0;0;0;0;0;0;0;0;0;0;0;0;0;0;0;0;0;0;0;0,0.145255,3872,2592
8c2b6a7e0e6ea902.jpg,30,0.091305;0.086702;0.000000;0.732148;0.000000;0.000000;0.000000;0.000000;0.144987;0.743720;0.517293;0.140538;0.000000;0.121007;0.000000;0.000000;0.121102;0.000000;0.000000;0.000000;0.000000;0.000000;0.000000;0.000000;0.000000;0.000000;0.000000;0.000000;0.000000;0.000000,2;1;0;1;0;0;0;0;2;3;6;2;0;1;0;0;2;0;0;0;0;0;0;0;0;0;0;0;0;0,0.660316,3072,2304
8c4da4698c3c35d5.jpg,54,0.000000;0.000000;0.000000;0.000000;0.000000;0.000000;0.112016;0.729058;0.729742;0.000000;0.290135;0.736865;0.325322;0.375763;0.054526;0.160659;0.000000;0.000000;0.699038;0.098036;0.377422;0.527144;0.138678;0.000000;0.402602;0.751506;0.719399;0.743961;0.000000;0.120418;0.580801;0.208868;0.773968;0.638751;0.663158;0.581177;0.517395;0.120267;0.113651;0.000000;0.109338;0.000000;0.053215;0.692781;0.530767;0.061093;0.343881;0.000000;0.185423;0.000000;0.000000;0.000000;0.000000;0.000000,0;0;0;0;0;0;1;6;3;0;1;2;1;2;1;1;0;0;1;1;3;3;2;0;1;3;5;2;0;1;1;3;1;1;3;3;1;2;1;0;2;0;1;1;1;1;1;0;1;0;0;0;0;0,0.059374,4256,2832
8c68796f1380139a.jpg,54,0.000000;0.000000;0.000000;0.000000;0.000000;0.000000;0.000000;0.000000;0.000000;0.000000;0.000000;0.000000;0.000000;0.000000;0.000000;0.000000;0.000000;0.000000;0.053270;0.000000;0.000000;0.000000;0.000000;0.000000;0.000000;0.064656;0.056541;0.000000;0.000000;0.000000;0.000000;0.000000;0.000000;0.000000;0.215004;0.264562;0.000000;0.739263;0.000000;0.118265;0.000000;0.000000;0.000000;0.000000;0.000000;0.000000;0.243353;0.421619;0.000000;0.000000;0.000000;0.000000;0.000000;0.000000,0;0;0;0;0;0;0;0;0;0;0;0;0;0;0;0;0;0;1;0;0;0;0;0;0;1;1;0;0;0;0;0;0;0;1;1;0;1;0;3;0;0;0;0;0;0;1;1;0;0;0;0;0;0,0.0,4288,2848
8ddcb3f5ab13ea7a.jpg,24,0.000000;0.000000;0.000000;0.000000;0.000000;0.000000;0.000000;0.000000;0.000000;0.000000;0.000000;0.000000;0.000000;0.000000;0.000000;0.000000;0.000000;0.000000;0.000000;0.000000;0.000000;0.000000;0.000000;0.000000,0;0;0;0;0;0;0;0;0;0;0;0;0;0;0;0;0;0;0;0;0;0;0;0,0.0,2106,2709
8e50483f8705d3d0.jpg,40,0.000000;0.000000;0.000000;0.000000;0.689576;0.000000;0.054166;0.000000;0.111568;0.069828;0.000000;0.000000;0.528395;0.692288;0.151993;0.142735;0.792009;0.165144;0.000000;0.057032;0.191684;0.076196;0.509649;0.671649;0.000000;0.000000;0.119971;0.000000;0.454409;0.314634;0.576136;0.669880;0.053129;0.056558;0.347173;0.123543;0.000000;0.000000;0.139532;0.491560,0;0;0;0;3;0;1;0;1;2;0;0;1;1;1;2;1;2;0;2;3;2;4;1;0;0;3;0;2;6;1;1;1;1;2;2;0;0;2;1,0.0,3888,2592
8ee443c32e77287a.jpg,20,0.000000;0.000000;0.000000;0.000000;0.000000;0.056416;0.101387;0.000000;0.057692;0.074759;0.000000;0.000000;0.055783;0.201338;0.401549;0.000000;0.000000;0.255237;0.000000;0.000000,0;0;0;0;0;1;2;0;1;1;0;0;1;2;1;0;0;1;0;0,0.0,1980,2640
8f1ea5e11dbc40e5.jpg,6,0.599615;0.360445;0.417982;0.000000;0.116609;0.000000,1;1;1;0;2;0,0.0,1280,849
8f79a6a7e9703602.jpg,25,0.000000;0.000000;0.059446;0.000000;0.000000;0.157876;0.000000;0.059182;0.000000;0.000000;0.000000;0.000000;0.086795;0.121170;0.000000;0.098784;0.419185;0.000000;0.134590;0.141599;0.000000;0.000000;0.186895;0.052839;0.000000,0;0;1;0;0;1;0;1;0;0;0;0;1;1;0;1;1;0;3;2;0;0;1;1;0,0.0,2181,2563
907c394cfb147647.jpg,6,0.117070;0.000000;0.065181;0.132744;0.108957;0.140360,3;0;1;1;1;1,0.057129,1600,1067
90bbd4f8c98f74e3.jpg,24,0.000000;0.000000;0.000000;0.000000;0.000000;0.000000;0.000000;0.000000;0.000000;0.104716;0.000000;0.000000;0.000000;0.000000;0.161979;0.000000;0.000000;0.000000;0.000000;0.000000;0.000000;0.000000;0.000000;0.000000,0;0;0;0;0;0;0;0;0;1;0;0;0;0;3;0;0;0;0;0;0;0;0;0,0.0,2000,3000
9128efe34e6e541e.jpg,30,0.000000;0.000000;0.000000;0.000000;0.000000;0.000000;0.000000;0.000000;0.000000;0.000000;0.000000;0.000000;0.000000;0.000000;0.000000;0.000000;0.000000;0.000000;0.000000;0.000000;0.000000;0.000000;0.000000;0.000000;0.000000;0.000000;0.000000;0.000000;0.000000;0.000000,0;0;0;0;0;0;0;0;0;0;0;0;0;0;0;0;0;0;0;0;0;0;0;0;0;0;0;0;0;0,0.0,2753,2202
914dd6fb5eb17e85.jpg,12,0.000000;0.000000;0.000000;0.087065;0.075532;0.000000;0.000000;0.000000;0.000000;0.000000;0.000000;0.000000,0;0;0;1;1;0;0;0;0;0;0;0,0.082742,1240,1755
9230ae30d9d9702a.jpg,54,0.000000;0.000000;0.000000;0.000000;0.000000;0.000000;0.000000;0.000000;0.000000;0.000000;0.000000;0.000000;0.000000;0.000000;0.075662;0.063823;0.000000;0.000000;0.000000;0.080817;0.000000;0.000000;0.142332;0.072363;0.056006;0.101959;0.162564;0.000000;0.119348;0.051082;0.000000;0.065973;0.000000;0.000000;0.000000;0.000000;0.000000;0.000000;0.000000;0.000000;0.000000;0.000000;0.000000;0.000000;0.000000;0.000000;0.000000;0.000000;0.000000;0.000000;0.000000;0.000000;0.000000;0.000000,0;0;0;0;0;0;0;0;0;0;0;0;0;0;1;1;0;0;0;1;0;0;1;1;1;2;2;0;1;1;0;2;0;0;0;0;0;0;0;0;0;0;0;0;0;0;0;0;0;0;0;0;0;0,0.178114,4288,2848
9288da4a44b13c59.jpg,24,0.000000;0.254344;0.482415;0.000000;0.101586;0.000000;0.000000;0.000000;0.196760;0.063501;0.000000;0.000000;0.771654;0.000000;0.090702;0.817652;0.293625;0.174093;0.000000;0.235381;0.209315;0.201145;0.336782;0.292051,0;2;5;0;1;0;0;0;3;1;0;0;2;0;3;1;6;1;0;1;2;1;6;2,0.560645,3008,2000
92bf588e9d92f605.jpg,9,0.159254;0.000000;0.304508;0.000000;0.162893;0.332114;0.000000;0.177754;0.544274,2;0;2;0;1;1;0;1;1,0.0,1600,1200
94c33fbd56f8ec2a.jpg,24,0.000000;0.000000;0.000000;0.000000;0.000000;0.000000;0.000000;0.000000;0.000000;0.000000;0.000000;0.000000;0.000000;0.093259;0.000000;0.000000;0.000000;0.000000;0.000000;0.000000;0.000000;0.000000;0.000000;0.000000,0;0;0;0;0;0;0;0;0;0;0;0;0;1;0;0;0;0;0;0;0;0;0;0,0.0,3184,2120
94c39c4ef5c0249f.jpg,16,0.137244;0.233124;0.000000;0.000000;0.129140;0.180157;0.190048;0.069760;0.308856;0.000000;0.000000;0.088911;0.222247;0.440472;0.566591;0.154054,1;2;0;0;2;1;2;1;6;0;0;1;2;8;7;3,0.078781,2000,2000
94fff6bdd55d9279.jpg,96,0.000000;0.000000;0.000000;0.000000;0.000000;0.000000;0.000000;0.000000;0.000000;0.000000;0.000000;0.000000;0.000000;0.000000;0.000000;0.000000;0.000000;0.000000;0.000000;0.000000;0.000000;0.000000;0.000000;0.000000;0.000000;0.000000;0.000000;0.000000;0.000000;0.000000;0.000000;0.067068;0.000000;0.000000;0.000000;0.000000;0.000000;0.000000;0.000000;0.000000;0.000000;0.000000;0.079664;0.000000;0.000000;0.000000;0.000000;0.000000;0.000000;0.000000;0.000000;0.000000;0.085749;0.000000;0.000000;0.000000;0.000000;0.000000;0.000000;0.000000;0.000000;0.000000;0.000000;0.098583;0.243609;0.461411;0.000000;0.000000;0.000000;0.000000;0.000000;0.000000;0.000000;0.198363;0.000000;0.000000;0.000000;0.000000;0.000000;0.000000;0.000000;0.000000;0.000000;0.000000;0.000000;0.000000;0.000000;0.000000;0.232039;0.000000;0.000000;0.000000;0.000000;0.000000;0.000000;0.000000,0;0;0;0;0;0;0;0;0;0;0;0;0;0;0;0;0;0;0;0;0;0;0;0;0;0;0;0;0;0;0;1;0;0;0;0;0;0;0;0;0;0;1;0;0;0;0;0;0;0;0;0;1;0;0;0;0;0;0;0;0;0;0;2;2;1;0;0;0;0;0;0;0;2;0;0;0;0;0;0;0;0;0;0;0;0;0;0;1;0;0;0;0;0;0;0,0.292942,6000,4000
9586c1b815b072d6.jpg,54,0.000000;0.000000;0.000000;0.000000;0.000000;0.000000;0.000000;0.000000;0.000000;0.000000;0.000000;0.000000;0.000000;0.000000;0.000000;0.000000;0.000000;0.000000;0.000000;0.000000;0.000000;0.000000;0.000000;0.000000;0.000000;0.000000;0.000000;0.000000;0.000000;0.000000;0.000000;0.000000;0.000000;0.000000;0.000000;0.000000;0.000000;0.000000;0.000000;0.000000;0.000000;0.000000;0.000000;0.000000;0.000000;0.000000;0.000000;0.000000;0.000000;0.000000;0.000000;0.000000;0.000000;0.000000,0;0;0;0;0;0;0;0;0;0;0;0;0;0;0;0;0;0;0;0;0;0;0;0;0;0;0;0;0;0;0;0;0;0;0;0;0;0;0;0;0;0;0;0;0;0;0;0;0;0;0;0;0;0,0.832821,4288,2848
975f764ac322546d.jpg,20,0.000000;0.000000;0.000000;0.000000;0.000000;0.000000;0.143768;0.000000;0.000000;0.000000;0.000000;0.000000;0.000000;0.000000;0.000000;0.000000;0.000000;0.000000;0.000000;0.000000,0;0;0;0;0;0;1;0;0;0;0;0;0;0;0;0;0;0;0;0,0.0,1778,2667
978502eef1aa0d13.jpg,54,0.336199;0.000000;0.060424;0.147495;0.162983;0.000000;0.000000;0.065294;0.000000;0.728175;0.000000;0.000000;0.108999;0.050238;0.000000;0.120949;0.000000;0.000000;0.053764;0.224159;0.134483;0.199944;0.114183;0.000000;0.000000;0.000000;0.000000;0.165418;0.000000;0.000000;0.072587;0.000000;0.000000;0.053948;0.097137;0.074426;0.000000;0.000000;0.000000;0.000000;0.000000;0.000000;0.077799;0.189395;0.000000;0.000000;0.000000;0.000000;0.000000;0.000000;0.000000;0.074975;0.137518;0.000000,1;0;3;2;1;0;0;1;0;1;0;0;2;1;0;2;0;0;1;2;1;2;6;0;0;0;0;2;0;0;2;0;0;1;3;2;0;0;0;0;0;0;2;2;0;0;0;0;0;0;0;2;2;0,0.0,4272,2848
994bbe644df46fa5.jpg,48,0.000000;0.000000;0.000000;0.484661;0.245442;0.000000;0.000000;0.000000;0.000000;0.000000;0.000000;0.000000;0.000000;0.261051;0.000000;0.000000;0.000000;0.000000;0.000000;0.000000;0.000000;0.000000;0.000000;0.000000;0.000000;0.000000;0.000000;0.000000;0.085402;0.000000;0.000000;0.000000;0.000000;0.000000;0.000000;0.360362;0.327112;0.000000;0.000000;0.000000;0.000000;0.000000;0.000000;0.000000;0.000000;0.000000;0.000000;0.000000,0;0;0;1;1;0;0;0;0;0;0;0;0;1;0;0;0;0;0;0;0;0;0;0;0;0;0;0;2;0;0;0;0;0;0;2;2;0;0;0;0;0;0;0;0;0;0;0,0.338872,4000,3000
99851f2f5264a622.jpg,35,0.000000;0.000000;0.000000;0.000000;0.000000;0.000000;0.000000;0.000000;0.000000;0.064837;0.098806;0.000000;0.000000;0.000000;0.000000;0.000000;0.000000;0.000000;0.000000;0.000000;0.000000;0.000000;0.000000;0.000000;0.000000;0.000000;0.000000;0.000000;0.000000;0.000000;0.000000;0.000000;0.000000;0.000000;0.000000,0;0;0;0;0;0;0;0;0;1;2;0;0;0;0;0;0;0;0;0;0;0;0;0;0;0;0;0;0;0;0;0;0;0;0,0.0,3488,2616
9999f906185a618c.jpg,12,0.000000;0.000000;0.000000;0.114845;0.000000;0.000000;0.000000;0.000000;0.000000;0.748340;0.222327;0.000000,0;0;0;1;0;0;0;0;0;1;3;0,0.673624,2048,1536
9a942b208f38d70c.jpg,70,0.000000;0.000000;0.000000;0.000000;0.000000;0.000000;0.245473;0.000000;0.000000;0.000000;0.000000;0.000000;0.000000;0.149452;0.000000;0.210413;0.375186;0.313305;0.079481;0.000000;0.000000;0.000000;0.000000;0.151931;0.303082;0.550262;0.450230;0.685057;0.626316;0.249329;0.640493;0.266003;0.593107;0.420230;0.689170;0.502173;0.404198;0.308304;0.545726;0.000000;0.000000;0.634636;0.618688;0.418743;0.502691;0.086959;0.072329;0.555994;0.120080;0.000000;0.000000;0.000000;0.120670;0.000000;0.297116;0.539216;0.000000;0.000000;0.060161;0.000000;0.000000;0.000000;0.158172;0.067198;0.399291;0.513541;0.000000;0.000000;0.000000;0.000000,0;0;0;0;0;0;2;0;0;0;0;0;0;1;0;2;6;5;3;0;0;0;0;3;3;5;12;8;7;1;1;2;4;11;4;6;3;2;2;0;0;1;1;4;4;1;2;5;2;0;0;0;2;0;4;4;0;0;2;0;0;0;2;1;3;2;0;0;0;0,0.0,5184,3456
9b507a180abd1c0a.jpg,9,0.000000;0.000000;0.000000;0.000000;0.000000;0.000000;0.000000;0.000000;0.000000,0;0;0;0;0;0;0;0;0,0.0,1600,1200
9bb6376f27828ff6.jpg,42,0.000000;0.000000;0.000000;0.000000;0.000000;0.000000;0.000000;0.000000;0.157836;0.000000;0.000000;0.000000;0.000000;0.000000;0.000000;0.115734;0.113869;0.000000;0.383925;0.319460;0.000000;0.000000;0.000000;0.000000;0.000000;0.000000;0.000000;0.000000;0.000000;0.000000;0.000000;0.000000;0.000000;0.000000;0.000000;0.000000;0.000000;0.263682;0.000000;0.000000;0.000000;0.000000,0;0;0;0;0;0;0;0;2;0;0;0;0;0;0;2;2;0;1;2;0;0;0;0;0;0;0;0;0;0;0;0;0;0;0;0;0;1;0;0;0;0,0.413397,3684,2760
9c39c599bf88abd9.jpg,12,0.000000;0.000000;0.000000;0.000000;0.447394;0.573656;0.454686;0.000000;0.058636;0.667789;0.112068;0.105411,0;0;0;0;1;1;1;0;1;1;3;1,0.37442,1536,2048
9c5f95b4db858a9c.jpg,63,0.000000;0.000000;0.000000;0.000000;0.000000;0.000000;0.000000;0.000000;0.000000;0.000000;0.000000;0.058479;0.000000;0.000000;0.000000;0.000000;0.241839;0.349107;0.000000;0.000000;0.000000;0.000000;0.000000;0.000000;0.000000;0.000000;0.000000;0.814905;0.678336;0.000000;0.051469;0.000000;0.315862;0.682212;0.000000;0.000000;0.135606;0.081642;0.203801;0.000000;0.098950;0.000000;0.000000;0.050586;0.078737;0.401710;0.000000;0.058116;0.275038;0.127560;0.060866;0.065370;0.000000;0.616080;0.000000;0.000000;0.000000;0.056414;0.000000;0.000000;0.000000;0.000000;0.000000,0;0;0;0;0;0;0;0;0;0;0;1;0;0;0;0;1;2;0;0;0;0;0;0;0;0;0;1;1;0;1;0;2;1;0;0;1;1;2;0;1;0;0;1;1;2;0;1;2;2;1;1;0;1;0;0;0;1;0;0;0;0;0,0.213463,4557,3418
9ca036b41655e4e4.jpg,12,0.081296;0.084970;0.078449;0.499590;0.000000;0.161386;0.525542;0.569623;0.000000;0.000000;0.104972;0.104508,1;2;1;2;0;1;5;3;0;0;2;2,0.0,2048,1536
9dc2fe2bbaf242db.jpg,40,0.000000;0.000000;0.000000;0.000000;0.000000;0.000000;0.000000;0.000000;0.000000;0.000000;0.000000;0.000000;0.169913;0.000000;0.000000;0.000000;0.000000;0.000000;0.078057;0.313592;0.143421;0.000000;0.000000;0.000000;0.000000;0.000000;0.000000;0.280868;0.099688;0.000000;0.000000;0.119883;0.000000;0.000000;0.059114;0.000000;0.000000;0.000000;0.000000;0.000000,0;0;0;0;0;0;0;0;0;0;0;0;1;0;0;0;0;0;1;6;4;0;0;0;0;0;0;1;2;0;0;1;0;0;1;0;0;0;0;0,0.261308,3986,2657
9f2c5c2dd52a727b.jpg,54,0.073799;0.230319;0.360239;0.302275;0.734537;0.242626;0.065823;0.000000;0.147665;0.438965;0.000000;0.000000;0.059747;0.000000;0.239422;0.182041;0.000000;0.050595;0.000000;0.000000;0.000000;0.078701;0.000000;0.000000;0.000000;0.059413;0.000000;0.000000;0.000000;0.116312;0.000000;0.131246;0.182865;0.350123;0.110767;0.000000;0.000000;0.000000;0.000000;0.000000;0.000000;0.055385;0.000000;0.304976;0.483797;0.000000;0.000000;0.000000;0.000000;0.067766;0.000000;0.000000;0.500453;0.491363,2;1;1;2;4;2;1;0;1;1;0;0;1;0;3;2;0;1;0;0;0;1;0;0;0;1;0;0;0;1;0;2;1;1;1;0;0;0;0;0;0;1;0;1;2;0;0;0;0;1;0;0;1;1,0.0,4310,2868
9fccfaa4d3b7554d.jpg,63,0.191141;0.000000;0.176827;0.301035;0.442024;0.000000;0.000000;0.000000;0.000000;0.000000;0.401407;0.000000;0.063530;0.552210;0.345394;0.051433;0.000000;0.000000;0.147419;0.154609;0.232986;0.089455;0.000000;0.198301;0.000000;0.146262;0.000000;0.232697;0.055796;0.000000;0.060338;0.655398;0.147442;0.000000;0.000000;0.000000;0.060766;0.000000;0.088238;0.380496;0.350066;0.000000;0.000000;0.000000;0.000000;0.000000;0.157756;0.124253;0.088345;0.657006;0.000000;0.000000;0.000000;0.000000;0.000000;0.408367;0.000000;0.000000;0.619089;0.000000;0.000000;0.000000;0.000000,1;0;2;2;5;0;0;0;0;0;3;0;1;3;2;1;0;0;2;3;2;1;0;1;0;1;0;2;1;0;1;1;3;0;0;0;1;0;1;7;4;0;0;0;0;0;2;1;1;5;0;0;0;0;0;3;0;0;6;0;0;0;0,0.124486,4384,3288
a064c3e7bc1ea755.jpg,35,0.000000;0.000000;0.000000;0.000000;0.000000;0.000000;0.000000;0.000000;0.000000;0.136374;0.140375;0.000000;0.000000;0.000000;0.000000;0.070314;0.636627;0.432896;0.000000;0.000000;0.053100;0.000000;0.000000;0.000000;0.077507;0.000000;0.000000;0.000000;0.000000;0.000000;0.070360;0.088750;0.000000;0.000000;0.000000,0;0;0;0;0;0;0;0;0;1;1;0;0;0;0;1;3;1;0;0;1;0;0;0;1;0;0;0;0;0;1;1;0;0;0,0.0,3264,2448
a0802e5dbb147e4c.jpg,70,0.000000;0.000000;0.000000;0.000000;0.000000;0.000000;0.268157;0.000000;0.000000;0.000000;0.000000;0.000000;0.000000;0.269771;0.000000;0.479478;0.631845;0.000000;0.081362;0.000000;0.000000;0.178972;0.000000;0.000000;0.000000;0.000000;0.000000;0.000000;0.000000;0.000000;0.000000;0.000000;0.000000;0.000000;0.087492;0.000000;0.000000;0.000000;0.000000;0.000000;0.000000;0.000000;0.000000;0.000000;0.355312;0.000000;0.000000;0.000000;0.000000;0.000000;0.000000;0.000000;0.000000;0.000000;0.082779;0.000000;0.000000;0.000000;0.000000;0.000000;0.000000;0.000000;0.000000;0.000000;0.064113;0.000000;0.000000;0.000000;0.000000;0.000000,0;0;0;0;0;0;2;0;0;0;0;0;0;1;0;1;2;0;1;0;0;1;0;0;0;0;0;0;0;0;0;0;0;0;3;0;0;0;0;0;0;0;0;0;2;0;0;0;0;0;0;0;0;0;1;0;0;0;0;0;0;0;0;0;1;0;0;0;0;0,0.0,4928,3264
a122f1e659051695.jpg,24,0.000000;0.321292;0.000000;0.000000;0.000000;0.430939;0.000000;0.197018;0.000000;0.000000;0.000000;0.052173;0.000000;0.000000;0.000000;0.000000;0.000000;0.000000;0.000000;0.000000;0.000000;0.000000;0.000000;0.000000,0;2;0;0;0;1;0;1;0;0;0;1;0;0;0;0;0;0;0;0;0;0;0;0,0.131397,3024,1998
a19f32649e5922bf.jpg,35,0.000000;0.000000;0.000000;0.300847;0.000000;0.000000;0.000000;0.000000;0.000000;0.000000;0.237977;0.000000;0.000000;0.000000;0.000000;0.000000;0.000000;0.284170;0.000000;0.000000;0.000000;0.000000;0.000000;0.000000;0.054300;0.099605;0.000000;0.118092;0.000000;0.000000;0.000000;0.000000;0.000000;0.000000;0.000000,0;0;0;1;0;0;0;0;0;0;1;0;0;0;0;0;0;2;0;0;0;0;0;0;2;1;0;1;0;0;0;0;0;0;0,0.0,3504,2336
a1fd731a74e31480.jpg,20,0.000000;0.000000;0.000000;0.000000;0.000000;0.000000;0.051921;0.000000;0.000000;0.000000;0.000000;0.000000;0.000000;0.000000;0.000000;0.140857;0.000000;0.000000;0.000000;0.000000,0;0;0;0;0;0;1;0;0;0;0;0;0;0;0;1;0;0;0;0,0.0,2560,1920
a62a23c4ba16b11d.jpg,9,0.000000;0.054453;0.190103;0.334109;0.074960;0.067304;0.305301;0.000000;0.094262,0;1;3;3;1;4;2;0;2,0.114141,1434,1218
a6cd0e29296069a8.jpg,70,0.000000;0.000000;0.000000;0.000000;0.058400;0.000000;0.000000;0.000000;0.000000;0.000000;0.000000;0.000000;0.000000;0.000000;0.000000;0.000000;0.000000;0.000000;0.000000;0.000000;0.000000;0.000000;0.000000;0.000000;0.000000;0.143332;0.064959;0.000000;0.000000;0.000000;0.000000;0.000000;0.000000;0.000000;0.133113;0.053929;0.000000;0.000000;0.000000;0.000000;0.000000;0.000000;0.000000;0.000000;0.000000;0.000000;0.000000;0.000000;0.000000;0.000000;0.000000;0.376880;0.000000;0.000000;0.000000;0.000000;0.000000;0.142179;0.000000;0.000000;0.000000;0.356998;0.000000;0.000000;0.000000;0.000000;0.000000;0.138171;0.000000;0.000000,0;0;0;0;1;0;0;0;0;0;0;0;0;0;0;0;0;0;0;0;0;0;0;0;0;1;1;0;0;0;0;0;0;0;1;1;0;0;0;0;0;0;0;0;0;0;0;0;0;0;0;1;0;0;0;0;0;1;0;0;0;1;0;0;0;0;0;1;0;0,0.0,4928,3264
a70d043db72fa64f.jpg,20,0.000000;0.000000;0.000000;0.000000;0.000000;0.000000;0.000000;0.000000;0.000000;0.000000;0.000000;0.000000;0.000000;0.000000;0.000000;0.000000;0.000000;0.000000;0.000000;0.000000,0;0;0;0;0;0;0;0;0;0;0;0;0;0;0;0;0;0;0;0,0.426348,2272,1704
a73d0bbdf59ac4bf.jpg,24,0.000000;0.000000;0.000000;0.000000;0.000000;0.000000;0.000000;0.000000;0.000000;0.000000;0.000000;0.000000;0.000000;0.059721;0.000000;0.000000;0.000000;0.000000;0.072440;0.057874;0.000000;0.000000;0.000000;0.000000,0;0;0;0;0;0;0;0;0;0;0;0;0;2;0;0;0;0;2;1;0;0;0;0,0.0,2880,2160
a78eda92f1a3c6d5.jpg,63,0.000000;0.000000;0.000000;0.000000;0.000000;0.000000;0.000000;0.000000;0.000000;0.000000;0.000000;0.000000;0.000000;0.000000;0.000000;0.000000;0.000000;0.000000;0.000000;0.000000;0.000000;0.000000;0.000000;0.000000;0.000000;0.000000;0.000000;0.000000;0.000000;0.000000;0.000000;0.000000;0.000000;0.000000;0.000000;0.000000;0.000000;0.000000;0.000000;0.000000;0.000000;0.000000;0.000000;0.000000;0.000000;0.000000;0.000000;0.000000;0.000000;0.000000;0.000000;0.000000;0.000000;0.000000;0.000000;0.000000;0.000000;0.000000;0.000000;0.000000;0.000000;0.000000;0.000000,0;0;0;0;0;0;0;0;0;0;0;0;0;0;0;0;0;0;0;0;0;0;0;0;0;0;0;0;0;0;0;0;0;0;0;0;0;0;0;0;0;0;0;0;0;0;0;0;0;0;0;0;0;0;0;0;0;0;0;0;0;0;0,0.0,4608,3456
a95a0ee95f54f833.jpg,42,0.124085;0.000000;0.162029;0.179158;0.122336;0.228308;0.000000;0.295427;0.479279;0.135579;0.000000;0.000000;0.437127;0.000000;0.000000;0.000000;0.000000;0.000000;0.000000;0.000000;0.232478;0.000000;0.000000;0.000000;0.000000;0.000000;0.000000;0.000000;0.000000;0.000000;0.000000;0.000000;0.144087;0.000000;0.051671;0.000000;0.000000;0.000000;0.000000;0.153961;0.000000;0.000000,1;0;1;1;3;2;0;1;2;1;0;0;1;0;0;0;0;0;0;0;2;0;0;0;0;0;0;0;0;0;0;0;1;0;1;0;0;0;0;1;0;0,0.24572,3648,2736
a9bfe6b80b90df13.jpg,12,0.129782;0.141165;0.130534;0.313073;0.314120;0.000000;0.104634;0.000000;0.218080;0.000000;0.000000;0.000000,1;2;3;1;2;0;1;0;2;0;0;0,0.0,1536,2048
aa4ae31060ce13c9.jpg,24,0.000000;0.000000;0.000000;0.000000;0.000000;0.000000;0.000000;0.124104;0.000000;0.000000;0.000000;0.000000;0.186949;0.000000;0.540993;0.000000;0.000000;0.000000;0.264620;0.000000;0.000000;0.150535;0.115993;0.097511,0;0;0;0;0;0;0;4;0;0;0;0;1;0;2;0;0;0;1;0;0;2;1;1,0.0,3021,1875
aa4dc2550e3517ea.jpg,20,0.000000;0.000000;0.000000;0.000000;0.000000;0.000000;0.164678;0.081073;0.000000;0.107111;0.000000;0.000000;0.144980;0.000000;0.000000;0.000000;0.000000;0.063234;0.000000;0.000000,0;0;0;0;0;0;1;2;0;1;0;0;1;0;0;0;0;1;0;0,0.27759,2592,1944
aa87762e60104aac.jpg,20,0.000000;0.151115;0.000000;0.000000;0.000000;0.000000;0.197946;0.000000;0.000000;0.095189;0.104977;0.000000;0.000000;0.067114;0.409984;0.547094;0.631592;0.091034;0.000000;0.000000,0;4;0;0;0;0;1;0;0;2;3;0;0;1;3;3;2;1;0;0,0.0,1920,2560
ab753efd8ecb80ea.jpg,35,0.000000;0.000000;0.000000;0.000000;0.000000;0.000000;0.000000;0.000000;0.000000;0.000000;0.000000;0.000000;0.057790;0.000000;0.000000;0.000000;0.000000;0.000000;0.000000;0.000000;0.136404;0.000000;0.000000;0.000000;0.000000;0.000000;0.184797;0.000000;0.000000;0.000000;0.000000;0.258704;0.000000;0.000000;0.000000,0;0;0;0;0;0;0;0;0;0;0;0;1;0;0;0;0;0;0;0;1;0;0;0;0;0;1;0;0;0;0;1;0;0;0,0.0,2448,3264
af32c71bac21e786.jpg,12,0.106919;0.503315;0.648157;0.413275;0.391137;0.000000;0.000000;0.000000;0.189716;0.126869;0.000000;0.000000,2;2;2;2;1;0;0;0;1;1;0;0,0.36819,1693,1271
b0bd19723aa95311.jpg,6,0.107268;0.000000;0.000000;0.159959;0.000000;0.000000,1;0;0;2;0;0,0.0,1280,960
b0c44188ef552cae.jpg,4,0.000000;0.050272;0.000000;0.000000,0;1;0;0,0.0,768,977
b11b3c9ee69592aa.jpg,25,0.000000;0.000000;0.000000;0.000000;0.000000;0.000000;0.000000;0.000000;0.125399;0.000000;0.000000;0.000000;0.000000;0.000000;0.075444;0.000000;0.000000;0.000000;0.000000;0.000000;0.000000;0.137456;0.000000;0.000000;0.000000,0;0;0;0;0;0;0;0;1;0;0;0;0;0;2;0;0;0;0;0;0;2;0;0;0,0.0,2673,2310
b1c8e982baf404be.jpg,12,0.000000;0.070173;0.000000;0.000000;0.051888;0.000000;0.000000;0.000000;0.076215;0.000000;0.000000;0.000000,0;1;0;0;1;0;0;0;1;0;0;0,0.150328,1970,1497
b2778e590c0b9c75.jpg,54,0.074197;0.000000;0.131363;0.000000;0.000000;0.071248;0.154400;0.000000;0.000000;0.000000;0.000000;0.000000;0.000000;0.138498;0.490441;0.000000;0.000000;0.000000;0.000000;0.000000;0.000000;0.000000;0.000000;0.070564;0.000000;0.069137;0.446845;0.000000;0.000000;0.000000;0.000000;0.170986;0.238452;0.405116;0.000000;0.000000;0.000000;0.000000;0.000000;0.000000;0.000000;0.000000;0.000000;0.000000;0.138486;0.000000;0.000000;0.000000;0.000000;0.000000;0.000000;0.000000;0.000000;0.000000,1;0;3;0;0;2;5;0;0;0;0;0;0;1;1;0;0;0;0;0;0;0;0;1;0;1;2;0;0;0;0;1;4;1;0;0;0;0;0;0;0;0;0;0;1;0;0;0;0;0;0;0;0;0,0.0,2994,4491
b474642af4ea13e4.jpg,12,0.000000;0.000000;0.000000;0.000000;0.077396;0.341761;0.000000;0.069290;0.000000;0.000000;0.000000;0.000000,0;0;0;0;2;1;0;1;0;0;0;0,0.0,1806,1414
b53acf7b7e740f23.jpg,24,0.073890;0.000000;0.000000;0.000000;0.000000;0.000000;0.000000;0.000000;0.000000;0.000000;0.000000;0.000000;0.000000;0.000000;0.000000;0.000000;0.000000;0.000000;0.000000;0.000000;0.000000;0.112497;0.000000;0.000000,2;0;0;0;0;0;0;0;0;0;0;0;0;0;0;0;0;0;0;0;0;1;0;0,0.058675,3072,1728
b53f511ebf522fe6.jpg,12,0.058756;0.246580;0.000000;0.075253;0.217452;0.724124;0.113379;0.000000;0.099596;0.601520;0.202625;0.000000,1;2;0;1;2;3;1;0;3;2;2;0,0.0,1931,1287
b55ff3bd0805c9de.jpg,63,0.000000;0.000000;0.203794;0.205398;0.298059;0.000000;0.000000;0.257715;0.000000;0.000000;0.000000;0.000000;0.000000;0.000000;0.231797;0.000000;0.369234;0.206631;0.000000;0.338842;0.000000;0.052993;0.000000;0.000000;0.000000;0.000000;0.083888;0.214605;0.000000;0.000000;0.000000;0.000000;0.000000;0.000000;0.051421;0.089109;0.054526;0.000000;0.000000;0.134019;0.000000;0.000000;0.000000;0.000000;0.000000;0.000000;0.000000;0.052191;0.189578;0.067442;0.085632;0.000000;0.094156;0.505768;0.000000;0.000000;0.000000;0.438752;0.716831;0.130732;0.000000;0.000000;0.098477,0;0;3;2;3;0;0;1;0;0;0;0;0;0;1;0;1;2;0;2;0;1;0;0;0;0;1;1;0;0;0;0;0;0;1;1;1;0;0;1;0;0;0;0;0;0;0;1;2;1;2;0;1;2;0;0;0;2;1;1;0;0;3,0.064437,3456,4608
b575b3425b3e427a.jpg,6,0.000000;0.000000;0.000000;0.101541;0.063302;0.289662,0;0;0;1;1;1,0.0,1269,952
b72004ab9b617013.jpg,35,0.000000;0.000000;0.076086;0.000000;0.000000;0.000000;0.000000;0.000000;0.000000;0.000000;0.000000;0.000000;0.304038;0.000000;0.000000;0.000000;0.000000;0.345568;0.000000;0.000000;0.000000;0.000000;0.000000;0.000000;0.000000;0.000000;0.000000;0.000000;0.000000;0.000000;0.000000;0.000000;0.000000;0.000000;0.000000,0;0;1;0;0;0;0;0;0;0;0;0;1;0;0;0;0;2;0;0;0;0;0;0;0;0;0;0;0;0;0;0;0;0;0,0.0,2448,3264
b74e6caff7b0229a.jpg,20,0.000000;0.000000;0.000000;0.000000;0.000000;0.000000;0.000000;0.000000;0.224007;0.000000;0.000000;0.000000;0.000000;0.000000;0.000000;0.000000;0.000000;0.000000;0.050109;0.000000,0;0;0;0;0;0;0;0;1;0;0;0;0;0;0;0;0;0;1;0,0.0,2624,1901
b79642161dd4affe.jpg,35,0.441533;0.000000;0.000000;0.000000;0.000000;0.062838;0.151103;0.000000;0.000000;0.139039;0.000000;0.000000;0.000000;0.000000;0.417196;0.000000;0.000000;0.065559;0.749736;0.000000;0.000000;0.000000;0.000000;0.000000;0.055045;0.000000;0.000000;0.000000;0.469391;0.072024;0.000000;0.000000;0.000000;0.000000;0.000000,1;0;0;0;0;1;1;0;0;1;0;0;0;0;2;0;0;1;1;0;0;0;0;0;1;0;0;0;1;2;0;0;0;0;0,0.274008,3264,2448
b7db52af5d784cb3.jpg,24,0.000000;0.000000;0.000000;0.000000;0.000000;0.000000;0.000000;0.000000;0.000000;0.000000;0.000000;0.000000;0.000000;0.000000;0.000000;0.000000;0.000000;0.000000;0.101310;0.087044;0.000000;0.000000;0.000000;0.000000,0;0;0;0;0;0;0;0;0;0;0;0;0;0;0;0;0;0;2;1;0;0;0;0,0.0,3072,2048
b812a19a30152c80.jpg,24,0.000000;0.000000;0.083032;0.000000;0.000000;0.000000;0.000000;0.000000;0.000000;0.000000;0.000000;0.000000;0.000000;0.000000;0.000000;0.000000;0.000000;0.248836;0.000000;0.000000;0.000000;0.000000;0.000000;0.000000,0;0;1;0;0;0;0;0;0;0;0;0;0;0;0;0;0;1;0;0;0;0;0;0,0.077324,3072,2048
b81af23d6cdd10c7.jpg,6,0.000000;0.000000;0.100673;0.000000;0.084722;0.000000,0;0;1;0;2;0,0.0,960,1280
b8d4e2217b07e553.jpg,30,0.000000;0.000000;0.000000;0.605843;0.000000;0.000000;0.000000;0.000000;0.000000;0.057614;0.000000;0.000000;0.125038;0.171816;0.000000;0.000000;0.000000;0.314885;0.000000;0.000000;0.000000;0.000000;0.050029;0.000000;0.000000;0.000000;0.000000;0.000000;0.000000;0.000000,0;0;0;2;0;0;0;0;0;1;0;0;2;1;0;0;0;1;0;0;0;0;1;0;0;0;0;0;0;0,0.0,3000,2400
b980d69375872d57.jpg,63,0.000000;0.195995;0.000000;0.000000;0.105751;0.000000;0.000000;0.000000;0.000000;0.000000;0.000000;0.000000;0.075032;0.090560;0.000000;0.000000;0.000000;0.075014;0.090479;0.000000;0.000000;0.000000;0.102517;0.000000;0.080223;0.000000;0.000000;0.000000;0.460003;0.211849;0.000000;0.000000;0.000000;0.000000;0.099082;0.052238;0.000000;0.000000;0.000000;0.000000;0.000000;0.000000;0.000000;0.000000;0.000000;0.000000;0.000000;0.050991;0.286841;0.110345;0.000000;0.147423;0.094316;0.068469;0.000000;0.000000;0.000000;0.000000;0.053872;0.000000;0.082108;0.071465;0.054944,0;1;0;0;1;0;0;0;0;0;0;0;1;1;0;0;0;1;1;0;0;0;1;0;1;0;0;0;1;2;0;0;0;0;1;1;0;0;0;0;0;0;0;0;0;0;0;1;2;3;0;1;3;1;0;0;0;0;1;0;2;1;2,0.0,4608,3456
ba8e846647143726.jpg,12,0.263075;0.168683;0.102736;0.404704;0.000000;0.000000;0.170439;0.157652;0.056736;0.000000;0.537120;0.522817,2;1;1;1;0;0;1;2;1;0;1;3,0.0,2048,1536
bb1112f2adc16490.jpg,60,0.300830;0.261908;0.056829;0.000000;0.000000;0.000000;0.097665;0.094334;0.000000;0.000000;0.000000;0.000000;0.000000;0.130301;0.000000;0.000000;0.000000;0.000000;0.496261;0.463847;0.564577;0.000000;0.000000;0.495400;0.086287;0.617647;0.000000;0.060774;0.000000;0.000000;0.734615;0.000000;0.000000;0.061776;0.000000;0.000000;0.000000;0.000000;0.000000;0.000000;0.074746;0.000000;0.000000;0.095068;0.000000;0.059765;0.547388;0.125899;0.000000;0.000000;0.000000;0.000000;0.000000;0.121412;0.560645;0.182924;0.243612;0.053411;0.000000;0.000000,3;4;2;0;0;0;1;1;0;0;0;0;0;2;0;0;0;0;2;1;1;0;0;1;1;2;0;2;0;0;1;0;0;1;0;0;0;0;0;0;1;0;0;1;0;1;2;1;0;0;0;0;0;1;1;3;1;1;0;0,0.065196,4748,3055
bcaa418e92a955e4.jpg,54,0.000000;0.000000;0.000000;0.477872;0.217650;0.175740;0.000000;0.000000;0.000000;0.063245;0.000000;0.425620;0.000000;0.000000;0.136239;0.052659;0.286345;0.478217;0.090143;0.213078;0.000000;0.078559;0.000000;0.000000;0.000000;0.175665;0.106804;0.000000;0.171941;0.000000;0.382693;0.000000;0.000000;0.060227;0.000000;0.000000;0.000000;0.000000;0.000000;0.056801;0.400743;0.182977;0.075704;0.077186;0.000000;0.000000;0.000000;0.000000;0.166984;0.492612;0.275511;0.000000;0.000000;0.000000,0;0;0;2;1;2;0;0;0;1;0;4;0;0;1;1;1;1;2;1;0;1;0;0;0;2;2;0;2;0;3;0;0;1;0;0;0;0;0;1;4;2;1;1;0;0;0;0;1;5;1;0;0;0,0.0,4256,2832
c001dcbe47cd2276.jpg,15,0.000000;0.584136;0.528742;0.868955;0.072491;0.207660;0.000000;0.000000;0.074164;0.000000;0.054667;0.000000;0.000000;0.394900;0.000000,0;2;1;2;1;3;0;0;1;0;1;0;0;2;0,0.0,2460,1546
c0786088c95b401b.jpg,6,0.663783;0.287665;0.121764;0.000000;0.000000;0.000000,1;2;1;0;0;0,0.0,1200,800
c07ce53cfb2eb416.jpg,30,0.000000;0.000000;0.000000;0.000000;0.000000;0.000000;0.000000;0.098836;0.000000;0.000000;0.000000;0.000000;0.000000;0.000000;0.000000;0.000000;0.000000;0.000000;0.000000;0.000000;0.000000;0.304633;0.050548;0.000000;0.000000;0.000000;0.298933;0.000000;0.000000;0.000000,0;0;0;0;0;0;0;1;0;0;0;0;0;0;0;0;0;0;0;0;0;1;1;0;0;0;1;0;0;0,0.0,2197,2874
c13f08be7972aac9.jpg,15,0.138435;0.161513;0.000000;0.496409;0.000000;0.000000;0.000000;0.000000;0.000000;0.000000;0.000000;0.000000;0.000000;0.000000;0.000000,2;3;0;2;0;0;0;0;0;0;0;0;0;0;0,0.171841,2592,1456
c14d3c41fc33b1c0.jpg,20,0.000000;0.000000;0.000000;0.000000;0.000000;0.000000;0.000000;0.000000;0.000000;0.000000;0.000000;0.000000;0.000000;0.000000;0.000000;0.000000;0.000000;0.000000;0.000000;0.000000,0;0;0;0;0;0;0;0;0;0;0;0;0;0;0;0;0;0;0;0,0.347123,2288,1712
c1ea62ed11e7acd8.jpg,54,0.174847;0.174423;0.000000;0.000000;0.000000;0.000000;0.000000;0.400978;0.443760;0.000000;0.000000;0.000000;0.000000;0.000000;0.000000;0.000000;0.000000;0.000000;0.000000;0.000000;0.000000;0.000000;0.000000;0.000000;0.000000;0.000000;0.000000;0.000000;0.000000;0.000000;0.068379;0.000000;0.000000;0.238907;0.000000;0.061398;0.000000;0.365802;0.000000;0.000000;0.000000;0.000000;0.000000;0.000000;0.000000;0.000000;0.000000;0.000000;0.000000;0.000000;0.000000;0.000000;0.067858;0.386070,2;2;0;0;0;0;0;1;1;0;0;0;0;0;0;0;0;0;0;0;0;0;0;0;0;0;0;0;0;0;1;0;0;1;0;1;0;1;0;0;0;0;0;0;0;0;0;0;0;0;0;0;1;2,0.0,4288,2848
c277d3a6148af8d1.jpg,12,0.000000;0.000000;0.000000;0.000000;0.000000;0.000000;0.082352;0.132166;0.000000;0.000000;0.000000;0.064514,0;0;0;0;0;0;1;3;0;0;0;1,0.0,2048,1371
c30dc402d70ab135.jpg,12,0.567020;0.000000;0.676970;0.687734;0.000000;0.701383;0.000000;0.000000;0.053033;0.698002;0.000000;0.000000,1;0;1;1;0;1;0;0;1;1;0;0,0.097909,1707,1210
c3d65ef2bfd92320.jpg,12,0.000000;0.482682;0.000000;0.000000;0.176216;0.146220;0.307825;0.000000;0.060328;0.000000;0.087417;0.351031,0;1;0;0;1;2;1;0;2;0;3;2,0.0,2048,1536
c48653c360df7077.jpg,70,0.000000;0.000000;0.000000;0.000000;0.000000;0.000000;0.000000;0.000000;0.000000;0.000000;0.000000;0.000000;0.000000;0.000000;0.000000;0.000000;0.000000;0.000000;0.000000;0.000000;0.000000;0.000000;0.000000;0.000000;0.000000;0.216595;0.000000;0.000000;0.000000;0.000000;0.000000;0.000000;0.000000;0.000000;0.000000;0.000000;0.000000;0.000000;0.000000;0.000000;0.000000;0.000000;0.000000;0.000000;0.000000;0.000000;0.080431;0.000000;0.475286;0.000000;0.000000;0.000000;0.000000;0.000000;0.000000;0.092007;0.000000;0.000000;0.610539;0.000000;0.000000;0.000000;0.000000;0.000000;0.000000;0.066902;0.000000;0.000000;0.308293;0.000000,0;0;0;0;0;0;0;0;0;0;0;0;0;0;0;0;0;0;0;0;0;0;0;0;0;1;0;0;0;0;0;0;0;0;0;0;0;0;0;0;0;0;0;0;0;0;2;0;1;0;0;0;0;0;0;1;0;0;2;0;0;0;0;0;0;1;0;0;1;0,0.0,5184,3456
c62bf051fce64e4d.jpg,6,0.000000;0.095643;0.000000;0.000000;0.129014;0.000000,0;3;0;0;2;0,0.0,1200,799
c691ff3c750236fb.jpg,44,0.000000;0.000000;0.000000;0.000000;0.000000;0.075228;0.000000;0.000000;0.000000;0.000000;0.000000;0.000000;0.000000;0.000000;0.000000;0.000000;0.000000;0.255665;0.000000;0.000000;0.000000;0.000000;0.000000;0.000000;0.000000;0.000000;0.000000;0.000000;0.000000;0.000000;0.000000;0.076662;0.287102;0.000000;0.065906;0.000000;0.000000;0.120899;0.000000;0.000000;0.000000;0.000000;0.139250;0.222811,0;0;0;0;0;1;0;0;0;0;0;0;0;0;0;0;0;1;0;0;0;0;0;0;0;0;0;0;0;0;0;1;1;0;1;0;0;1;0;0;0;0;2;1,0.07301,5599,2036
c6c69f5252905776.jpg,70,0.000000;0.000000;0.000000;0.000000;0.000000;0.000000;0.000000;0.000000;0.000000;0.000000;0.000000;0.000000;0.000000;0.000000;0.000000;0.000000;0.000000;0.000000;0.000000;0.000000;0.000000;0.000000;0.000000;0.000000;0.000000;0.000000;0.000000;0.000000;0.000000;0.000000;0.000000;0.000000;0.000000;0.000000;0.087172;0.181258;0.000000;0.000000;0.000000;0.000000;0.000000;0.000000;0.000000;0.000000;0.000000;0.000000;0.000000;0.000000;0.000000;0.000000;0.000000;0.000000;0.000000;0.000000;0.000000;0.000000;0.000000;0.000000;0.000000;0.000000;0.000000;0.000000;0.000000;0.000000;0.000000;0.000000;0.000000;0.000000;0.000000;0.000000,0;0;0;0;0;0;0;0;0;0;0;0;0;0;0;0;0;0;0;0;0;0;0;0;0;0;0;0;0;0;0;0;0;0;1;4;0;0;0;0;0;0;0;0;0;0;0;0;0;0;0;0;0;0;0;0;0;0;0;0;0;0;0;0;0;0;0;0;0;0,0.192004,5184,3456
c7e2d2f61fdd69fd.jpg,20,0.000000;0.104259;0.245632;0.152861;0.063460;0.172636;0.000000;0.055873;0.135181;0.000000;0.169988;0.354953;0.370115;0.179289;0.317969;0.243614;0.162033;0.000000;0.496710;0.301304,0;1;1;1;1;2;0;1;3;0;1;4;7;2;5;3;3;0;7;8,0.0,1944,2592
c8106b525cfedc83.jpg,6,0.000000;0.000000;0.000000;0.000000;0.000000;0.541874,0;0;0;0;0;2,0.0,1600,1067
c8b3c1ff186d64ce.jpg,70,0.000000;0.000000;0.000000;0.000000;0.000000;0.000000;0.000000;0.000000;0.000000;0.000000;0.000000;0.000000;0.412593;0.142697;0.000000;0.000000;0.000000;0.000000;0.000000;0.000000;0.109305;0.000000;0.000000;0.000000;0.000000;0.000000;0.059367;0.142189;0.058758;0.000000;0.077128;0.000000;0.000000;0.215914;0.000000;0.113268;0.135862;0.222156;0.000000;0.000000;0.000000;0.000000;0.000000;0.000000;0.000000;0.000000;0.000000;0.000000;0.146746;0.000000;0.363531;0.000000;0.000000;0.000000;0.067817;0.000000;0.000000;0.000000;0.000000;0.000000;0.477938;0.000000;0.067842;0.000000;0.000000;0.000000;0.000000;0.108810;0.000000;0.000000,0;0;0;0;0;0;0;0;0;0;0;0;1;1;0;0;0;0;0;0;1;0;0;0;0;0;1;1;1;0;1;0;0;1;0;4;1;1;0;0;0;0;0;0;0;0;0;0;2;0;2;0;0;0;1;0;0;0;0;0;2;0;1;0;0;0;0;1;0;0,0.0,5184,3456
c8f0cc0e5b776816.jpg,6,0.199250;0.258936;0.000000;0.315104;0.132102;0.000000,4;1;0;3;1;0,0.0,1280,854
c9ecf7b1e970a65a.jpg,77,0.281691;0.239356;0.000000;0.000000;0.000000;0.000000;0.000000;0.000000;0.069198;0.422131;0.000000;0.000000;0.000000;0.000000;0.075124;0.000000;0.000000;0.000000;0.370593;0.098865;0.496421;0.465142;0.000000;0.000000;0.167275;0.166203;0.370814;0.592096;0.354496;0.668134;0.000000;0.873164;0.197214;0.000000;0.000000;0.000000;0.000000;0.070237;0.514271;0.000000;0.000000;0.000000;0.731195;0.000000;0.000000;0.296840;0.000000;0.134067;0.091975;0.091837;0.070013;0.082827;0.000000;0.184122;0.000000;0.000000;0.000000;0.847464;0.740344;0.000000;0.083139;0.656857;0.000000;0.000000;0.000000;0.000000;0.000000;0.052118;0.000000;0.000000;0.645838;0.000000;0.133771;0.000000;0.000000;0.293660;0.000000,2;1;0;0;0;0;0;0;1;1;0;0;0;0;2;0;0;0;2;3;1;1;0;0;1;1;3;1;2;1;0;2;2;0;0;0;0;1;1;0;0;0;1;0;0;3;0;2;3;4;1;1;0;1;0;0;0;1;4;0;2;2;0;0;0;0;0;1;0;0;1;0;3;0;0;1;0,0.0,5472,3648
caeeaefae405402a.jpg,42,0.000000;0.000000;0.000000;0.000000;0.000000;0.000000;0.000000;0.000000;0.000000;0.000000;0.140153;0.313783;0.000000;0.000000;0.000000;0.000000;0.000000;0.000000;0.053460;0.000000;0.000000;0.000000;0.000000;0.000000;0.000000;0.137885;0.000000;0.000000;0.000000;0.346331;0.000000;0.000000;0.000000;0.000000;0.000000;0.000000;0.346690;0.000000;0.000000;0.000000;0.000000;0.000000,0;0;0;0;0;0;0;0;0;0;2;1;0;0;0;0;0;0;1;0;0;0;0;0;0;1;0;0;0;2;0;0;0;0;0;0;2;0;0;0;0;0,0.0,3648,2736
cb0b3d15d2c737b4.jpg,54,0.000000;0.000000;0.000000;0.051116;0.111986;0.000000;0.000000;0.000000;0.000000;0.000000;0.082047;0.115065;0.000000;0.000000;0.000000;0.000000;0.000000;0.000000;0.000000;0.236001;0.000000;0.000000;0.000000;0.000000;0.000000;0.000000;0.000000;0.000000;0.000000;0.124971;0.000000;0.000000;0.312872;0.000000;0.000000;0.000000;0.000000;0.000000;0.000000;0.000000;0.279496;0.062540;0.061253;0.000000;0.000000;0.000000;0.000000;0.000000;0.000000;0.376974;0.000000;0.000000;0.000000;0.000000,0;0;0;1;1;0;0;0;0;0;1;1;0;0;0;0;0;0;0;1;0;0;0;0;0;0;0;0;0;2;0;0;2;0;0;0;0;0;0;0;1;1;1;0;0;0;0;0;0;1;0;0;0;0,0.0,4272,2848
cb8f7b0da2ef0f1b.jpg,42,0.000000;0.108928;0.000000;0.000000;0.000000;0.000000;0.705065;0.000000;0.060418;0.127235;0.000000;0.000000;0.000000;0.196911;0.000000;0.000000;0.058107;0.000000;0.000000;0.000000;0.119540;0.000000;0.000000;0.000000;0.174282;0.347174;0.093163;0.627264;0.000000;0.455051;0.000000;0.527061;0.504670;0.331770;0.731527;0.000000;0.159825;0.000000;0.528866;0.000000;0.290367;0.305361,0;1;0;0;0;0;1;0;1;1;0;0;0;2;0;0;1;0;0;0;2;0;0;0;3;2;2;1;0;1;0;1;1;6;1;0;3;0;1;0;3;4,0.0,3648,2736
cbdbf9883eb51e7c.jpg,24,0.000000;0.000000;0.000000;0.000000;0.000000;0.000000;0.000000;0.000000;0.000000;0.000000;0.000000;0.000000;0.000000;0.480299;0.000000;0.000000;0.000000;0.000000;0.000000;0.000000;0.000000;0.000000;0.000000;0.000000,0;0;0;0;0;0;0;0;0;0;0;0;0;1;0;0;0;0;0;0;0;0;0;0,0.0,3008,2000
cc413a5d89c5d8e6.jpg,12,0.000000;0.000000;0.189205;0.000000;0.192607;0.000000;0.000000;0.209036;0.136087;0.398624;0.121035;0.065213,0;0;5;0;1;0;0;2;3;1;1;1,0.0,1536,2048
cc48b0317ccde1c4.jpg,8,0.000000;0.000000;0.000000;0.000000;0.000000;0.000000;0.000000;0.000000,0;0;0;0;0;0;0;0,0.0,1688,1125
ccc3f0bc6500081c.jpg,30,0.000000;0.000000;0.000000;0.000000;0.000000;0.000000;0.243485;0.173639;0.000000;0.000000;0.000000;0.123494;0.290409;0.255130;0.602515;0.000000;0.074081;0.000000;0.000000;0.000000;0.000000;0.000000;0.000000;0.000000;0.000000;0.000000;0.000000;0.000000;0.000000;0.000000,0;0;0;0;0;0;2;1;0;0;0;2;2;5;1;0;2;0;0;0;0;0;0;0;0;0;0;0;0;0,0.622287,3056,2292
cd0f2b7ac455df74.jpg,42,0.087288;0.202392;0.065248;0.000000;0.000000;0.000000;0.000000;0.062859;0.214391;0.149601;0.000000;0.000000;0.000000;0.195545;0.172422;0.159367;0.201557;0.143760;0.055001;0.158391;0.000000;0.000000;0.000000;0.000000;0.000000;0.000000;0.000000;0.167625;0.000000;0.000000;0.000000;0.000000;0.000000;0.000000;0.000000;0.000000;0.000000;0.000000;0.000000;0.095354;0.296308;0.340393,1;2;1;0;0;0;0;1;3;2;0;0;0;2;1;3;1;1;1;3;0;0;0;0;0;0;0;1;0;0;0;0;0;0;0;0;0;0;0;1;2;1,0.0,2736,3648
cdfa78c7fdf7a316.jpg,70,0.000000;0.000000;0.000000;0.000000;0.000000;0.000000;0.000000;0.000000;0.000000;0.000000;0.075219;0.000000;0.000000;0.000000;0.000000;0.000000;0.000000;0.000000;0.000000;0.000000;0.000000;0.000000;0.000000;0.000000;0.000000;0.000000;0.000000;0.518015;0.093338;0.000000;0.000000;0.000000;0.000000;0.182058;0.000000;0.000000;0.000000;0.000000;0.277349;0.000000;0.000000;0.000000;0.051765;0.000000;0.000000;0.000000;0.000000;0.690605;0.000000;0.000000;0.000000;0.000000;0.000000;0.000000;0.000000;0.000000;0.000000;0.000000;0.000000;0.000000;0.000000;0.000000;0.000000;0.000000;0.000000;0.000000;0.000000;0.000000;0.083085;0.000000,0;0;0;0;0;0;0;0;0;0;1;0;0;0;0;0;0;0;0;0;0;0;0;0;0;0;0;1;2;0;0;0;0;2;0;0;0;0;1;0;0;0;1;0;0;0;0;1;0;0;0;0;0;0;0;0;0;0;0;0;0;0;0;0;0;0;0;0;1;0,0.0,5184,3456
cf634947ddcfcda3.jpg,6,0.764134;0.257246;0.311136;0.817062;0.126807;0.550042,2;2;1;1;3;1,0.0,1280,960
d10f3cdbf37ff710.jpg,40,0.083341;0.000000;0.000000;0.000000;0.000000;0.097426;0.209494;0.000000;0.209205;0.106996;0.000000;0.000000;0.000000;0.000000;0.000000;0.092951;0.216437;0.000000;0.000000;0.000000;0.050531;0.000000;0.126630;0.132226;0.000000;0.069486;0.000000;0.000000;0.111542;0.000000;0.000000;0.000000;0.000000;0.103991;0.000000;0.070211;0.000000;0.000000;0.000000;0.158764,1;0;0;0;0;1;1;0;1;2;0;0;0;0;0;1;1;0;0;0;1;0;1;2;0;2;0;0;1;0;0;0;0;1;0;1;0;0;0;2,0.0,4000,2656
d17462047f8a6dd0.jpg,48,0.402023;0.000000;0.108717;0.292491;0.053821;0.000000;0.000000;0.000000;0.000000;0.000000;0.206217;0.000000;0.000000;0.061613;0.063747;0.000000;0.184125;0.000000;0.251532;0.000000;0.000000;0.000000;0.000000;0.000000;0.050588;0.000000;0.000000;0.000000;0.000000;0.000000;0.000000;0.000000;0.000000;0.000000;0.000000;0.000000;0.000000;0.000000;0.000000;0.000000;0.000000;0.000000;0.091465;0.000000;0.178947;0.083228;0.000000;0.000000,1;0;3;2;1;0;0;0;0;0;2;0;0;1;1;0;1;0;1;0;0;0;0;0;1;0;0;0;0;0;0;0;0;0;0;0;0;0;0;0;0;0;1;0;1;1;0;0,0.0,4000,3000
d251c693b79873ca.jpg,6,0.000000;0.000000;0.000000;0.301111;0.532765;0.000000,0;0;0;1;1;0,0.0,1456,971
d3f67af82117c85c.jpg,24,0.411251;0.000000;0.134684;0.493316;0.055857;0.082071;0.000000;0.000000;0.000000;0.000000;0.000000;0.000000;0.000000;0.563558;0.483535;0.000000;0.000000;0.000000;0.000000;0.000000;0.000000;0.051064;0.000000;0.000000,2;0;4;1;2;2;0;0;0;0;0;0;0;1;1;0;0;0;0;0;0;1;0;0,0.0,3000,2001
d46a832a549cecab.jpg,45,0.000000;0.000000;0.000000;0.000000;0.000000;0.147561;0.000000;0.000000;0.000000;0.000000;0.000000;0.000000;0.000000;0.000000;0.000000;0.000000;0.000000;0.000000;0.000000;0.000000;0.138500;0.000000;0.000000;0.000000;0.087898;0.000000;0.000000;0.000000;0.000000;0.000000;0.000000;0.000000;0.000000;0.000000;0.000000;0.000000;0.000000;0.000000;0.000000;0.000000;0.000000;0.000000;0.000000;0.000000;0.000000,0;0;0;0;0;2;0;0;0;0;0;0;0;0;0;0;0;0;0;0;1;0;0;0;2;0;0;0;0;0;0;0;0;0;0;0;0;0;0;0;0;0;0;0;0,0.067658,4608,2592
d4a2692e2a3e7bc8.jpg,12,0.399211;0.000000;0.175909;0.330855;0.248936;0.092901;0.141539;0.117835;0.225737;0.070376;0.060986;0.258842,1;0;3;2;1;2;3;1;2;1;1;1,0.0,2105,1542
d4b64bf87ca0d34a.jpg,12,0.317868;0.000000;0.064035;0.000000;0.405820;0.000000;0.000000;0.000000;0.055542;0.000000;0.112942;0.154780,3;0;1;0;1;0;0;0;1;0;2;1,0.055912,2048,1536
d5cce8fd99bf1044.jpg,12,0.000000;0.000000;0.000000;0.000000;0.000000;0.000000;0.000000;0.079566;0.192556;0.415867;0.440538;0.000000,0;0;0;0;0;0;0;1;1;1;1;0,0.0,2048,1366
d5f07dd1d66ff661.jpg,20,0.286277;0.730813;0.758112;0.425124;0.437842;0.000000;0.055786;0.085287;0.000000;0.000000;0.143901;0.212623;0.000000;0.369679;0.000000;0.136010;0.577944;0.077773;0.702875;0.160546,6;3;2;1;3;0;1;1;0;0;2;4;0;1;0;1;1;1;1;1,0.424571,2592,1944
d61c9511b55db11b.jpg,70,0.000000;0.000000;0.000000;0.305808;0.000000;0.000000;0.000000;0.000000;0.000000;0.000000;0.000000;0.000000;0.000000;0.000000;0.000000;0.000000;0.290682;0.000000;0.000000;0.000000;0.000000;0.000000;0.000000;0.065251;0.000000;0.000000;0.000000;0.000000;0.000000;0.000000;0.000000;0.000000;0.000000;0.000000;0.000000;0.000000;0.000000;0.000000;0.000000;0.000000;0.000000;0.000000;0.000000;0.000000;0.000000;0.000000;0.000000;0.000000;0.000000;0.000000;0.000000;0.000000;0.000000;0.000000;0.000000;0.000000;0.000000;0.000000;0.000000;0.000000;0.000000;0.000000;0.000000;0.000000;0.000000;0.000000;0.000000;0.000000;0.000000;0.000000,0;0;0;1;0;0;0;0;0;0;0;0;0;0;0;0;1;0;0;0;0;0;0;1;0;0;0;0;0;0;0;0;0;0;0;0;0;0;0;0;0;0;0;0;0;0;0;0;0;0;0;0;0;0;0;0;0;0;0;0;0;0;0;0;0;0;0;0;0;0,0.0,3456,5184
d65c77fcaac8e71d.jpg,6,0.000000;0.072411;0.078334;0.000000;0.000000;0.072386,0;1;1;0;0;1,0.0,873,1377
d8459023c8a472ce.jpg,21,0.000000;0.000000;0.000000;0.000000;0.000000;0.000000;0.000000;0.090167;0.115498;0.000000;0.000000;0.000000;0.320505;0.077595;0.328344;0.241045;0.054598;0.000000;0.000000;0.000000;0.000000,0;0;0;0;0;0;0;1;1;0;0;0;1;3;1;1;1;0;0;0;0,0.0,3386,1637
d9c0e604ced1966f.jpg,48,0.000000;0.000000;0.000000;0.000000;0.000000;0.000000;0.000000;0.000000;0.000000;0.000000;0.066261;0.000000;0.000000;0.134206;0.000000;0.000000;0.000000;0.000000;0.000000;0.000000;0.000000;0.000000;0.000000;0.000000;0.000000;0.000000;0.000000;0.000000;0.000000;0.000000;0.086893;0.000000;0.000000;0.000000;0.000000;0.000000;0.000000;0.000000;0.000000;0.000000;0.000000;0.000000;0.000000;0.000000;0.000000;0.129709;0.000000;0.000000,0;0;0;0;0;0;0;0;0;0;1;0;0;1;0;0;0;0;0;0;0;0;0;0;0;0;0;0;0;0;1;0;0;0;0;0;0;0;0;0;0;0;0;0;0;2;0;0,0.0,4000,3000
dbccdad432960952.jpg,42,0.000000;0.000000;0.000000;0.000000;0.000000;0.000000;0.000000;0.000000;0.000000;0.000000;0.000000;0.000000;0.000000;0.000000;0.000000;0.000000;0.000000;0.000000;0.000000;0.000000;0.000000;0.000000;0.191060;0.000000;0.000000;0.000000;0.000000;0.000000;0.000000;0.000000;0.000000;0.000000;0.000000;0.000000;0.000000;0.000000;0.000000;0.055176;0.000000;0.000000;0.000000;0.000000,0;0;0;0;0;0;0;0;0;0;0;0;0;0;0;0;0;0;0;0;0;0;2;0;0;0;0;0;0;0;0;0;0;0;0;0;0;1;0;0;0;0,0.099205,3648,2736
dcee590925f95879.jpg,20,0.345134;0.066425;0.000000;0.000000;0.000000;0.278440;0.000000;0.000000;0.145712;0.000000;0.000000;0.195345;0.223885;0.000000;0.000000;0.000000;0.490048;0.188981;0.297091;0.317566,2;1;0;0;0;1;0;0;1;0;0;2;2;0;0;0;1;1;1;1,0.125066,2560,1920
dd09f41bc887f3fa.jpg,42,0.338047;0.298815;0.311118;0.211675;0.088157;0.000000;0.061426;0.000000;0.199186;0.086240;0.314942;0.000000;0.000000;0.506470;0.000000;0.000000;0.112235;0.000000;0.000000;0.000000;0.211030;0.064522;0.000000;0.471891;0.180024;0.000000;0.000000;0.466008;0.000000;0.085336;0.000000;0.567302;0.000000;0.074407;0.077323;0.000000;0.086570;0.000000;0.000000;0.000000;0.000000;0.072600,2;3;2;2;2;0;1;0;3;3;2;0;0;2;0;0;2;0;0;0;2;1;0;2;1;0;0;3;0;2;0;1;0;2;1;0;2;0;0;0;0;1,0.0,3648,2736
dd1a8cbb528f4505.jpg,35,0.000000;0.135909;0.406353;0.000000;0.000000;0.000000;0.000000;0.053779;0.000000;0.000000;0.000000;0.000000;0.000000;0.000000;0.000000;0.000000;0.000000;0.000000;0.000000;0.000000;0.000000;0.000000;0.000000;0.000000;0.000000;0.000000;0.000000;0.000000;0.000000;0.000000;0.000000;0.000000;0.000000;0.000000;0.000000,0;1;1;0;0;0;0;1;0;0;0;0;0;0;0;0;0;0;0;0;0;0;0;0;0;0;0;0;0;0;0;0;0;0;0,0.643255,3264,2448
dda3043fa860d635.jpg,24,0.000000;0.000000;0.000000;0.000000;0.000000;0.000000;0.000000;0.000000;0.000000;0.000000;0.000000;0.000000;0.000000;0.000000;0.000000;0.000000;0.052489;0.072350;0.000000;0.000000;0.000000;0.000000;0.000000;0.000000,0;0;0;0;0;0;0;0;0;0;0;0;0;0;0;0;1;1;0;0;0;0;0;0,0.053594,2856,2142
ddcbd4d2a0f13b1b.jpg,24,0.000000;0.000000;0.000000;0.000000;0.713233;0.742626;0.069763;0.062183;0.404169;0.000000;0.000000;0.000000;0.112873;0.000000;0.000000;0.072406;0.000000;0.000000;0.387907;0.222912;0.059536;0.000000;0.000000;0.064466,0;0;0;0;1;1;1;1;2;0;0;0;1;0;0;1;0;0;2;1;1;0;0;1,0.0,2848,2134
ddd56ec6489b89e3.jpg,40,0.085511;0.134895;0.000000;0.097808;0.000000;0.000000;0.349803;0.293360;0.000000;0.000000;0.000000;0.000000;0.000000;0.220637;0.467151;0.056769;0.000000;0.000000;0.000000;0.175653;0.000000;0.645994;0.117872;0.286717;0.000000;0.000000;0.000000;0.000000;0.057024;0.313278;0.000000;0.000000;0.000000;0.000000;0.000000;0.000000;0.000000;0.000000;0.000000;0.000000,1;1;0;2;0;0;4;3;0;0;0;0;0;3;3;2;0;0;0;1;0;2;2;2;0;0;0;0;1;2;0;0;0;0;0;0;0;0;0;0,0.069554,3888,2592
de46db5be91cee4c.jpg,24,0.000000;0.000000;0.000000;0.378395;0.000000;0.000000;0.000000;0.000000;0.671100;0.068190;0.000000;0.000000;0.075570;0.150060;0.221054;0.000000;0.000000;0.000000;0.000000;0.290876;0.000000;0.000000;0.000000;0.000000,0;0;0;1;0;0;0;0;3;1;0;0;1;1;2;0;0;0;0;1;0;0;0;0,0.341225,3000,2000
de7987161ef6bacb.jpg,4,0.051095;0.065519;0.089660;0.000000,1;1;1;0,0.164312,800,1035
de96ed3b0297a212.jpg,6,0.163178;0.000000;0.000000;0.073777;0.000000;0.000000,1;0;0;1;0;0,0.0,1280,960
defd8f4b30b3e1e1.jpg,6,0.000000;0.000000;0.000000;0.000000;0.000000;0.000000,0;0;0;0;0;0,0.0,1280,960
e23811211571bf14.jpg,72,0.000000;0.000000;0.205372;0.478428;0.269304;0.244809;0.000000;0.059140;0.000000;0.000000;0.000000;0.000000;0.053377;0.000000;0.110927;0.000000;0.248274;0.109497;0.089738;0.000000;0.000000;0.000000;0.000000;0.133399;0.000000;0.181357;0.000000;0.091629;0.000000;0.000000;0.460345;0.000000;0.000000;0.000000;0.000000;0.000000;0.000000;0.000000;0.053845;0.000000;0.000000;0.000000;0.000000;0.100513;0.138079;0.000000;0.000000;0.000000;0.000000;0.000000;0.000000;0.000000;0.000000;0.127257;0.000000;0.000000;0.000000;0.000000;0.000000;0.085373;0.000000;0.000000;0.000000;0.000000;0.000000;0.000000;0.130237;0.000000;0.084703;0.000000;0.000000;0.000000,0;0;3;6;2;1;0;2;0;0;0;0;2;0;1;0;2;2;1;0;0;0;0;3;0;1;0;1;0;0;1;0;0;0;0;0;0;0;1;0;0;0;0;1;1;0;0;0;0;0;0;0;0;1;0;0;0;0;0;4;0;0;0;0;0;0;1;0;2;0;0;0,0.050524,4447,3749
e23c0361ed8134d4.jpg,54,0.680107;0.000000;0.000000;0.525065;0.126865;0.000000;0.000000;0.000000;0.187762;0.226189;0.081329;0.133068;0.000000;0.000000;0.000000;0.000000;0.065818;0.000000;0.000000;0.000000;0.000000;0.000000;0.000000;0.000000;0.786327;0.000000;0.000000;0.000000;0.412251;0.164495;0.000000;0.000000;0.000000;0.000000;0.000000;0.000000;0.000000;0.000000;0.000000;0.000000;0.113558;0.144691;0.000000;0.000000;0.000000;0.000000;0.000000;0.000000;0.000000;0.000000;0.000000;0.000000;0.000000;0.000000,1;0;0;1;1;0;0;0;3;3;1;1;0;0;0;0;1;0;0;0;0;0;0;0;3;0;0;0;2;2;0;0;0;0;0;0;0;0;0;0;1;1;0;0;0;0;0;0;0;0;0;0;0;0,0.081221,2848,4288
e2daf7ef50cac4ed.jpg,35,0.000000;0.000000;0.000000;0.403358;0.000000;0.000000;0.000000;0.000000;0.000000;0.000000;0.162301;0.000000;0.000000;0.000000;0.000000;0.000000;0.000000;0.772884;0.287561;0.000000;0.000000;0.000000;0.096096;0.000000;0.000000;0.000000;0.000000;0.000000;0.000000;0.092725;0.000000;0.000000;0.000000;0.000000;0.000000,0;0;0;1;0;0;0;0;0;0;1;0;0;0;0;0;0;9;6;0;0;0;5;0;0;0;0;0;0;2;0;0;0;0;0,0.145062,3264,2448
e3c7a5f08d7455d1.jpg,40,0.000000;0.000000;0.000000;0.000000;0.000000;0.000000;0.000000;0.000000;0.000000;0.000000;0.000000;0.000000;0.000000;0.000000;0.000000;0.000000;0.000000;0.000000;0.000000;0.000000;0.000000;0.000000;0.000000;0.000000;0.000000;0.000000;0.000000;0.000000;0.000000;0.000000;0.000000;0.000000;0.000000;0.000000;0.000000;0.000000;0.000000;0.000000;0.000000;0.000000,0;0;0;0;0;0;0;0;0;0;0;0;0;0;0;0;0;0;0;0;0;0;0;0;0;0;0;0;0;0;0;0;0;0;0;0;0;0;0;0,0.493617,4014,2676
e3d17dc86076d459.jpg,9,0.000000;0.000000;0.000000;0.000000;0.000000;0.000000;0.000000;0.000000;0.000000,0;0;0;0;0;0;0;0;0,0.0,1632,1224
e3d3fe45e5ea70bf.jpg,9,0.000000;0.245938;0.137637;0.000000;0.000000;0.111258;0.000000;0.000000;0.000000,0;2;3;0;0;1;0;0;0,0.0,1600,1200
e4229629ec9de00d.jpg,42,0.000000;0.000000;0.000000;0.334775;0.000000;0.000000;0.000000;0.167051;0.000000;0.000000;0.508571;0.065183;0.000000;0.000000;0.000000;0.000000;0.059498;0.000000;0.081713;0.914481;0.326658;0.000000;0.000000;0.000000;0.000000;0.000000;0.000000;0.000000;0.000000;0.000000;0.000000;0.000000;0.000000;0.000000;0.000000;0.000000;0.000000;0.000000;0.000000;0.000000;0.000000;0.000000,0;0;0;1;0;0;0;1;0;0;3;1;0;0;0;0;1;0;1;1;1;0;0;0;0;0;0;0;0;0;0;0;0;0;0;0;0;0;0;0;0;0,0.0,3648,2736
e4b0c13b5e349670.jpg,96,0.000000;0.525633;0.326618;0.058738;0.133071;0.000000;0.000000;0.000000;0.000000;0.000000;0.000000;0.000000;0.099569;0.436871;0.000000;0.390562;0.000000;0.000000;0.077695;0.000000;0.313887;0.000000;0.000000;0.000000;0.216990;0.066871;0.067602;0.000000;0.213416;0.319233;0.000000;0.364435;0.601176;0.311588;0.452334;0.804307;0.000000;0.000000;0.213911;0.205260;0.000000;0.325552;0.103545;0.000000;0.050763;0.000000;0.000000;0.106541;0.178098;0.387203;0.390799;0.000000;0.332767;0.000000;0.228730;0.576519;0.000000;0.000000;0.000000;0.095004;0.000000;0.546618;0.589037;0.000000;0.000000;0.108256;0.000000;0.000000;0.000000;0.207239;0.077296;0.000000;0.000000;0.347196;0.085182;0.000000;0.000000;0.000000;0.288418;0.784372;0.000000;0.315836;0.127126;0.000000;0.000000;0.000000;0.000000;0.000000;0.000000;0.122639;0.345229;0.000000;0.000000;0.130015;0.000000;0.000000,0;1;4;1;1;0;0;0;0;0;0;0;1;2;0;1;0;0;1;0;3;0;0;0;3;1;2;0;2;1;0;1;1;2;1;3;0;0;1;1;0;1;2;0;1;0;0;1;1;1;2;0;1;0;1;1;0;0;0;1;0;1;2;0;0;2;0;0;0;1;1;0;0;3;2;0;0;0;3;2;0;2;1;0;0;0;0;0;0;1;3;0;0;1;0;0,0.0,6016,4016
e4cb43222c9bee50.jpg,40,0.000000;0.000000;0.000000;0.126480;0.000000;0.000000;0.000000;0.000000;0.052450;0.000000;0.000000;0.537484;0.000000;0.000000;0.000000;0.082064;0.097545;0.099882;0.000000;0.000000;0.000000;0.153243;0.000000;0.000000;0.215542;0.154042;0.000000;0.000000;0.000000;0.275210;0.137375;0.072065;0.066837;0.000000;0.162387;0.115937;0.302016;0.000000;0.000000;0.113473,0;0;0;1;0;0;0;0;1;0;0;1;0;0;0;1;1;3;0;0;0;1;0;0;1;1;0;0;0;1;1;1;1;0;1;1;1;0;0;2,0.0,3888,2592
e56ffcd58130258a.jpg,35,0.000000;0.000000;0.000000;0.000000;0.000000;0.000000;0.000000;0.000000;0.000000;0.118505;0.586090;0.000000;0.000000;0.000000;0.000000;0.000000;0.000000;0.000000;0.000000;0.000000;0.000000;0.000000;0.000000;0.000000;0.000000;0.000000;0.000000;0.000000;0.000000;0.000000;0.000000;0.000000;0.000000;0.000000;0.000000,0;0;0;0;0;0;0;0;0;1;1;0;0;0;0;0;0;0;0;0;0;0;0;0;0;0;0;0;0;0;0;0;0;0;0,0.397419,3456,2304
e5c5e4e7999cc2ba.jpg,30,0.000000;0.537417;0.000000;0.000000;0.436524;0.104529;0.000000;0.086979;0.108399;0.292527;0.154653;0.402061;0.000000;0.306282;0.000000;0.181576;0.187134;0.135460;0.000000;0.447322;0.670688;0.304643;0.057710;0.000000;0.000000;0.409860;0.656885;0.487628;0.210155;0.000000,0;1;0;0;1;1;0;4;2;2;1;2;0;3;0;1;2;2;0;1;2;2;1;0;0;3;2;3;1;0,0.0,3072,2304
e680092f32248024.jpg,20,0.000000;0.000000;0.000000;0.000000;0.000000;0.000000;0.054366;0.000000;0.000000;0.000000;0.000000;0.000000;0.000000;0.000000;0.000000;0.000000;0.000000;0.000000;0.000000;0.000000,0;0;0;0;0;0;1;0;0;0;0;0;0;0;0;0;0;0;0;0,0.0,2592,1944
e7d31d4d5be667ff.jpg,6,0.000000;0.209131;0.312155;0.000000;0.217019;0.000000,0;3;1;0;4;0,0.084736,1280,960
e8286561e708febc.jpg,16,0.000000;0.000000;0.000000;0.000000;0.000000;0.000000;0.000000;0.068943;0.138198;0.000000;0.000000;0.000000;0.070410;0.000000;0.000000;0.000000,0;0;0;0;0;0;0;1;1;0;0;0;1;0;0;0,0.0,1740,1740
e84bb645083601b0.jpg,20,0.000000;0.000000;0.000000;0.000000;0.000000;0.000000;0.000000;0.000000;0.000000;0.000000;0.000000;0.000000;0.000000;0.000000;0.000000;0.000000;0.000000;0.000000;0.000000;0.000000,0;0;0;0;0;0;0;0;0;0;0;0;0;0;0;0;0;0;0;0,0.0,2592,1944
e916dd0b766b2f40.jpg,35,0.000000;0.000000;0.000000;0.000000;0.000000;0.000000;0.000000;0.000000;0.000000;0.000000;0.000000;0.000000;0.407862;0.432842;0.000000;0.000000;0.000000;0.000000;0.000000;0.000000;0.000000;0.000000;0.000000;0.000000;0.000000;0.000000;0.000000;0.000000;0.000000;0.000000;0.000000;0.000000;0.000000;0.000000;0.000000,0;0;0;0;0;0;0;0;0;0;0;0;1;1;0;0;0;0;0;0;0;0;0;0;0;0;0;0;0;0;0;0;0;0;0,0.0,3264,2448
ea251710c0889f79.jpg,12,0.000000;0.000000;0.000000;0.000000;0.104768;0.000000;0.227921;0.113893;0.361384;0.000000;0.442294;0.419028,0;0;0;0;1;0;1;1;3;0;1;1,0.0,2048,1365
ea972c85fcd1c2fe.jpg,35,0.000000;0.000000;0.000000;0.000000;0.000000;0.000000;0.000000;0.000000;0.000000;0.000000;0.126093;0.000000;0.000000;0.000000;0.056651;0.000000;0.000000;0.000000;0.000000;0.000000;0.000000;0.101144;0.000000;0.000000;0.000000;0.000000;0.000000;0.000000;0.000000;0.000000;0.000000;0.000000;0.000000;0.000000;0.000000,0;0;0;0;0;0;0;0;0;0;1;0;0;0;1;0;0;0;0;0;0;2;0;0;0;0;0;0;0;0;0;0;0;0;0,0.107693,3504,2336
eaa9828fea069047.jpg,20,0.000000;0.000000;0.000000;0.000000;0.000000;0.000000;0.123852;0.000000;0.000000;0.000000;0.000000;0.000000;0.000000;0.000000;0.000000;0.000000;0.000000;0.000000;0.000000;0.000000,0;0;0;0;0;0;1;0;0;0;0;0;0;0;0;0;0;0;0;0,0.0,1944,2592
eada86bb7ee98792.jpg,54,0.000000;0.000000;0.000000;0.000000;0.000000;0.000000;0.000000;0.060136;0.000000;0.000000;0.000000;0.000000;0.000000;0.000000;0.000000;0.279934;0.000000;0.000000;0.305609;0.000000;0.000000;0.068191;0.100909;0.000000;0.159032;0.725268;0.000000;0.000000;0.000000;0.000000;0.098613;0.205930;0.203258;0.084366;0.000000;0.000000;0.000000;0.000000;0.000000;0.000000;0.000000;0.054091;0.000000;0.000000;0.000000;0.000000;0.000000;0.000000;0.000000;0.228968;0.430739;0.052265;0.000000;0.000000,0;0;0;0;0;0;0;1;0;0;0;0;0;0;0;1;0;0;3;0;0;1;2;0;2;1;0;0;0;0;1;1;1;1;0;0;0;0;0;0;0;1;0;0;0;0;0;0;0;1;1;1;0;0,0.0,4468,2984
eb460b1d36fc1b88.jpg,63,0.082359;0.000000;0.000000;0.143113;0.000000;0.000000;0.139505;0.000000;0.000000;0.000000;0.000000;0.472561;0.266483;0.505973;0.118637;0.000000;0.000000;0.000000;0.000000;0.050651;0.000000;0.000000;0.000000;0.000000;0.000000;0.000000;0.000000;0.000000;0.000000;0.000000;0.000000;0.000000;0.000000;0.000000;0.000000;0.000000;0.000000;0.000000;0.000000;0.000000;0.000000;0.000000;0.000000;0.000000;0.000000;0.000000;0.672378;0.000000;0.000000;0.000000;0.000000;0.000000;0.000000;0.000000;0.000000;0.696813;0.000000;0.000000;0.000000;0.000000;0.000000;0.000000;0.000000,1;0;0;2;0;0;1;0;0;0;0;3;4;4;1;0;0;0;0;1;0;0;0;0;0;0;0;0;0;0;0;0;0;0;0;0;0;0;0;0;0;0;0;0;0;0;1;0;0;0;0;0;0;0;0;1;0;0;0;0;0;0;0,0.268515,4416,3312
ec56339b8da581b4.jpg,25,0.000000;0.000000;0.000000;0.000000;0.000000;0.000000;0.000000;0.093183;0.000000;0.124266;0.000000;0.000000;0.000000;0.000000;0.000000;0.000000;0.107186;0.000000;0.421441;0.414519;0.000000;0.000000;0.087764;0.000000;0.000000,0;0;0;0;0;0;0;1;0;1;0;0;0;0;0;0;2;0;3;4;0;0;1;0;0,0.074587,2400,2400
ec62b9d5a241a740.jpg,9,0.000000;0.000000;0.000000;0.146958;0.000000;0.000000;0.115633;0.000000;0.000000,0;0;0;1;0;0;1;0;0,0.0,1600,1200
ec953f5cefc2fea4.jpg,12,0.000000;0.611192;0.231991;0.000000;0.000000;0.727743;0.725242;0.000000;0.000000;0.000000;0.072228;0.086200,0;4;2;0;0;2;1;0;0;0;1;1,0.808154,2048,1536
ecb3d2718fa34c3c.jpg,12,0.000000;0.432028;0.000000;0.000000;0.484644;0.000000;0.000000;0.000000;0.000000;0.171311;0.000000;0.000000,0;1;0;0;3;0;0;0;0;1;0;0,0.0,1971,1312
ece5b73978857bd3.jpg,12,0.182340;0.000000;0.000000;0.000000;0.327799;0.000000;0.000000;0.000000;0.000000;0.000000;0.000000;0.000000,2;0;0;0;2;0;0;0;0;0;0;0,0.0,1920,1200
ed9cedcac5b76c7c.jpg,70,0.000000;0.000000;0.000000;0.000000;0.000000;0.000000;0.000000;0.000000;0.000000;0.000000;0.000000;0.000000;0.000000;0.312054;0.000000;0.000000;0.000000;0.000000;0.000000;0.000000;0.000000;0.000000;0.000000;0.000000;0.000000;0.000000;0.000000;0.000000;0.000000;0.000000;0.000000;0.000000;0.000000;0.000000;0.000000;0.000000;0.000000;0.000000;0.000000;0.000000;0.000000;0.000000;0.000000;0.000000;0.000000;0.073795;0.000000;0.000000;0.000000;0.000000;0.000000;0.000000;0.000000;0.000000;0.000000;0.062414;0.000000;0.000000;0.000000;0.000000;0.000000;0.000000;0.052664;0.000000;0.000000;0.051296;0.000000;0.000000;0.000000;0.000000,0;0;0;0;0;0;0;0;0;0;0;0;0;2;0;0;0;0;0;0;0;0;0;0;0;0;0;0;0;0;0;0;0;0;0;0;0;0;0;0;0;0;0;0;0;1;0;0;0;0;0;0;0;0;0;1;0;0;0;0;0;0;1;0;0;1;0;0;0;0,0.0,5184,3456
ee709b051d098c0c.jpg,40,0.000000;0.000000;0.148695;0.000000;0.000000;0.000000;0.000000;0.000000;0.000000;0.000000;0.124625;0.258792;0.000000;0.000000;0.000000;0.000000;0.000000;0.000000;0.073146;0.231337;0.079241;0.000000;0.000000;0.000000;0.000000;0.000000;0.000000;0.000000;0.000000;0.000000;0.000000;0.000000;0.000000;0.000000;0.065059;0.061018;0.175084;0.000000;0.199464;0.173798,0;0;1;0;0;0;0;0;0;0;1;1;0;0;0;0;0;0;1;2;2;0;0;0;0;0;0;0;0;0;0;0;0;0;1;1;4;0;1;2,0.197419,3888,2592
ef06b701061b0838.jpg,50,0.000000;0.000000;0.000000;0.000000;0.000000;0.000000;0.000000;0.000000;0.000000;0.000000;0.000000;0.000000;0.000000;0.000000;0.000000;0.000000;0.000000;0.000000;0.000000;0.000000;0.000000;0.000000;0.000000;0.000000;0.000000;0.076734;0.000000;0.000000;0.000000;0.000000;0.000000;0.000000;0.000000;0.000000;0.000000;0.000000;0.000000;0.000000;0.000000;0.000000;0.000000;0.119860;0.000000;0.000000;0.000000;0.000000;0.103581;0.000000;0.000000;0.000000,0;0;0;0;0;0;0;0;0;0;0;0;0;0;0;0;0;0;0;0;0;0;0;0;0;1;0;0;0;0;0;0;0;0;0;0;0;0;0;0;0;2;0;0;0;0;1;0;0;0,0.158975,2688,4992
ef67ec5701686689.jpg,88,0.000000;0.000000;0.000000;0.000000;0.000000;0.000000;0.000000;0.000000;0.000000;0.000000;0.000000;0.000000;0.000000;0.235042;0.132415;0.000000;0.000000;0.000000;0.000000;0.000000;0.000000;0.059685;0.000000;0.000000;0.000000;0.000000;0.000000;0.000000;0.000000;0.000000;0.050442;0.000000;0.000000;0.000000;0.052889;0.000000;0.000000;0.069069;0.000000;0.000000;0.000000;0.000000;0.000000;0.000000;0.000000;0.000000;0.000000;0.000000;0.000000;0.000000;0.374586;0.000000;0.000000;0.000000;0.000000;0.000000;0.000000;0.000000;0.052673;0.000000;0.000000;0.180796;0.000000;0.000000;0.000000;0.000000;0.000000;0.000000;0.000000;0.000000;0.000000;0.000000;0.000000;0.000000;0.000000;0.000000;0.000000;0.000000;0.000000;0.000000;0.000000;0.000000;0.000000;0.000000;0.000000;0.060698;0.000000;0.000000,0;0;0;0;0;0;0;0;0;0;0;0;0;2;1;0;0;0;0;0;0;1;0;0;0;0;0;0;0;0;1;0;0;0;1;0;0;1;0;0;0;0;0;0;0;0;0;0;0;0;1;0;0;0;0;0;0;0;1;0;0;1;0;0;0;0;0;0;0;0;0;0;0;0;0;0;0;0;0;0;0;0;0;0;0;1;0;0,0.0,3840,5760
ef7790d304d3718b.jpg,24,0.000000;0.000000;0.125270;0.149424;0.000000;0.059964;0.209984;0.000000;0.077976;0.176965;0.000000;0.000000;0.000000;0.667391;0.109571;0.000000;0.347774;0.308759;0.200797;0.679916;0.187883;0.347431;0.077082;0.057958,0;0;2;1;0;1;2;0;1;2;0;0;0;1;1;0;2;2;2;1;2;2;3;1,0.206543,2816,1880
f19e3614e84f8e36.jpg,6,0.000000;0.088312;0.110594;0.000000;0.000000;0.000000,0;1;2;0;0;0,0.0,1280,960
f1a1586b5df74328.jpg,12,0.050842;0.441726;0.396102;0.000000;0.072989;0.000000;0.000000;0.000000;0.000000;0.000000;0.000000;0.000000,1;4;1;0;1;0;0;0;0;0;0;0,0.480832,1741,1161
f20dbcd07c475ed4.jpg,36,0.000000;0.000000;0.000000;0.000000;0.000000;0.000000;0.600965;0.000000;0.000000;0.000000;0.229461;0.000000;0.000000;0.000000;0.000000;0.000000;0.000000;0.000000;0.000000;0.000000;0.000000;0.000000;0.000000;0.354526;0.000000;0.000000;0.116490;0.000000;0.000000;0.000000;0.310011;0.163894;0.000000;0.000000;0.000000;0.058544,0;0;0;0;0;0;2;0;0;0;3;0;0;0;0;0;0;0;0;0;0;0;0;1;0;0;2;0;0;0;2;3;0;0;0;2,0.089905,3180,3120
f2806924f149be68.jpg,42,0.000000;0.000000;0.000000;0.000000;0.000000;0.000000;0.000000;0.000000;0.000000;0.113099;0.473331;0.000000;0.000000;0.000000;0.000000;0.000000;0.085607;0.058612;0.469157;0.000000;0.000000;0.000000;0.090120;0.053923;0.000000;0.401693;0.000000;0.000000;0.000000;0.000000;0.000000;0.000000;0.000000;0.000000;0.000000;0.000000;0.000000;0.000000;0.000000;0.000000;0.000000;0.000000,0;0;0;0;0;0;0;0;0;2;3;0;0;0;0;0;1;1;2;0;0;0;1;2;0;1;0;0;0;0;0;0;0;0;0;0;0;0;0;0;0;0,0.0,3648,2736
f2c6af55e93f77a6.jpg,24,0.000000;0.000000;0.000000;0.000000;0.000000;0.000000;0.082811;0.000000;0.000000;0.000000;0.000000;0.000000;0.062983;0.082502;0.000000;0.000000;0.000000;0.000000;0.000000;0.000000;0.000000;0.053246;0.000000;0.000000,0;0;0;0;0;0;1;0;0;0;0;0;1;2;0;0;0;0;0;0;0;1;0;0,0.0,2816,2112
f42f158d14589318.jpg,24,0.117969;0.064388;0.078074;0.070020;0.000000;0.412523;0.000000;0.000000;0.211024;0.064915;0.000000;0.000000;0.000000;0.000000;0.000000;0.000000;0.000000;0.000000;0.000000;0.000000;0.201168;0.000000;0.000000;0.000000,5;1;1;2;0;5;0;0;1;2;0;0;0;0;0;0;0;0;0;0;1;0;0;0,0.050275,2816,2120
f48296c2ac5df770.jpg,12,0.096218;0.000000;0.347476;0.118056;0.000000;0.117659;0.089625;0.000000;0.000000;0.260109;0.000000;0.081187,1;0;4;1;0;3;1;0;0;3;0;1,0.121241,2048,1536
f677ccf0fa5859de.jpg,20,0.000000;0.000000;0.000000;0.000000;0.000000;0.000000;0.000000;0.064826;0.000000;0.000000;0.000000;0.050755;0.000000;0.000000;0.000000;0.000000;0.000000;0.000000;0.000000;0.000000,0;0;0;0;0;0;0;2;0;0;0;1;0;0;0;0;0;0;0;0,0.0,1944,2592
f6e6936ebe991d27.jpg,6,0.000000;0.000000;0.000000;0.000000;0.000000;0.000000,0;0;0;0;0;0,0.0,1299,828
f70c970567d702a9.jpg,96,0.000000;0.000000;0.075995;0.000000;0.000000;0.000000;0.000000;0.000000;0.000000;0.000000;0.088754;0.000000;0.000000;0.000000;0.143866;0.139643;0.715244;0.000000;0.489467;0.000000;0.000000;0.560608;0.223735;0.000000;0.000000;0.078642;0.103452;0.000000;0.000000;0.626511;0.190434;0.173752;0.084477;0.000000;0.000000;0.595238;0.000000;0.103423;0.066009;0.000000;0.097427;0.487831;0.151912;0.204710;0.614925;0.090494;0.288217;0.051326;0.000000;0.100402;0.000000;0.000000;0.293689;0.000000;0.000000;0.000000;0.000000;0.316556;0.051589;0.000000;0.000000;0.000000;0.077526;0.000000;0.000000;0.000000;0.000000;0.000000;0.057337;0.205753;0.574236;0.100030;0.000000;0.000000;0.062861;0.000000;0.000000;0.000000;0.000000;0.000000;0.000000;0.000000;0.000000;0.120194;0.000000;0.222267;0.161997;0.000000;0.000000;0.000000;0.000000;0.000000;0.000000;0.000000;0.000000;0.000000,0;0;1;0;0;0;0;0;0;0;1;0;0;0;1;1;2;0;2;0;0;1;1;0;0;1;1;0;0;1;1;4;2;0;0;1;0;1;1;0;1;2;1;2;2;3;2;1;0;2;0;0;3;0;0;0;0;2;1;0;0;0;1;0;0;0;0;0;1;1;2;4;0;0;1;0;0;0;0;0;0;0;0;1;0;2;3;0;0;0;0;0;0;0;0;0,0.695193,6000,4000
f73d507168d1746c.jpg,12,0.000000;0.000000;0.058617;0.000000;0.268144;0.698960;0.000000;0.000000;0.068400;0.510586;0.000000;0.000000,0;0;1;0;2;3;0;0;1;1;0;0,0.0,2048,1536
f778f3e4393c00fd.jpg,6,0.000000;0.000000;0.000000;0.000000;0.000000;0.000000,0;0;0;0;0;0,0.0,1500,1001
f7b54a06f209d37a.jpg,60,0.000000;0.000000;0.000000;0.000000;0.000000;0.000000;0.000000;0.000000;0.000000;0.000000;0.000000;0.000000;0.000000;0.000000;0.000000;0.000000;0.000000;0.000000;0.000000;0.000000;0.000000;0.000000;0.000000;0.000000;0.000000;0.000000;0.000000;0.000000;0.000000;0.000000;0.000000;0.453421;0.102919;0.000000;0.000000;0.000000;0.000000;0.000000;0.000000;0.000000;0.122898;0.000000;0.326207;0.000000;0.000000;0.000000;0.000000;0.000000;0.000000;0.000000;0.185112;0.000000;0.000000;0.000000;0.000000;0.000000;0.000000;0.000000;0.000000;0.000000,0;0;0;0;0;0;0;0;0;0;0;0;0;0;0;0;0;0;0;0;0;0;0;0;0;0;0;0;0;0;0;1;1;0;0;0;0;0;0;0;1;0;1;0;0;0;0;0;0;0;1;0;0;0;0;0;0;0;0;0,0.16462,4752,3168
f7f8f53e9c3069c4.jpg,6,0.000000;0.101946;0.000000;0.095158;0.000000;0.000000,0;3;0;1;0;0,0.0,1600,1064
f8032e0720cc4e8c.jpg,20,0.000000;0.000000;0.000000;0.000000;0.070486;0.000000;0.000000;0.054071;0.000000;0.000000;0.000000;0.000000;0.212149;0.000000;0.000000;0.000000;0.000000;0.122419;0.000000;0.000000,0;0;0;0;2;0;0;1;0;0;0;0;1;0;0;0;0;1;0;0,0.0,2500,1667
f90ead55fbc3327d.jpg,12,0.000000;0.212453;0.181967;0.000000;0.063941;0.143959;0.000000;0.000000;0.000000;0.058040;0.000000;0.000000,0;2;4;0;1;1;0;0;0;1;0;0,0.0,1212,1720
fa20b1d3613f6403.jpg,84,0.000000;0.000000;0.000000;0.000000;0.000000;0.000000;0.000000;0.000000;0.000000;0.000000;0.000000;0.000000;0.000000;0.000000;0.000000;0.000000;0.000000;0.000000;0.000000;0.000000;0.000000;0.000000;0.000000;0.000000;0.000000;0.000000;0.000000;0.000000;0.000000;0.000000;0.000000;0.000000;0.000000;0.000000;0.000000;0.000000;0.000000;0.000000;0.000000;0.000000;0.000000;0.000000;0.000000;0.000000;0.146579;0.000000;0.000000;0.000000;0.000000;0.000000;0.000000;0.000000;0.438687;0.000000;0.000000;0.000000;0.000000;0.177264;0.760235;0.758321;0.000000;0.000000;0.000000;0.000000;0.134885;0.000000;0.000000;0.000000;0.000000;0.000000;0.383148;0.300318;0.000000;0.000000;0.000000;0.000000;0.000000;0.000000;0.000000;0.000000;0.000000;0.000000;0.000000;0.000000,0;0;0;0;0;0;0;0;0;0;0;0;0;0;0;0;0;0;0;0;0;0;0;0;0;0;0;0;0;0;0;0;0;0;0;0;0;0;0;0;0;0;0;0;1;0;0;0;0;0;0;0;1;0;0;0;0;1;1;1;0;0;0;0;2;0;0;0;0;0;1;3;0;0;0;0;0;0;0;0;0;0;0;0,0.0,5814,3439
fa291bbfa252ba54.jpg,4,0.000000;0.000000;0.000000;0.000000,0;0;0;0,0.099803,1024,768
faa0ba7a9caa5894.jpg,9,0.235522;0.071574;0.109582;0.171355;0.401935;0.782851;0.315749;0.499721;0.746298,1;1;1;2;2;1;2;2;1,0.198555,1600,1200
fac9925f567b9d29.jpg,30,0.000000;0.000000;0.000000;0.000000;0.000000;0.000000;0.000000;0.000000;0.000000;0.000000;0.144104;0.000000;0.513150;0.495416;0.212999;0.684595;0.086159;0.390812;0.000000;0.000000;0.000000;0.000000;0.000000;0.000000;0.000000;0.000000;0.000000;0.000000;0.000000;0.000000,0;0;0;0;0;0;0;0;0;0;1;0;1;5;8;5;2;1;0;0;0;0;0;0;0;0;0;0;0;0,0.0,3174,2409
fad127f9fa3316ba.jpg,4,0.000000;0.000000;0.000000;0.000000,0;0;0;0,0.0,768,1024
fafa86508e73b472.jpg,28,0.000000;0.000000;0.000000;0.077148;0.489287;0.000000;0.000000;0.000000;0.000000;0.000000;0.000000;0.000000;0.000000;0.000000;0.000000;0.099262;0.000000;0.066760;0.000000;0.000000;0.000000;0.000000;0.000000;0.000000;0.000000;0.000000;0.090192;0.000000,0;0;0;2;3;0;0;0;0;0;0;0;0;0;0;1;0;1;0;0;0;0;0;0;0;0;1;0,0.0,3279,2140
fb44fbe7b68a3f5b.jpg,9,0.000000;0.000000;0.407346;0.853802;0.000000;0.719501;0.854622;0.000000;0.757434,0;0;2;1;0;2;1;0;3,0.548439,1600,1200
fbaba818fcd88bed.jpg,15,0.079703;0.000000;0.331410;0.000000;0.000000;0.000000;0.195590;0.134131;0.352941;0.000000;0.050143;0.000000;0.074378;0.138773;0.000000,1;0;2;0;0;0;1;2;1;0;1;0;1;1;0,0.067539,2592,1456
fc0a1a2b56d129f1.jpg,77,0.000000;0.000000;0.320797;0.096374;0.000000;0.000000;0.000000;0.000000;0.197920;0.000000;0.000000;0.000000;0.000000;0.000000;0.000000;0.000000;0.000000;0.000000;0.089646;0.000000;0.000000;0.000000;0.070580;0.000000;0.000000;0.000000;0.000000;0.000000;0.000000;0.000000;0.000000;0.000000;0.000000;0.764990;0.138159;0.000000;0.000000;0.251139;0.000000;0.050895;0.000000;0.130312;0.000000;0.000000;0.734262;0.143017;0.000000;0.235270;0.090849;0.000000;0.000000;0.000000;0.000000;0.000000;0.000000;0.000000;0.099453;0.251950;0.000000;0.000000;0.000000;0.000000;0.000000;0.000000;0.000000;0.000000;0.000000;0.000000;0.196205;0.000000;0.000000;0.000000;0.000000;0.000000;0.000000;0.000000;0.000000,0;0;2;1;0;0;0;0;1;0;0;0;0;0;0;0;0;0;1;0;0;0;2;0;0;0;0;0;0;0;0;0;0;3;3;0;0;2;0;1;0;1;0;0;1;2;0;5;3;0;0;0;0;0;0;0;1;2;0;0;0;0;0;0;0;0;0;0;1;0;0;0;0;0;0;0;0,0.0,5472,3648
fca4e8252f9725ae.jpg,12,0.000000;0.000000;0.000000;0.000000;0.000000;0.000000;0.000000;0.000000;0.000000;0.000000;0.096223;0.000000,0;0;0;0;0;0;0;0;0;0;1;0,0.0,1339,2000
fd3ba4d83a82aecc.jpg,24,0.000000;0.000000;0.059927;0.000000;0.000000;0.000000;0.000000;0.229281;0.075265;0.235006;0.225750;0.000000;0.000000;0.358550;0.000000;0.000000;0.000000;0.000000;0.000000;0.000000;0.000000;0.000000;0.000000;0.000000,0;0;1;0;0;0;0;3;1;2;1;0;0;3;0;0;0;0;0;0;0;0;0;0,0.0,3008,2000
fd46859349e38489.jpg,54,0.000000;0.000000;0.000000;0.000000;0.000000;0.000000;0.344842;0.000000;0.000000;0.000000;0.000000;0.000000;0.000000;0.000000;0.000000;0.054905;0.000000;0.000000;0.000000;0.000000;0.000000;0.000000;0.000000;0.000000;0.080230;0.057571;0.414817;0.000000;0.000000;0.000000;0.293044;0.000000;0.071045;0.050486;0.514080;0.622540;0.000000;0.000000;0.000000;0.000000;0.000000;0.406070;0.080187;0.175940;0.338614;0.000000;0.000000;0.000000;0.000000;0.000000;0.000000;0.000000;0.000000;0.082374,0;0;0;0;0;0;1;0;0;0;0;0;0;0;0;1;0;0;0;0;0;0;0;0;2;1;1;0;0;0;1;0;2;1;1;1;0;0;0;0;0;1;1;1;1;0;0;0;0;0;0;0;0;1,0.0,4696,3125
fe74db66cfd0590b.jpg,20,0.000000;0.000000;0.000000;0.000000;0.000000;0.000000;0.000000;0.000000;0.000000;0.000000;0.057697;0.000000;0.061555;0.000000;0.000000;0.054240;0.000000;0.000000;0.000000;0.000000,0;0;0;0;0;0;0;0;0;0;2;0;1;0;0;1;0;0;0;0,0.0,2272,1704
ffb8745abd6e8e52.jpg,12,0.000000;0.000000;0.101095;0.289680;0.000000;0.088901;0.099571;0.000000;0.000000;0.000000;0.053709;0.000000,0;0;1;1;0;1;1;0;0;0;1;0,0.0,2048,1536
