img,n_tiles,tile_confs,tile_nboxes,full_conf640,w,h
005bd647ca0ac947.jpg,24,0.456482;0.000000;0.000000;0.000000;0.000000;0.000000;0.000000;0.384922;0.103287;0.000000;0.000000;0.293464;0.613499;0.000000;0.000000;0.281564;0.000000;0.127009;0.112766;0.221952;0.317757;0.000000;0.407583;0.483427,1;0;0;0;0;0;0;2;2;0;0;3;2;0;0;4;0;2;4;2;5;0;4;7,0.514216,2000,3008
006c8ac9b5e6906a.jpg,6,0.453635;0.440148;0.468662;0.356967;0.348510;0.395360,16;6;2;8;3;4,0.496177,1280,960
01a2b161a5937ac0.jpg,24,0.000000;0.000000;0.158411;0.000000;0.000000;0.000000;0.077457;0.000000;0.411290;0.238795;0.050338;0.073256;0.000000;0.434395;0.000000;0.358865;0.611311;0.000000;0.000000;0.186153;0.527733;0.365802;0.415039;0.000000,0;0;2;0;0;0;1;0;1;1;1;1;0;1;0;3;2;0;0;3;3;3;2;0,0.866793,3008,2000
01f5efed4dfda77e.jpg,48,0.272435;0.000000;0.134923;0.000000;0.000000;0.101553;0.000000;0.000000;0.195966;0.299791;0.334194;0.414754;0.188341;0.061403;0.000000;0.111612;0.523442;0.444793;0.095581;0.328713;0.097210;0.182029;0.390398;0.463493;0.272111;0.051405;0.000000;0.314037;0.226440;0.298197;0.515854;0.309566;0.000000;0.000000;0.000000;0.000000;0.145885;0.243441;0.545777;0.098875;0.057235;0.118246;0.000000;0.177072;0.121928;0.104126;0.069829;0.105953,2;0;2;0;0;1;0;0;3;4;4;4;5;1;0;3;1;2;4;4;5;3;5;4;3;1;0;1;2;3;1;2;0;0;0;0;1;1;1;3;2;2;0;2;1;2;1;3,0.154246,4000,3000
02b2ab24e7e709cf.jpg,15,0.058413;0.285394;0.201598;0.079678;0.000000;0.127502;0.000000;0.216421;0.053856;0.000000;0.000000;0.178525;0.382408;0.381547;0.276301,1;5;1;2;0;3;0;2;1;0;0;4;1;4;2,0.220171,2495,1626
034530143f388715.jpg,12,0.180393;0.487632;0.828858;0.692814;0.388646;0.466053;0.523774;0.196610;0.280750;0.457960;0.275201;0.529144,1;5;3;3;5;5;6;4;3;4;2;4,0.351131,2048,1536
04052a2470d09108.jpg,40,0.663287;0.634603;0.584948;0.575396;0.134530;0.000000;0.609507;0.523457;0.000000;0.000000;0.000000;0.000000;0.000000;0.000000;0.000000;0.000000;0.000000;0.000000;0.000000;0.000000;0.000000;0.137875;0.000000;0.214826;0.000000;0.000000;0.000000;0.000000;0.060903;0.000000;0.000000;0.000000;0.000000;0.000000;0.000000;0.000000;0.000000;0.000000;0.000000;0.000000,2;3;2;3;3;0;1;1;0;0;0;0;0;0;0;0;0;0;0;0;0;2;0;2;0;0;0;0;1;0;0;0;0;0;0;0;0;0;0;0,0.197101,3872,2592
0544f3c78a580ff4.jpg,9,0.126058;0.519316;0.109388;0.464506;0.589793;0.604349;0.520380;0.571283;0.605537,2;2;5;3;4;3;2;4;3,0.113892,1600,1200
06d1d39cbea07874.jpg,42,0.419926;0.572612;0.587302;0.352292;0.142591;0.210715;0.445240;0.528500;0.296491;0.120455;0.329252;0.118009;0.161906;0.052086;0.091539;0.131574;0.090955;0.238480;0.166856;0.560392;0.315224;0.120061;0.000000;0.000000;0.177068;0.000000;0.000000;0.000000;0.455605;0.000000;0.075268;0.138366;0.000000;0.563608;0.388897;0.387192;0.000000;0.074313;0.293983;0.000000;0.579651;0.325040,4;4;5;4;1;6;1;3;2;4;4;3;1;1;2;2;4;6;3;2;6;3;0;0;2;0;0;0;2;0;2;1;0;2;1;2;0;1;2;0;2;1,0.173163,3289,2695
06d70ecda37db5e3.jpg,12,0.321374;0.313551;0.000000;0.133153;0.343158;0.641208;0.000000;0.000000;0.133274;0.065615;0.356409;0.337398,1;4;0;2;5;2;0;0;4;2;6;6,0.0,1852,1541
078a836c2a6c0d7a.jpg,35,0.000000;0.000000;0.000000;0.000000;0.000000;0.000000;0.000000;0.261726;0.000000;0.177605;0.000000;0.074767;0.340509;0.303772;0.272279;0.000000;0.000000;0.000000;0.000000;0.000000;0.000000;0.000000;0.071994;0.058532;0.000000;0.000000;0.000000;0.000000;0.000000;0.000000;0.000000;0.000000;0.000000;0.000000;0.000000,0;0;0;0;0;0;0;2;0;1;0;1;2;1;4;0;0;0;0;0;0;0;1;1;0;0;0;0;0;0;0;0;0;0;0,0.783278,3264,2448
07e132007696f157.jpg,96,0.091406;0.126610;0.121883;0.000000;0.114907;0.084872;0.133191;0.057021;0.579551;0.263987;0.232415;0.794531;0.174203;0.065724;0.235345;0.281415;0.113916;0.000000;0.351162;0.137944;0.377380;0.200007;0.085710;0.222174;0.133523;0.075709;0.000000;0.000000;0.158875;0.243192;0.376495;0.203576;0.351323;0.095793;0.284587;0.190430;0.635125;0.633648;0.262234;0.522941;0.337067;0.073590;0.237249;0.185171;0.351309;0.312565;0.484301;0.399181;0.606886;0.098427;0.162445;0.076552;0.171365;0.242556;0.263374;0.083326;0.109307;0.000000;0.081344;0.215311;0.187762;0.192677;0.271839;0.091250;0.315036;0.214361;0.531889;0.436563;0.165901;0.708555;0.753887;0.751767;0.000000;0.000000;0.114714;0.054509;0.456091;0.000000;0.000000;0.065126;0.164688;0.378818;0.000000;0.000000;0.000000;0.115379;0.137896;0.408725;0.000000;0.060018;0.151902;0.059243;0.060300;0.430933;0.000000;0.000000,1;2;2;0;2;1;1;1;7;3;1;2;5;2;4;2;1;0;4;4;7;7;3;3;7;4;0;0;3;7;8;12;5;2;6;2;5;3;6;1;8;3;7;5;5;3;5;7;5;2;3;1;3;4;6;2;2;0;1;2;5;3;2;2;3;2;3;4;1;4;2;2;0;0;1;1;8;0;0;1;5;5;0;0;0;2;3;3;0;3;1;1;2;4;0;0,0.27744,6048,4032
07e304a0ba61ce5c.jpg,35,0.483278;0.432144;0.082201;0.651108;0.630521;0.714049;0.715322;0.456687;0.590824;0.289169;0.191092;0.187842;0.546266;0.631882;0.296975;0.203444;0.469575;0.000000;0.419613;0.403662;0.333177;0.102926;0.000000;0.073539;0.207025;0.145550;0.270757;0.152225;0.000000;0.000000;0.000000;0.129403;0.077706;0.265740;0.158206,3;4;4;5;5;4;2;1;4;4;6;5;4;3;3;1;2;0;7;2;1;4;0;2;5;1;5;3;0;0;0;1;2;4;5,0.208584,3313,2254
08877441bb91eceb.jpg,15,0.000000;0.000000;0.000000;0.000000;0.000000;0.000000;0.000000;0.138394;0.000000;0.000000;0.391635;0.397979;0.163494;0.109313;0.161202,0;0;0;0;0;0;0;3;0;0;4;5;5;2;1,0.280301,2500,1656
0958b13d06fce47e.jpg,35,0.000000;0.000000;0.000000;0.000000;0.000000;0.000000;0.000000;0.000000;0.000000;0.000000;0.000000;0.000000;0.000000;0.000000;0.000000;0.000000;0.095576;0.718009;0.000000;0.000000;0.000000;0.319882;0.132901;0.206287;0.270096;0.382426;0.356923;0.361072;0.359559;0.000000;0.080567;0.194756;0.255934;0.266659;0.281442,0;0;0;0;0;0;0;0;0;0;0;0;0;0;0;0;1;5;0;0;0;2;3;4;7;4;3;3;5;0;1;7;5;7;4,0.097592,3264,2448
09ef2f433829bb03.jpg,20,0.342781;0.248624;0.182708;0.165531;0.169963;0.624890;0.351375;0.278105;0.000000;0.111036;0.000000;0.315641;0.148027;0.062216;0.000000;0.511771;0.682901;0.291248;0.060141;0.080370,2;5;5;2;2;2;6;3;0;1;0;3;2;1;0;1;2;2;1;1,0.390794,2560,1920
0a23d3f0e7d850f4.jpg,9,0.606143;0.640894;0.097982;0.000000;0.533133;0.210871;0.000000;0.367068;0.281423,2;1;1;0;4;2;0;4;2,0.328628,1600,1200
0b6b92ee7daf2c5c.jpg,88,0.152056;0.654570;0.000000;0.056207;0.000000;0.112924;0.000000;0.129098;0.222623;0.278381;0.701209;0.000000;0.205971;0.478870;0.000000;0.000000;0.000000;0.000000;0.000000;0.000000;0.000000;0.000000;0.000000;0.000000;0.000000;0.000000;0.000000;0.000000;0.000000;0.000000;0.000000;0.000000;0.000000;0.156418;0.000000;0.209503;0.053630;0.067673;0.216179;0.000000;0.000000;0.000000;0.000000;0.000000;0.171922;0.502271;0.000000;0.429894;0.187596;0.000000;0.000000;0.000000;0.000000;0.077130;0.623312;0.000000;0.000000;0.000000;0.451677;0.000000;0.000000;0.000000;0.000000;0.000000;0.059118;0.000000;0.163460;0.506207;0.000000;0.000000;0.000000;0.107302;0.000000;0.137551;0.000000;0.201540;0.330454;0.000000;0.000000;0.000000;0.000000;0.000000;0.087732;0.151288;0.161166;0.000000;0.147697;0.315396,1;1;0;1;0;1;0;2;1;1;1;0;2;3;0;0;0;0;0;0;0;0;0;0;0;0;0;0;0;0;0;0;0;2;0;2;1;1;3;0;0;0;0;0;2;1;0;1;3;0;0;0;0;1;2;0;0;0;1;0;0;0;0;0;1;0;3;2;0;0;0;2;0;1;0;1;3;0;0;0;0;0;1;1;2;0;2;3,0.230621,5760,3840
0be9c11f16cf1fbe.jpg,70,0.000000;0.087752;0.425207;0.000000;0.000000;0.000000;0.107516;0.000000;0.000000;0.205774;0.000000;0.000000;0.530439;0.000000;0.000000;0.052436;0.000000;0.217772;0.000000;0.128129;0.000000;0.000000;0.000000;0.102159;0.165498;0.000000;0.000000;0.213920;0.085624;0.058813;0.169403;0.085396;0.248633;0.306771;0.327021;0.289155;0.131289;0.102977;0.070843;0.057346;0.713552;0.180880;0.693117;0.698684;0.754134;0.208733;0.155976;0.117481;0.167205;0.129908;0.173245;0.219719;0.487560;0.066802;0.081344;0.207827;0.191306;0.495208;0.173147;0.130563;0.433094;0.085861;0.542521;0.076350;0.205118;0.121535;0.331216;0.542955;0.000000;0.352683,0;1;2;0;0;0;1;0;0;2;0;0;2;0;0;1;0;3;0;1;0;0;0;1;1;0;0;2;1;1;2;2;2;3;7;4;4;2;1;1;3;5;1;1;3;1;1;2;2;2;3;3;5;1;1;6;2;8;2;1;2;1;10;1;4;3;4;7;0;2,0.119873,5184,3456
0c82bfd1f18ed1ea.jpg,40,0.000000;0.000000;0.153922;0.000000;0.000000;0.000000;0.000000;0.405878;0.193105;0.000000;0.000000;0.000000;0.566266;0.805219;0.000000;0.000000;0.000000;0.100724;0.000000;0.000000;0.000000;0.000000;0.346797;0.000000;0.000000;0.079115;0.000000;0.000000;0.230155;0.000000;0.000000;0.000000;0.000000;0.000000;0.000000;0.000000;0.000000;0.000000;0.000000;0.000000,0;0;2;0;0;0;0;4;2;0;0;0;3;1;0;0;0;2;0;0;0;0;4;0;0;1;0;0;2;0;0;0;0;0;0;0;0;0;0;0,0.0,2592,3888
0d09c567cfd03b28.jpg,30,0.000000;0.223643;0.000000;0.000000;0.000000;0.000000;0.090387;0.315429;0.072613;0.000000;0.364545;0.235640;0.134034;0.725156;0.740238;0.062987;0.097091;0.000000;0.317335;0.542909;0.622389;0.424397;0.194207;0.000000;0.000000;0.259472;0.205529;0.238482;0.554792;0.537026,0;1;0;0;0;0;2;3;1;0;2;1;4;7;5;2;2;0;1;1;1;3;1;0;0;2;1;3;1;1,0.433306,2304,3072
0d1a073b2c455b1d.jpg,4,0.712919;0.500223;0.559817;0.443842,2;3;2;3,0.76327,768,1024
0d2e090e9b025ddc.jpg,24,0.000000;0.000000;0.000000;0.000000;0.000000;0.000000;0.000000;0.000000;0.000000;0.000000;0.000000;0.000000;0.056128;0.000000;0.000000;0.000000;0.000000;0.000000;0.000000;0.000000;0.000000;0.000000;0.063187;0.000000,0;0;0;0;0;0;0;0;0;0;0;0;1;0;0;0;0;0;0;0;0;0;1;0,0.0,2816,2112
0d39d3a30a430a74.jpg,8,0.108703;0.194922;0.078533;0.050176;0.000000;0.389055;0.143612;0.148931,5;5;1;1;0;4;2;5,0.49797,1800,925
0d73caebb7a63351.jpg,20,0.474000;0.299763;0.679747;0.367082;0.000000;0.532590;0.393931;0.081156;0.443618;0.260325;0.114892;0.000000;0.416197;0.670183;0.133486;0.328535;0.175347;0.114080;0.618492;0.416553,1;8;4;1;0;4;4;1;2;7;2;0;8;10;4;5;1;4;5;6,0.401975,2135,2682
0dc6c490b2941ff8.jpg,4,0.222986;0.255126;0.586935;0.390963,4;4;2;3,0.0,1119,778
0e3ed3d9a681cd0f.jpg,63,0.000000;0.000000;0.000000;0.000000;0.000000;0.000000;0.000000;0.000000;0.000000;0.000000;0.000000;0.000000;0.000000;0.000000;0.000000;0.180478;0.573383;0.000000;0.000000;0.000000;0.000000;0.000000;0.000000;0.000000;0.289548;0.000000;0.000000;0.000000;0.100747;0.000000;0.000000;0.433705;0.000000;0.000000;0.000000;0.241286;0.471713;0.000000;0.000000;0.251221;0.102442;0.378821;0.201360;0.000000;0.068407;0.000000;0.000000;0.000000;0.000000;0.156196;0.000000;0.000000;0.000000;0.000000;0.000000;0.054401;0.094829;0.197086;0.000000;0.000000;0.000000;0.000000;0.174922,0;0;0;0;0;0;0;0;0;0;0;0;0;0;0;3;2;0;0;0;0;0;0;0;1;0;0;0;1;0;0;7;0;0;0;3;1;0;0;2;1;1;3;0;1;0;0;0;0;2;0;0;0;0;0;1;1;2;0;0;0;0;1,0.328255,3240,4320
0ea657df47f0dcbb.jpg,12,0.075209;0.156434;0.053081;0.124944;0.087520;0.050435;0.414772;0.116677;0.112608;0.000000;0.176027;0.000000,3;3;1;4;1;1;3;2;1;0;6;0,0.07785,2048,1536
0fa11f7260ffa67e.jpg,6,0.000000;0.119892;0.425856;0.322468;0.128605;0.000000,0;2;4;2;1;0,0.095821,1067,1600
103156b19827a5fc.jpg,12,0.000000;0.440832;0.065749;0.000000;0.000000;0.226106;0.067816;0.000000;0.000000;0.000000;0.112748;0.167747,0;3;1;0;0;1;1;0;0;0;3;2,0.085788,2048,1536
10517249ac232c8f.jpg,12,0.000000;0.000000;0.000000;0.056521;0.000000;0.317940;0.000000;0.000000;0.501999;0.141292;0.285307;0.668111,0;0;0;1;0;9;0;0;4;8;9;2,0.092276,2048,1536
138171babca75da4.jpg,20,0.000000;0.000000;0.219775;0.180071;0.000000;0.000000;0.734055;0.723868;0.527199;0.267136;0.000000;0.135803;0.375221;0.085591;0.000000;0.000000;0.000000;0.241295;0.000000;0.000000,0;0;2;2;0;0;4;4;11;5;0;3;5;3;0;0;0;2;0;0,0.377497,2517,1888
13b6289aef7a24b7.jpg,6,0.511501;0.134749;0.114249;0.273242;0.746957;0.746858,2;4;6;3;4;2,0.358874,1280,960
1420e78038f82919.jpg,42,0.000000;0.000000;0.000000;0.346836;0.000000;0.000000;0.000000;0.128140;0.228641;0.000000;0.153164;0.270595;0.091357;0.000000;0.083296;0.502685;0.000000;0.079281;0.141430;0.701250;0.352760;0.277334;0.615598;0.316912;0.626370;0.059834;0.294408;0.269306;0.544615;0.136047;0.102642;0.000000;0.000000;0.214428;0.000000;0.414895;0.000000;0.082664;0.000000;0.000000;0.184056;0.000000,0;0;0;1;0;0;0;1;1;0;2;4;2;0;1;2;0;2;5;1;6;4;3;2;7;2;5;1;1;3;3;0;0;1;0;1;0;1;0;0;1;0,0.693191,3648,2736
14859252196fd7a6.jpg,35,0.000000;0.000000;0.000000;0.348338;0.000000;0.056296;0.051449;0.092496;0.169564;0.362595;0.257370;0.081487;0.185288;0.154793;0.122429;0.223815;0.326094;0.179730;0.000000;0.000000;0.000000;0.098068;0.079382;0.243558;0.160716;0.333184;0.213999;0.185912;0.368149;0.106860;0.141797;0.170522;0.657991;0.103764;0.106477,0;0;0;1;0;1;1;1;3;7;7;1;3;4;4;4;6;2;0;0;0;2;1;11;4;1;3;3;3;3;8;5;1;4;2,0.091478,3264,2448
15e838aba2dccc8b.jpg,20,0.000000;0.095699;0.000000;0.000000;0.000000;0.000000;0.144666;0.000000;0.000000;0.000000;0.000000;0.000000;0.000000;0.000000;0.000000;0.000000;0.000000;0.000000;0.000000;0.000000,0;1;0;0;0;0;1;0;0;0;0;0;0;0;0;0;0;0;0;0,0.0,1863,2497
1655ed7fefd46b13.jpg,20,0.478807;0.083851;0.297544;0.530334;0.317904;0.467230;0.245700;0.365590;0.211061;0.161010;0.232819;0.427267;0.627613;0.000000;0.333902;0.457517;0.362206;0.614091;0.263042;0.347613,6;6;3;5;3;5;3;3;2;4;7;3;3;0;5;6;3;6;4;4,0.278753,2560,1920
1876ff97a1af1590.jpg,12,0.000000;0.269270;0.421159;0.292247;0.000000;0.000000;0.000000;0.000000;0.075033;0.060548;0.238449;0.000000,0;3;4;1;0;0;0;0;1;1;1;0,0.280219,2048,1536
18f71db2bd75ac5b.jpg,48,0.000000;0.511692;0.566201;0.679188;0.000000;0.000000;0.000000;0.065797;0.380916;0.381695;0.072746;0.569499;0.563693;0.118135;0.000000;0.000000;0.401827;0.000000;0.000000;0.142949;0.000000;0.000000;0.000000;0.000000;0.436224;0.000000;0.373841;0.000000;0.000000;0.648108;0.000000;0.000000;0.000000;0.000000;0.000000;0.000000;0.000000;0.411102;0.230926;0.000000;0.000000;0.000000;0.000000;0.000000;0.000000;0.524663;0.474736;0.000000,0;10;5;7;0;0;0;1;6;7;2;1;2;1;0;0;5;0;0;3;0;0;0;0;4;0;1;0;0;3;0;0;0;0;0;0;0;3;2;0;0;0;0;0;0;7;2;0,0.62379,4000,3000
1a0ef4b7b43fd5ee.jpg,63,0.000000;0.000000;0.000000;0.000000;0.000000;0.000000;0.000000;0.000000;0.000000;0.000000;0.000000;0.000000;0.000000;0.073341;0.050563;0.000000;0.000000;0.000000;0.000000;0.000000;0.000000;0.310642;0.242096;0.403730;0.000000;0.000000;0.000000;0.000000;0.000000;0.177103;0.368684;0.630895;0.660496;0.055405;0.000000;0.000000;0.000000;0.055053;0.000000;0.000000;0.000000;0.143458;0.000000;0.000000;0.000000;0.000000;0.000000;0.000000;0.137174;0.065981;0.000000;0.000000;0.000000;0.000000;0.000000;0.000000;0.000000;0.061720;0.057009;0.000000;0.000000;0.000000;0.000000,0;0;0;0;0;0;0;0;0;0;0;0;0;1;1;0;0;0;0;0;0;1;1;6;0;0;0;0;0;4;3;1;7;1;0;0;0;1;0;0;0;2;0;0;0;0;0;0;2;1;0;0;0;0;0;0;0;1;1;0;0;0;0,0.249303,4320,3240
1b93c5c119ca13a2.jpg,12,0.000000;0.000000;0.144853;0.000000;0.084065;0.138635;0.310113;0.148257;0.152054;0.412363;0.112403;0.159983,0;0;2;0;1;3;1;1;2;2;2;4,0.137473,1900,1267
1c27e643d5bd43bb.jpg,35,0.000000;0.349105;0.228225;0.375080;0.205211;0.578262;0.545687;0.000000;0.071796;0.302428;0.301158;0.000000;0.447855;0.447751;0.164662;0.119746;0.303180;0.368406;0.326001;0.465255;0.214656;0.147818;0.302348;0.065867;0.150119;0.125495;0.688350;0.600544;0.201788;0.283939;0.096545;0.137545;0.324481;0.000000;0.064217,0;5;4;3;3;2;1;0;1;3;1;0;3;2;1;2;2;3;6;4;4;3;5;1;3;3;2;2;3;3;4;3;6;0;1,0.194012,3264,2448
1c744a56b31d0d1f.jpg,8,0.199712;0.185259;0.234351;0.163237;0.378305;0.643017;0.088224;0.159516,4;4;3;3;2;6;4;2,0.474162,1690,1122
1c92fdf4ef1959ef.jpg,9,0.581008;0.699677;0.757967;0.634720;0.157269;0.470652;0.499346;0.199100;0.447505,4;2;3;5;3;6;3;4;6,0.115466,1600,1200
1d5f3d366ce8193c.jpg,35,0.000000;0.099339;0.292204;0.283402;0.453385;0.140663;0.205287;0.000000;0.165584;0.637156;0.122062;0.123114;0.067139;0.000000;0.066593;0.544020;0.378921;0.495482;0.206988;0.310565;0.000000;0.000000;0.278478;0.482486;0.213086;0.543501;0.164910;0.179951;0.266158;0.270194;0.264732;0.340262;0.188715;0.191087;0.145414,0;1;2;5;2;2;3;0;2;2;3;5;1;0;1;4;4;8;1;4;0;0;4;1;5;3;5;2;1;2;4;1;2;3;2,0.308346,3456,2592
1dec8b9aacf770e2.jpg,4,0.133650;0.480917;0.317266;0.152826,14;2;9;4,0.277434,1080,1080
1dfc8694ca27bf06.jpg,35,0.437112;0.000000;0.202957;0.090357;0.566254;0.613724;0.590727;0.778668;0.359247;0.661441;0.220085;0.344428;0.000000;0.000000;0.603927;0.599653;0.474533;0.468665;0.314001;0.000000;0.065716;0.675408;0.331322;0.635262;0.339998;0.345798;0.574131;0.576116;0.688655;0.256565;0.702768;0.345198;0.166181;0.172224;0.156401,1;0;6;2;5;4;4;6;3;4;1;5;0;0;5;2;11;8;10;0;1;3;15;7;9;6;1;1;5;7;14;4;7;1;1,0.112547,3264,2448
1e262476034c7766.jpg,70,0.075242;0.000000;0.145350;0.000000;0.509104;0.000000;0.000000;0.000000;0.000000;0.000000;0.301544;0.702565;0.173181;0.114254;0.000000;0.000000;0.000000;0.142597;0.000000;0.350824;0.250873;0.256751;0.307548;0.000000;0.000000;0.000000;0.000000;0.413706;0.059091;0.353416;0.000000;0.165366;0.741103;0.055834;0.000000;0.325848;0.160708;0.626521;0.347206;0.508079;0.000000;0.096525;0.618295;0.407003;0.064903;0.151439;0.098117;0.213692;0.152263;0.119570;0.314560;0.122953;0.000000;0.463765;0.318757;0.232375;0.122359;0.172710;0.173367;0.058941;0.123937;0.178572;0.000000;0.000000;0.116493;0.056491;0.204393;0.000000;0.000000;0.000000,2;0;3;0;1;0;0;0;0;0;2;4;3;2;0;0;0;2;0;2;3;5;4;0;0;0;0;1;1;2;0;4;4;1;0;2;2;3;4;4;0;3;1;3;1;1;1;1;1;2;4;5;0;2;5;1;2;2;1;1;2;3;0;0;2;1;1;0;0;0,0.300611,5184,3456
1e34f92f5ea27d83.jpg,66,0.636226;0.363732;0.405915;0.314714;0.000000;0.768750;0.490094;0.199413;0.257407;0.531159;0.517061;0.171639;0.189976;0.442568;0.428378;0.578136;0.377502;0.356882;0.320450;0.232644;0.455989;0.555522;0.406761;0.000000;0.269236;0.280409;0.000000;0.000000;0.179020;0.057335;0.502683;0.130266;0.363091;0.399008;0.619318;0.085566;0.000000;0.083917;0.000000;0.141185;0.509033;0.360945;0.000000;0.374030;0.249529;0.210968;0.197733;0.437619;0.198623;0.596804;0.273617;0.354428;0.653352;0.720282;0.727205;0.399452;0.117103;0.064792;0.131358;0.066803;0.570457;0.305839;0.134133;0.175525;0.357426;0.458672,15;7;6;9;0;4;6;7;13;6;5;4;3;5;5;2;5;4;3;2;7;7;6;0;2;4;0;0;4;1;6;5;3;5;1;4;0;1;0;1;8;5;0;2;16;4;14;8;4;6;7;9;6;3;3;16;1;1;4;3;4;6;2;8;8;6,0.650856,5376,3024
1eb23c0cbf0c2ca3.jpg,4,0.587655;0.683334;0.615401;0.704219,3;9;6;10,0.328118,1024,768
1ecc0db941d92657.jpg,8,0.247499;0.480610;0.314902;0.763111;0.077331;0.860647;0.850123;0.805204,5;6;4;3;1;3;6;4,0.739234,2008,1138
1f033af8fc7682e6.jpg,30,0.000000;0.516412;0.501825;0.187327;0.231579;0.000000;0.000000;0.572607;0.134350;0.281930;0.000000;0.078251;0.000000;0.103593;0.000000;0.177240;0.270908;0.328051;0.000000;0.000000;0.117514;0.297174;0.168724;0.000000;0.000000;0.000000;0.342454;0.065647;0.000000;0.000000,0;2;4;1;1;0;0;4;1;5;0;1;0;1;0;1;2;4;0;0;2;3;3;0;0;0;1;1;0;0,0.208454,2398,2997
1f16c49c14b01b90.jpg,12,0.409883;0.775163;0.693715;0.331033;0.211178;0.089448;0.512866;0.507593;0.064111;0.128204;0.093981;0.242491,3;5;4;6;3;2;2;4;3;2;1;2,0.526661,2048,1360
1fc64a014f899fad.jpg,35,0.168708;0.107651;0.533811;0.000000;0.000000;0.130502;0.095246;0.343935;0.428978;0.386437;0.086255;0.384617;0.488477;0.349076;0.739961;0.344455;0.200706;0.090251;0.624309;0.474566;0.561864;0.142246;0.056190;0.317684;0.162018;0.126557;0.000000;0.000000;0.000000;0.000000;0.332849;0.337441;0.176093;0.000000;0.000000,1;1;4;0;0;2;3;3;4;5;1;2;9;6;3;7;1;5;6;4;5;1;1;4;2;2;0;0;0;0;6;3;3;0;0,0.113743,3504,2336
1fcd36aa10ce8cae.jpg,12,0.266102;0.105182;0.160292;0.231258;0.354012;0.493679;0.186556;0.572098;0.225159;0.072755;0.052902;0.167080,4;2;4;4;2;5;3;2;3;1;1;2,0.676337,2048,1539
2035d3a7a1b7fc04.jpg,12,0.771767;0.485040;0.075379;0.664107;0.589897;0.148180;0.120883;0.121496;0.376167;0.151523;0.147971;0.528632,3;4;1;5;4;1;3;2;5;1;2;6,0.227031,1380,2048
2045a7efb3ad6815.jpg,15,0.000000;0.000000;0.000000;0.000000;0.000000;0.061124;0.408319;0.377885;0.281871;0.236419;0.372491;0.000000;0.550866;0.473596;0.457638,0;0;0;0;0;2;1;7;3;3;4;0;3;3;4,0.072096,2500,1656
207d09af2f583c31.jpg,12,0.000000;0.698463;0.000000;0.000000;0.000000;0.508640;0.000000;0.068840;0.000000;0.184060;0.000000;0.174608,0;1;0;0;0;3;0;1;0;1;0;2,0.135746,1982,1416
208f299f827441fb.jpg,15,0.214124;0.000000;0.242684;0.053067;0.000000;0.171687;0.154350;0.518853;0.413590;0.000000;0.322042;0.000000;0.000000;0.000000;0.130727,1;0;3;1;0;4;2;2;7;0;4;0;0;0;3,0.35397,1552,2592
214a4b9be6fdd6c2.jpg,9,0.000000;0.054029;0.191727;0.000000;0.000000;0.000000;0.000000;0.000000;0.000000,0;1;4;0;0;0;0;0;0,0.274914,1600,1200
23b73886e375fa7e.jpg,12,0.095419;0.109157;0.206587;0.253206;0.418567;0.245694;0.101829;0.000000;0.414348;0.069015;0.398974;0.142481,5;3;4;5;3;3;2;0;3;3;3;1,0.120386,2000,1328
23be40c20d455375.jpg,20,0.312263;0.079470;0.076506;0.418945;0.372717;0.258655;0.070433;0.336912;0.544175;0.087780;0.000000;0.519165;0.337928;0.275348;0.731207;0.085559;0.386879;0.059364;0.150330;0.243338,3;1;3;3;7;2;2;4;7;2;0;4;2;6;2;1;4;1;5;4,0.355429,2592,1944
23deeb38b5097d22.jpg,24,0.000000;0.456940;0.575689;0.171149;0.000000;0.000000;0.249950;0.000000;0.056314;0.000000;0.000000;0.000000;0.000000;0.000000;0.102388;0.000000;0.096491;0.104058;0.059827;0.405258;0.320311;0.111249;0.136838;0.168475,0;6;1;3;0;0;1;0;1;0;0;0;0;0;2;0;1;1;2;2;3;1;1;2,0.607166,2816,2112
24443a13d8f6e54a.jpg,15,0.762428;0.745109;0.705804;0.230311;0.103390;0.592682;0.826804;0.681241;0.235557;0.167128;0.713161;0.717818;0.768845;0.674159;0.156279,3;5;6;5;5;5;7;5;2;1;3;3;8;2;2,0.110754,2216,1259
249f174ee917ab1d.jpg,54,0.217231;0.387205;0.309233;0.422971;0.463388;0.353507;0.392013;0.477044;0.485061;0.268181;0.598417;0.736160;0.528744;0.529766;0.677771;0.647878;0.541348;0.579939;0.585416;0.604508;0.306947;0.264171;0.419042;0.490926;0.192104;0.265966;0.518753;0.513504;0.589555;0.640722;0.401906;0.473532;0.597346;0.000000;0.228315;0.198219;0.422890;0.454404;0.488235;0.699375;0.686802;0.665867;0.530961;0.492280;0.406392;0.596698;0.510624;0.533074;0.564946;0.571276;0.679578;0.807900;0.453579;0.366657,8;3;9;1;6;6;6;8;7;9;7;5;5;14;5;4;3;3;5;5;3;7;6;8;7;4;4;6;6;7;7;6;6;0;6;8;7;6;10;6;7;5;2;1;1;9;7;7;7;8;6;2;2;2,0.199389,4272,2848
26a220dc46e5e56c.jpg,42,0.136172;0.111853;0.000000;0.723235;0.000000;0.053265;0.000000;0.000000;0.061490;0.000000;0.738811;0.000000;0.000000;0.000000;0.000000;0.291145;0.584447;0.185359;0.144184;0.165497;0.155340;0.000000;0.128611;0.694589;0.332591;0.476780;0.063157;0.067614;0.000000;0.050050;0.151431;0.075547;0.051450;0.083305;0.000000;0.000000;0.000000;0.230052;0.141085;0.077910;0.112964;0.000000,4;3;0;2;0;1;0;0;1;0;2;0;0;0;0;4;4;2;2;3;3;0;2;2;4;3;2;1;0;1;3;1;1;3;0;0;0;2;1;3;2;0,0.44875,3463,2893
26cb20487cbc008d.jpg,35,0.000000;0.000000;0.000000;0.000000;0.000000;0.000000;0.000000;0.000000;0.000000;0.000000;0.000000;0.000000;0.000000;0.000000;0.000000;0.000000;0.000000;0.765938;0.000000;0.000000;0.000000;0.000000;0.000000;0.000000;0.000000;0.000000;0.000000;0.000000;0.000000;0.000000;0.000000;0.000000;0.000000;0.000000;0.000000,0;0;0;0;0;0;0;0;0;0;0;0;0;0;0;0;0;1;0;0;0;0;0;0;0;0;0;0;0;0;0;0;0;0;0,0.104628,3264,2448
277f8ab65ddf8eaf.jpg,20,0.434978;0.392298;0.555005;0.418955;0.082811;0.583966;0.075556;0.635851;0.163623;0.143544;0.365871;0.392821;0.250100;0.488315;0.580653;0.091135;0.504368;0.495269;0.537918;0.656039,4;3;4;3;4;4;1;2;2;2;4;8;3;5;3;2;4;3;1;5,0.097868,2592,1944
27e86eb4b2f3bf36.jpg,16,0.555548;0.000000;0.000000;0.000000;0.000000;0.108789;0.154522;0.103332;0.202775;0.462546;0.168423;0.000000;0.000000;0.354923;0.000000;0.000000,1;0;0;0;0;4;2;2;1;1;3;0;0;1;0;0,0.206683,1918,1918
28890a2a249c691f.jpg,42,0.412193;0.000000;0.000000;0.557269;0.000000;0.090662;0.076732;0.730912;0.093441;0.338920;0.168269;0.216268;0.110713;0.113287;0.472297;0.768941;0.712871;0.682914;0.134608;0.517881;0.214775;0.297262;0.126792;0.402574;0.502175;0.675758;0.775317;0.273428;0.361713;0.342754;0.452323;0.596768;0.068779;0.458979;0.184675;0.386381;0.060602;0.334442;0.392687;0.196141;0.463363;0.000000,3;0;0;2;0;3;2;1;1;9;6;3;2;1;1;5;15;10;9;17;2;2;7;4;9;12;24;3;2;2;4;5;3;1;1;2;1;5;3;1;1;0,0.183629,3648,2736
28e06ba3283aaa84.jpg,40,0.000000;0.000000;0.000000;0.000000;0.000000;0.000000;0.000000;0.000000;0.000000;0.000000;0.000000;0.000000;0.107286;0.000000;0.000000;0.000000;0.000000;0.000000;0.089289;0.375062;0.000000;0.000000;0.000000;0.000000;0.000000;0.000000;0.000000;0.113779;0.329802;0.000000;0.000000;0.000000;0.000000;0.000000;0.000000;0.000000;0.000000;0.000000;0.000000;0.000000,0;0;0;0;0;0;0;0;0;0;0;0;1;0;0;0;0;0;2;4;0;0;0;0;0;0;0;1;2;0;0;0;0;0;0;0;0;0;0;0,0.30271,4000,2672
295cd15033557db1.jpg,20,0.000000;0.000000;0.000000;0.000000;0.000000;0.000000;0.000000;0.498091;0.456668;0.512661;0.000000;0.077478;0.000000;0.000000;0.094472;0.000000;0.079401;0.000000;0.000000;0.189472,0;0;0;0;0;0;0;4;1;1;0;1;0;0;1;0;1;0;0;1,0.07621,2288,1712
2970bc6a7c676411.jpg,30,0.000000;0.000000;0.000000;0.000000;0.000000;0.000000;0.000000;0.000000;0.602525;0.287554;0.000000;0.000000;0.230287;0.166821;0.465504;0.787756;0.471418;0.169205;0.000000;0.000000;0.054425;0.354623;0.085317;0.200174;0.000000;0.000000;0.101671;0.576533;0.214718;0.085918,0;0;0;0;0;0;0;0;1;1;0;0;1;1;1;1;1;1;0;0;2;1;1;2;0;0;1;1;2;2,0.126537,3158,2258
29876b10d52f8688.jpg,9,0.142128;0.000000;0.000000;0.329646;0.141725;0.103458;0.609647;0.501236;0.239671,2;0;0;4;2;1;4;4;2,0.356785,1182,1600
29b8e3d231d54fda.jpg,6,0.000000;0.102045;0.000000;0.000000;0.076204;0.000000,0;1;0;0;1;0,0.0,1459,775
29d45f14be74e4b3.jpg,54,0.000000;0.000000;0.000000;0.000000;0.000000;0.000000;0.000000;0.118801;0.382408;0.000000;0.000000;0.000000;0.000000;0.000000;0.000000;0.000000;0.000000;0.000000;0.000000;0.000000;0.303551;0.586084;0.115248;0.000000;0.072192;0.000000;0.000000;0.000000;0.000000;0.089207;0.000000;0.000000;0.000000;0.058411;0.000000;0.000000;0.000000;0.000000;0.281428;0.311491;0.082171;0.095905;0.077741;0.000000;0.000000;0.000000;0.000000;0.000000;0.000000;0.000000;0.090923;0.057329;0.000000;0.000000,0;0;0;0;0;0;0;1;1;0;0;0;0;0;0;0;0;0;0;0;2;2;1;0;2;0;0;0;0;1;0;0;0;2;0;0;0;0;1;1;1;1;1;0;0;0;0;0;0;0;1;1;0;0,0.243687,4357,3020
2b9aa08dc84d0a44.jpg,32,0.000000;0.533563;0.306823;0.000000;0.250365;0.311167;0.000000;0.000000;0.000000;0.322535;0.230833;0.000000;0.066071;0.000000;0.000000;0.000000;0.214432;0.146200;0.396633;0.571300;0.522987;0.000000;0.000000;0.000000;0.000000;0.761353;0.106470;0.377528;0.000000;0.000000;0.000000;0.000000,0;19;6;0;7;3;0;0;0;5;2;0;3;0;0;0;3;3;1;3;2;0;0;0;0;2;2;3;0;0;0;0,0.0,3840,2160
2ced55c7bd8c5496.jpg,42,0.546519;0.000000;0.000000;0.000000;0.000000;0.174398;0.000000;0.000000;0.319750;0.000000;0.369750;0.000000;0.120138;0.097630;0.139961;0.000000;0.286123;0.000000;0.000000;0.000000;0.000000;0.000000;0.000000;0.000000;0.000000;0.000000;0.000000;0.000000;0.000000;0.000000;0.000000;0.000000;0.000000;0.000000;0.000000;0.000000;0.000000;0.000000;0.000000;0.000000;0.000000;0.000000,2;0;0;0;0;2;0;0;1;0;3;0;2;1;2;0;5;0;0;0;0;0;0;0;0;0;0;0;0;0;0;0;0;0;0;0;0;0;0;0;0;0,0.754098,3648,2736
2d3bf81d68393650.jpg,35,0.000000;0.000000;0.000000;0.103017;0.635817;0.000000;0.000000;0.583958;0.565262;0.000000;0.051830;0.307211;0.591338;0.000000;0.000000;0.308614;0.267049;0.638041;0.000000;0.000000;0.290977;0.234454;0.407403;0.000000;0.000000;0.000000;0.143205;0.000000;0.000000;0.000000;0.000000;0.222578;0.000000;0.000000;0.000000,0;0;0;1;3;0;0;6;1;0;1;3;1;0;0;3;12;10;0;0;2;3;5;0;0;0;1;0;0;0;0;1;0;0;0,0.0,2448,3264
2e785b26c20e7e3a.jpg,28,0.000000;0.000000;0.086906;0.000000;0.000000;0.000000;0.000000;0.000000;0.000000;0.000000;0.000000;0.000000;0.167291;0.055476;0.000000;0.000000;0.000000;0.224436;0.000000;0.000000;0.000000;0.000000;0.572620;0.000000;0.000000;0.000000;0.000000;0.000000,0;0;1;0;0;0;0;0;0;0;0;0;1;2;0;0;0;2;0;0;0;0;2;0;0;0;0;0,0.46133,3552,2000
2f543d5d26428d83.jpg,9,0.000000;0.294667;0.841703;0.121184;0.819231;0.050042;0.000000;0.000000;0.000000,0;3;2;2;2;1;0;0;0,0.478495,1617,1602
2fe48e05a4c0a96d.jpg,8,0.000000;0.372492;0.141191;0.203525;0.321449;0.113957;0.245431;0.274725,0;4;1;1;2;2;5;4,0.129268,1756,1090
305ab592c38768fa.jpg,12,0.532346;0.589339;0.100511;0.060152;0.170524;0.351974;0.436312;0.281536;0.163861;0.296912;0.369897;0.247015,6;17;2;1;5;4;1;1;3;7;3;1,0.259101,2048,1536
3067441dbc504455.jpg,12,0.000000;0.000000;0.000000;0.000000;0.195643;0.000000;0.161342;0.237888;0.000000;0.000000;0.000000;0.109479,0;0;0;0;1;0;2;1;0;0;0;1,0.410949,2048,1466
3151bc45702cdb5c.jpg,30,0.104657;0.061163;0.195031;0.599742;0.194676;0.196971;0.172663;0.000000;0.221262;0.470363;0.000000;0.000000;0.248685;0.000000;0.428948;0.304365;0.167723;0.214890;0.272231;0.000000;0.205455;0.128278;0.112412;0.000000;0.198986;0.280854;0.282951;0.080244;0.000000;0.000000,1;1;2;2;1;1;1;0;5;3;0;0;1;0;5;5;2;2;2;0;2;2;1;0;2;3;3;1;0;0,0.274393,3056,2292
31c40da724ed3376.jpg,35,0.000000;0.360221;0.634548;0.000000;0.142358;0.260572;0.255561;0.530998;0.226353;0.333418;0.363354;0.106084;0.380063;0.211861;0.460580;0.610566;0.579068;0.159409;0.367735;0.000000;0.000000;0.084163;0.000000;0.416691;0.113649;0.000000;0.266362;0.302099;0.080071;0.000000;0.451566;0.000000;0.104952;0.157574;0.211910,0;6;4;0;2;3;2;3;5;2;7;3;2;3;1;5;7;1;2;0;0;1;0;2;1;0;3;4;1;0;3;0;3;3;2,0.23407,3348,2232
32302667a4478697.jpg,6,0.138906;0.163584;0.113293;0.312901;0.637536;0.647593,1;3;2;5;2;1,0.088726,1280,875
3235b02ee41cfb65.jpg,9,0.148696;0.077410;0.084572;0.477271;0.000000;0.165176;0.610523;0.293973;0.238486,1;3;2;9;0;2;12;2;3,0.115711,1600,1200
33c41de3d8704fe8.jpg,40,0.000000;0.000000;0.000000;0.000000;0.000000;0.172302;0.000000;0.053526;0.512288;0.589989;0.219357;0.000000;0.000000;0.000000;0.384651;0.628916;0.164476;0.000000;0.105882;0.189991;0.628471;0.623210;0.095022;0.000000;0.000000;0.000000;0.000000;0.098543;0.136878;0.078488;0.000000;0.000000;0.000000;0.000000;0.102052;0.000000;0.000000;0.000000;0.000000;0.000000,0;0;0;0;0;1;0;1;1;1;1;0;0;0;1;3;1;0;4;4;1;1;1;0;0;0;0;1;1;1;0;0;0;0;2;0;0;0;0;0,0.052615,4752,2046
33d4f52120682147.jpg,6,0.562516;0.000000;0.000000;0.000000;0.000000;0.000000,3;0;0;0;0;0,0.484812,1280,960
33e9c797aadc13ea.jpg,32,0.298376;0.165159;0.063636;0.000000;0.000000;0.000000;0.000000;0.000000;0.325243;0.000000;0.000000;0.135403;0.357312;0.000000;0.000000;0.000000;0.272869;0.622140;0.000000;0.083830;0.123031;0.000000;0.000000;0.000000;0.000000;0.000000;0.000000;0.000000;0.000000;0.000000;0.055325;0.000000,2;3;1;0;0;0;0;0;1;0;0;1;3;0;0;0;1;3;0;1;2;0;0;0;0;0;0;0;0;0;2;0,0.085625,3840,2160
3448c2cf64983058.jpg,6,0.614026;0.363900;0.279269;0.599667;0.632132;0.060905,5;6;3;4;2;1,0.210133,1528,976
34b1464cf92b97f7.jpg,48,0.000000;0.000000;0.000000;0.000000;0.000000;0.064453;0.192875;0.000000;0.000000;0.000000;0.000000;0.091214;0.000000;0.000000;0.099716;0.075761;0.000000;0.000000;0.000000;0.000000;0.000000;0.000000;0.000000;0.000000;0.000000;0.000000;0.202089;0.000000;0.000000;0.000000;0.000000;0.000000;0.000000;0.000000;0.000000;0.067939;0.323261;0.417799;0.265300;0.000000;0.000000;0.000000;0.065021;0.000000;0.522954;0.428259;0.278759;0.000000,0;0;0;0;0;1;2;0;0;0;0;1;0;0;1;1;0;0;0;0;0;0;0;0;0;0;1;0;0;0;0;0;0;0;0;2;3;3;2;0;0;0;2;0;6;2;1;0,0.636302,4224,2816
34b8a976d36bbaea.jpg,20,0.000000;0.136503;0.431479;0.163898;0.529029;0.119924;0.448295;0.301840;0.127566;0.277856;0.240163;0.681010;0.636888;0.444095;0.232943;0.501407;0.514401;0.543360;0.088787;0.000000,0;2;1;1;2;5;11;3;6;3;2;4;7;12;5;3;6;2;2;0,0.13944,2500,1900
34c0400788f86675.jpg,24,0.000000;0.563103;0.000000;0.000000;0.000000;0.000000;0.000000;0.000000;0.000000;0.121221;0.379513;0.382141;0.000000;0.100812;0.146616;0.000000;0.666315;0.000000;0.219769;0.437874;0.000000;0.000000;0.491850;0.214422,0;2;0;0;0;0;0;0;0;3;3;2;0;1;1;0;3;0;1;3;0;0;3;1,0.10935,4162,1500
34d7b37c6b457040.jpg,70,0.296248;0.000000;0.000000;0.000000;0.000000;0.000000;0.000000;0.000000;0.000000;0.000000;0.067350;0.358840;0.458124;0.090375;0.142380;0.566346;0.110834;0.000000;0.751252;0.698762;0.081548;0.744853;0.597567;0.371437;0.382134;0.305050;0.347931;0.220593;0.453709;0.307470;0.000000;0.476737;0.495365;0.318172;0.362686;0.189046;0.390668;0.000000;0.000000;0.000000;0.000000;0.000000;0.000000;0.419728;0.000000;0.323107;0.130834;0.185113;0.000000;0.000000;0.000000;0.000000;0.772678;0.000000;0.160628;0.096120;0.063044;0.062776;0.000000;0.000000;0.000000;0.000000;0.765312;0.000000;0.000000;0.409693;0.000000;0.069819;0.000000;0.000000,2;0;0;0;0;0;0;0;0;0;1;2;1;2;2;2;2;0;3;2;2;4;3;3;2;3;4;1;2;2;0;2;4;12;3;1;6;0;0;0;0;0;0;4;0;2;2;1;0;0;0;0;1;0;2;4;2;1;0;0;0;0;1;0;0;6;0;1;0;0,0.153581,4920,3268
35f837b8efa90099.jpg,4,0.275914;0.193458;0.456633;0.000000,2;1;3;0,0.0,1024,768
360e636ce1754acb.jpg,6,0.000000;0.000000;0.108035;0.426669;0.337009;0.502141,0;0;2;7;6;2,0.172929,910,1280
36f08c7bb481ba25.jpg,4,0.241158;0.257599;0.765184;0.765910,10;7;13;9,0.349224,768,1024
3708128cd8a52c9c.jpg,35,0.000000;0.000000;0.000000;0.169129;0.073342;0.509666;0.000000;0.000000;0.381236;0.000000;0.429378;0.000000;0.585032;0.204101;0.050414;0.666911;0.689014;0.474429;0.318194;0.000000;0.000000;0.093953;0.119161;0.000000;0.126103;0.000000;0.000000;0.000000;0.000000;0.000000;0.000000;0.000000;0.000000;0.000000;0.000000,0;0;0;1;1;2;0;0;2;0;2;0;2;3;1;1;4;4;4;0;0;2;1;0;1;0;0;0;0;0;0;0;0;0;0,0.315389,2448,3264
37da985a8722e8b3.jpg,9,0.425735;0.072550;0.454865;0.138144;0.000000;0.053058;0.000000;0.076684;0.060068,1;3;3;1;0;1;0;1;1,0.0,1600,1200
38a18dda6a0e761f.jpg,40,0.000000;0.000000;0.650888;0.922338;0.000000;0.264745;0.000000;0.654443;0.635883;0.000000;0.000000;0.172234;0.337873;0.795522;0.574277;0.264703;0.079222;0.335816;0.105997;0.261357;0.000000;0.061854;0.647219;0.000000;0.166862;0.137274;0.207650;0.000000;0.583594;0.349191;0.737334;0.414012;0.138633;0.051229;0.233898;0.209243;0.123509;0.151632;0.542367;0.239893,0;0;3;1;0;1;0;1;3;0;0;2;3;5;3;2;2;3;6;2;0;1;2;0;4;4;4;0;4;10;4;2;3;2;1;2;1;5;4;3,0.623141,3888,2592
38dce42277f4ee23.jpg,6,0.000000;0.674732;0.250403;0.618847;0.151627;0.422423,0;2;2;1;3;2,0.289945,1626,1080
39e0f4086771cca5.jpg,8,0.070705;0.171565;0.092788;0.244614;0.247077;0.081601;0.000000;0.000000,2;1;4;3;2;1;0;0,0.405353,1669,878
39ff14019dc16161.jpg,24,0.164172;0.000000;0.000000;0.000000;0.000000;0.000000;0.000000;0.078729;0.000000;0.000000;0.000000;0.000000;0.000000;0.000000;0.000000;0.000000;0.000000;0.000000;0.416253;0.318812;0.000000;0.000000;0.524522;0.544018,1;0;0;0;0;0;0;4;0;0;0;0;0;0;0;0;0;0;1;1;0;0;1;1,0.625678,1998,3024
3a41eb035c8a893b.jpg,96,0.082698;0.000000;0.117450;0.000000;0.000000;0.000000;0.000000;0.234422;0.000000;0.000000;0.056829;0.051213;0.259237;0.000000;0.715070;0.388797;0.451292;0.134012;0.000000;0.322787;0.237156;0.461344;0.000000;0.518559;0.118643;0.225281;0.614704;0.454898;0.269764;0.000000;0.102335;0.137200;0.069457;0.000000;0.083063;0.109374;0.000000;0.292986;0.102455;0.497335;0.214240;0.185237;0.234370;0.135965;0.069258;0.000000;0.097176;0.155234;0.000000;0.824802;0.642415;0.165900;0.054321;0.407762;0.096511;0.248279;0.226423;0.191261;0.000000;0.000000;0.000000;0.067148;0.053528;0.093232;0.602524;0.275443;0.088307;0.456023;0.000000;0.277395;0.000000;0.462445;0.000000;0.078452;0.140772;0.251134;0.082733;0.105682;0.088792;0.210955;0.149325;0.000000;0.233464;0.358380;0.000000;0.124018;0.179958;0.621640;0.074647;0.517007;0.000000;0.495771;0.083572;0.236742;0.000000;0.109248,1;0;1;0;0;0;0;1;0;0;1;1;2;0;2;3;1;2;0;1;4;2;0;2;2;3;3;6;3;0;1;2;1;0;2;4;0;5;1;2;3;3;3;1;2;0;5;1;0;2;5;4;1;3;1;2;1;1;0;0;0;1;1;3;1;4;2;4;0;3;0;2;0;2;1;1;1;2;1;3;1;0;2;1;0;1;2;2;1;3;0;4;2;2;0;2,0.353506,6048,4032
3aacc9df5fe80ec4.jpg,70,0.343895;0.054507;0.248281;0.495404;0.303503;0.595905;0.108501;0.498608;0.279520;0.126784;0.071685;0.111049;0.000000;0.114218;0.666566;0.331970;0.398268;0.250706;0.185305;0.134719;0.208217;0.425606;0.245118;0.114025;0.133585;0.396799;0.485484;0.000000;0.095720;0.064544;0.222631;0.172951;0.133760;0.000000;0.337776;0.491904;0.103187;0.441298;0.515128;0.369464;0.180370;0.356800;0.086466;0.243415;0.163927;0.113776;0.090798;0.462058;0.113517;0.599503;0.000000;0.000000;0.000000;0.284804;0.240720;0.351333;0.000000;0.000000;0.174223;0.531011;0.000000;0.000000;0.000000;0.096316;0.155585;0.000000;0.000000;0.000000;0.000000;0.000000,3;1;6;4;4;4;2;2;2;2;1;1;0;2;1;5;5;2;2;2;6;3;1;2;3;2;2;0;1;1;3;2;6;0;10;7;3;7;7;7;6;1;1;5;3;2;1;5;4;2;0;0;0;1;2;2;0;0;2;2;0;0;0;1;1;0;0;0;0;0,0.270936,4912,3264
3b9e3590b18a59db.jpg,48,0.000000;0.084697;0.347209;0.125759;0.566229;0.074439;0.000000;0.000000;0.000000;0.083715;0.208953;0.470500;0.475745;0.302540;0.081547;0.318948;0.353315;0.650696;0.353817;0.434927;0.535415;0.000000;0.078106;0.000000;0.601434;0.202037;0.205289;0.059273;0.399061;0.799017;0.575916;0.204729;0.198346;0.593187;0.000000;0.156592;0.117858;0.654710;0.315947;0.000000;0.223322;0.000000;0.095115;0.000000;0.254699;0.118429;0.092619;0.410785,0;1;2;2;4;1;0;0;0;2;2;3;4;5;1;3;3;5;4;5;2;0;3;0;4;4;6;1;7;4;6;4;3;2;0;2;4;6;3;0;4;0;1;0;5;2;2;3,0.1648,4200,3000
3f063c7a6c19b773.jpg,4,0.143822;0.117693;0.105596;0.098735,2;2;1;2,0.090588,768,1024
3f758fd3d94c729e.jpg,4,0.000000;0.148666;0.166955;0.000000,0;2;3;0,0.502062,1024,1024
3fec3b9feac65f6a.jpg,42,0.201709;0.205164;0.061138;0.314639;0.124786;0.237522;0.000000;0.376953;0.369907;0.084599;0.675030;0.597541;0.504607;0.121612;0.000000;0.141477;0.122283;0.095845;0.232153;0.373161;0.000000;0.000000;0.083769;0.000000;0.355874;0.333582;0.328442;0.150805;0.000000;0.176756;0.000000;0.058349;0.000000;0.000000;0.000000;0.000000;0.157028;0.000000;0.072459;0.136146;0.000000;0.000000,4;6;2;2;1;4;0;21;10;3;3;5;14;2;0;2;3;2;4;5;0;0;1;0;1;6;7;2;0;1;0;1;0;0;0;0;1;0;1;1;0;0,0.075537,3664,2748
4006b1a5e241c510.jpg,20,0.305525;0.124424;0.417251;0.367669;0.392667;0.158035;0.066974;0.437670;0.261804;0.444452;0.326253;0.178123;0.346704;0.091824;0.415840;0.134953;0.075607;0.419374;0.099626;0.000000,6;4;5;5;6;2;1;4;4;3;4;3;2;4;4;1;4;1;1;0,0.213123,2592,1944
41193892cae6a499.jpg,12,0.309803;0.000000;0.057347;0.122441;0.000000;0.116742;0.405303;0.000000;0.000000;0.000000;0.137228;0.000000,6;0;1;1;0;1;1;0;0;0;1;0,0.308604,1800,1200
4237bb524085fe80.jpg,4,0.000000;0.449766;0.123603;0.387279,0;1;2;2,0.0,1152,864
42e963e9a3b35f45.jpg,16,0.000000;0.514714;0.000000;0.000000;0.000000;0.000000;0.470820;0.591932;0.000000;0.000000;0.000000;0.000000;0.000000;0.000000;0.000000;0.000000,0;3;0;0;0;0;2;1;0;0;0;0;0;0;0;0,0.16486,1845,2048
433b2a82c5c804a1.jpg,63,0.103126;0.000000;0.128625;0.121329;0.051752;0.135660;0.081928;0.000000;0.000000;0.162300;0.198416;0.000000;0.000000;0.091552;0.051429;0.141335;0.000000;0.000000;0.079202;0.000000;0.000000;0.000000;0.000000;0.000000;0.000000;0.000000;0.000000;0.156516;0.669205;0.000000;0.000000;0.000000;0.000000;0.000000;0.000000;0.144543;0.094261;0.000000;0.000000;0.000000;0.176745;0.000000;0.199848;0.071630;0.000000;0.000000;0.108811;0.478297;0.000000;0.099853;0.059319;0.221804;0.133559;0.278064;0.000000;0.000000;0.399573;0.298613;0.076499;0.167857;0.245053;0.125612;0.410082,2;0;1;1;1;2;1;0;0;1;1;0;0;1;1;2;0;0;1;0;0;0;0;0;0;0;0;2;2;0;0;0;0;0;0;1;1;0;0;0;1;0;1;1;0;0;4;1;0;5;2;3;1;1;0;0;1;3;2;1;4;1;4,0.293751,4608,3456
43a781c702c29667.jpg,42,0.000000;0.000000;0.000000;0.000000;0.000000;0.000000;0.000000;0.000000;0.000000;0.066235;0.000000;0.000000;0.000000;0.000000;0.000000;0.451282;0.180567;0.000000;0.000000;0.000000;0.000000;0.115311;0.000000;0.055821;0.000000;0.000000;0.000000;0.000000;0.000000;0.246879;0.376143;0.078024;0.000000;0.437298;0.323861;0.132157;0.519176;0.513807;0.000000;0.000000;0.541875;0.356760,0;0;0;0;0;0;0;0;0;2;0;0;0;0;0;1;2;0;0;0;0;2;0;1;0;0;0;0;0;2;3;1;0;2;3;3;6;2;0;0;2;3,0.135936,3267,2865
45063c6e8cc46408.jpg,42,0.000000;0.000000;0.000000;0.000000;0.000000;0.000000;0.000000;0.000000;0.000000;0.000000;0.128748;0.000000;0.115616;0.000000;0.000000;0.067042;0.000000;0.567392;0.000000;0.140745;0.000000;0.117380;0.000000;0.000000;0.092255;0.129431;0.000000;0.096053;0.000000;0.132438;0.161789;0.068688;0.000000;0.000000;0.000000;0.000000;0.085077;0.123941;0.000000;0.000000;0.000000;0.000000,0;0;0;0;0;0;0;0;0;0;2;0;1;0;0;2;0;3;0;4;0;2;0;0;1;1;0;2;0;2;1;1;0;0;0;0;1;1;0;0;0;0,0.145396,3648,2736
46451248f4622dee.jpg,35,0.000000;0.000000;0.000000;0.373642;0.000000;0.000000;0.000000;0.121502;0.000000;0.116409;0.000000;0.000000;0.101029;0.122518;0.000000;0.000000;0.000000;0.000000;0.000000;0.000000;0.000000;0.075081;0.000000;0.000000;0.000000;0.141673;0.000000;0.000000;0.000000;0.181940;0.101224;0.000000;0.161453;0.000000;0.078742,0;0;0;3;0;0;0;2;0;3;0;0;2;2;0;0;0;0;0;0;0;1;0;0;0;1;0;0;0;2;1;0;1;0;2,0.311225,3264,2448
46c63f45262a8ac5.jpg,35,0.000000;0.000000;0.212726;0.000000;0.000000;0.000000;0.422706;0.000000;0.000000;0.000000;0.147578;0.169792;0.659829;0.553437;0.253355;0.502090;0.244979;0.833831;0.527665;0.692397;0.439504;0.434418;0.209907;0.167651;0.174165;0.192250;0.370057;0.112541;0.103950;0.000000;0.278864;0.089734;0.145824;0.105028;0.130277,0;0;1;0;0;0;2;0;0;0;2;2;2;2;2;4;10;2;3;3;1;20;12;1;2;2;21;9;1;0;4;4;9;2;2,0.356251,2304,3456
46f0a6283ce0eae1.jpg,12,0.000000;0.000000;0.122762;0.000000;0.053364;0.056033;0.058970;0.116793;0.000000;0.078803;0.389184;0.642037,0;0;1;0;1;1;2;2;0;2;3;1,0.0,1800,1200
472a1a286fa6e9d0.jpg,40,0.000000;0.000000;0.000000;0.000000;0.000000;0.000000;0.000000;0.000000;0.000000;0.000000;0.000000;0.000000;0.000000;0.000000;0.000000;0.000000;0.000000;0.706114;0.113640;0.000000;0.000000;0.000000;0.111256;0.000000;0.000000;0.000000;0.000000;0.000000;0.000000;0.000000;0.000000;0.000000;0.000000;0.000000;0.000000;0.000000;0.000000;0.000000;0.000000;0.000000,0;0;0;0;0;0;0;0;0;0;0;0;0;0;0;0;0;5;2;0;0;0;1;0;0;0;0;0;0;0;0;0;0;0;0;0;0;0;0;0,0.0,2644,3966
47e88023d529b327.jpg,35,0.211136;0.000000;0.000000;0.158972;0.317821;0.000000;0.000000;0.053304;0.357653;0.149098;0.336323;0.089164;0.384472;0.365234;0.342310;0.443066;0.000000;0.150737;0.267657;0.000000;0.000000;0.080741;0.101089;0.689583;0.190624;0.315789;0.000000;0.000000;0.096998;0.000000;0.746966;0.000000;0.000000;0.000000;0.000000,1;0;0;1;2;0;0;1;4;1;3;3;4;4;3;3;0;4;2;0;0;1;1;2;1;1;0;0;1;0;3;0;0;0;0,0.060869,3264,2448
486259c7e00810d7.jpg,70,0.000000;0.145048;0.205656;0.456492;0.400823;0.112382;0.289381;0.084378;0.119399;0.125180;0.000000;0.000000;0.522234;0.074942;0.053993;0.180412;0.117073;0.796083;0.666798;0.560962;0.198721;0.000000;0.151591;0.163056;0.000000;0.165488;0.189251;0.243032;0.000000;0.000000;0.000000;0.000000;0.109792;0.082996;0.300223;0.330600;0.611201;0.000000;0.066750;0.000000;0.346030;0.130654;0.342389;0.501029;0.310412;0.641971;0.644794;0.469820;0.630057;0.558079;0.413704;0.091468;0.408786;0.385942;0.076118;0.223785;0.732360;0.175556;0.438081;0.309335;0.451927;0.060624;0.402284;0.363749;0.000000;0.182175;0.188928;0.119252;0.235932;0.293210,0;1;3;6;7;3;5;2;1;3;0;0;2;1;1;4;2;2;4;3;4;0;1;3;0;1;3;5;0;0;0;0;1;2;4;5;7;0;2;0;1;7;5;5;3;1;5;3;6;3;1;1;1;4;1;3;5;2;2;4;1;1;5;7;0;3;3;2;2;3,0.307886,4928,3264
49fe94c183f65ff0.jpg,96,0.000000;0.000000;0.000000;0.137687;0.545908;0.000000;0.000000;0.000000;0.000000;0.000000;0.000000;0.000000;0.000000;0.000000;0.000000;0.000000;0.225431;0.000000;0.069079;0.469687;0.000000;0.000000;0.000000;0.000000;0.000000;0.000000;0.000000;0.000000;0.426257;0.000000;0.000000;0.000000;0.000000;0.000000;0.000000;0.000000;0.000000;0.059107;0.108542;0.000000;0.672523;0.055549;0.000000;0.000000;0.000000;0.000000;0.000000;0.000000;0.058102;0.070327;0.104222;0.000000;0.175055;0.164013;0.000000;0.274104;0.069866;0.000000;0.000000;0.000000;0.000000;0.000000;0.621110;0.092723;0.278403;0.000000;0.250197;0.000000;0.056580;0.000000;0.250664;0.210989;0.000000;0.000000;0.053915;0.094161;0.000000;0.000000;0.385603;0.000000;0.000000;0.000000;0.000000;0.000000;0.000000;0.058230;0.066904;0.000000;0.000000;0.000000;0.000000;0.000000;0.000000;0.000000;0.000000;0.000000,0;0;0;1;2;0;0;0;0;0;0;0;0;0;0;0;7;0;1;3;0;0;0;0;0;0;0;0;2;0;0;0;0;0;0;0;0;1;2;0;1;1;0;0;0;0;0;0;2;1;2;0;5;1;0;2;2;0;0;0;0;0;4;5;1;0;2;0;1;0;3;1;0;0;1;1;0;0;1;0;0;0;0;0;0;1;1;0;0;0;0;0;0;0;0;0,0.077092,5952,3968
4a4dbed2e17bce1f.jpg,6,0.384755;0.427124;0.402319;0.457363;0.258700;0.255660,3;3;6;2;4;4,0.380372,1200,800
4aafa0afe0e581d6.jpg,35,0.000000;0.056263;0.095477;0.000000;0.000000;0.000000;0.000000;0.678619;0.221721;0.516866;0.522082;0.000000;0.172301;0.236168;0.369928;0.382400;0.702035;0.656626;0.344334;0.702853;0.707516;0.578543;0.306781;0.528832;0.681906;0.530866;0.685653;0.719612;0.209857;0.104537;0.129822;0.371682;0.309835;0.085470;0.083367,0;1;2;0;0;0;0;2;7;2;1;0;5;6;3;5;9;10;3;14;16;6;5;4;6;4;1;1;1;1;3;5;1;1;2,0.333665,3264,2448
4ac0687764ff6b0e.jpg,54,0.000000;0.000000;0.000000;0.000000;0.000000;0.000000;0.000000;0.000000;0.000000;0.000000;0.000000;0.000000;0.000000;0.000000;0.000000;0.000000;0.000000;0.000000;0.000000;0.000000;0.000000;0.055840;0.000000;0.000000;0.000000;0.353683;0.000000;0.000000;0.000000;0.000000;0.000000;0.000000;0.000000;0.000000;0.000000;0.000000;0.000000;0.000000;0.000000;0.000000;0.000000;0.000000;0.000000;0.000000;0.000000;0.000000;0.000000;0.000000;0.000000;0.000000;0.000000;0.000000;0.000000;0.000000,0;0;0;0;0;0;0;0;0;0;0;0;0;0;0;0;0;0;0;0;0;1;0;0;0;2;0;0;0;0;0;0;0;0;0;0;0;0;0;0;0;0;0;0;0;0;0;0;0;0;0;0;0;0,0.381432,2848,4288
4aeff1c5aeecad60.jpg,20,0.000000;0.217178;0.353737;0.476322;0.383938;0.337726;0.147545;0.000000;0.279127;0.355091;0.326059;0.404882;0.090716;0.373843;0.640188;0.418215;0.213129;0.282090;0.374556;0.636603,0;1;5;5;7;2;2;0;4;3;7;3;4;5;8;8;3;6;5;7,0.188941,2249,1687
4b18034fafb73ccc.jpg,15,0.782044;0.152798;0.000000;0.542865;0.400099;0.242364;0.203405;0.198145;0.498143;0.566402;0.176263;0.467214;0.240175;0.311635;0.542642,2;4;0;8;4;2;8;3;3;6;6;5;6;4;6,0.849278,2606,1234
4b61f8479a4631f6.jpg,70,0.137266;0.000000;0.000000;0.000000;0.000000;0.456917;0.645985;0.000000;0.000000;0.000000;0.000000;0.162002;0.000000;0.000000;0.000000;0.000000;0.000000;0.000000;0.000000;0.000000;0.000000;0.000000;0.523829;0.000000;0.000000;0.130965;0.000000;0.000000;0.000000;0.000000;0.000000;0.000000;0.170977;0.169522;0.396806;0.387657;0.000000;0.000000;0.000000;0.000000;0.000000;0.000000;0.068455;0.000000;0.000000;0.000000;0.000000;0.000000;0.000000;0.000000;0.000000;0.000000;0.000000;0.000000;0.000000;0.000000;0.000000;0.000000;0.000000;0.000000;0.000000;0.000000;0.000000;0.000000;0.000000;0.000000;0.000000;0.000000;0.000000;0.000000,4;0;0;0;0;4;1;0;0;0;0;1;0;0;0;0;0;0;0;0;0;0;2;0;0;3;0;0;0;0;0;0;4;1;2;3;0;0;0;0;0;0;1;0;0;0;0;0;0;0;0;0;0;0;0;0;0;0;0;0;0;0;0;0;0;0;0;0;0;0,0.081246,5184,3456
4b9ed4dcbe4c4faf.jpg,4,0.437540;0.563013;0.397844;0.450562,4;4;4;4,0.592677,826,826
4bda19904e1caedd.jpg,4,0.561881;0.520748;0.280747;0.468614,4;7;7;5,0.416209,1024,768
4bf3c53fa37915db.jpg,20,0.130040;0.447591;0.000000;0.000000;0.000000;0.000000;0.000000;0.234437;0.574444;0.582923;0.286566;0.171117;0.083935;0.422572;0.495147;0.059219;0.074069;0.240325;0.557806;0.638117,3;4;0;0;0;0;0;1;2;2;1;1;2;4;3;1;1;4;2;2,0.25129,2201,2022
4c01e7ba0e29df8c.jpg,42,0.000000;0.000000;0.000000;0.000000;0.000000;0.000000;0.000000;0.000000;0.000000;0.000000;0.000000;0.000000;0.000000;0.000000;0.000000;0.000000;0.000000;0.000000;0.000000;0.000000;0.000000;0.000000;0.000000;0.129650;0.000000;0.000000;0.000000;0.000000;0.000000;0.000000;0.559151;0.000000;0.000000;0.000000;0.000000;0.000000;0.000000;0.000000;0.000000;0.000000;0.000000;0.000000,0;0;0;0;0;0;0;0;0;0;0;0;0;0;0;0;0;0;0;0;0;0;0;1;0;0;0;0;0;0;1;0;0;0;0;0;0;0;0;0;0;0,0.0,3648,2736
4e24222b68123ef3.jpg,35,0.000000;0.000000;0.116622;0.000000;0.000000;0.000000;0.054457;0.000000;0.000000;0.000000;0.000000;0.179419;0.000000;0.073625;0.000000;0.252295;0.277534;0.000000;0.000000;0.000000;0.153096;0.000000;0.000000;0.251502;0.478724;0.000000;0.000000;0.000000;0.000000;0.000000;0.000000;0.000000;0.000000;0.000000;0.000000,0;0;2;0;0;0;1;0;0;0;0;5;0;2;0;2;2;0;0;0;1;0;0;3;4;0;0;0;0;0;0;0;0;0;0,0.619835,2448,3264
4f75c3917514e21e.jpg,4,0.305206;0.237494;0.593403;0.198761,2;3;1;5,0.0,1024,768
4fdcd3df7c6d8c72.jpg,12,0.574315;0.237845;0.400322;0.166416;0.180776;0.426390;0.106066;0.158691;0.416627;0.469051;0.264845;0.363590,6;7;5;2;2;4;1;2;3;2;2;3,0.668604,2048,1536
503d57029de0f6ce.jpg,9,0.312692;0.326610;0.164995;0.172560;0.000000;0.123697;0.072165;0.000000;0.000000,4;2;3;1;0;3;1;0;0,0.26195,1600,1200
50a8e0f047581eee.jpg,12,0.120060;0.069347;0.618290;0.078928;0.765887;0.417129;0.087035;0.495021;0.462667;0.000000;0.106038;0.330688,5;2;3;1;5;2;1;2;4;0;3;6,0.234503,2048,1536
50c532b8fc3c8d01.jpg,60,0.000000;0.000000;0.000000;0.000000;0.000000;0.000000;0.000000;0.000000;0.000000;0.000000;0.000000;0.000000;0.000000;0.000000;0.000000;0.057342;0.000000;0.000000;0.178556;0.000000;0.000000;0.323703;0.418750;0.171665;0.306635;0.000000;0.000000;0.000000;0.000000;0.000000;0.000000;0.000000;0.000000;0.106591;0.000000;0.000000;0.000000;0.000000;0.000000;0.000000;0.000000;0.000000;0.000000;0.000000;0.000000;0.000000;0.000000;0.000000;0.000000;0.000000;0.000000;0.000000;0.000000;0.000000;0.000000;0.000000;0.000000;0.000000;0.000000;0.000000,0;0;0;0;0;0;0;0;0;0;0;0;0;0;0;1;0;0;1;0;0;2;2;1;1;0;0;0;0;0;0;0;0;1;0;0;0;0;0;0;0;0;0;0;0;0;0;0;0;0;0;0;0;0;0;0;0;0;0;0,0.147145,3168,4752
5373f1de6b6aa919.jpg,48,0.000000;0.000000;0.000000;0.142874;0.311378;0.000000;0.000000;0.000000;0.000000;0.052574;0.073076;0.584560;0.058557;0.185276;0.071248;0.000000;0.000000;0.000000;0.105463;0.236834;0.124223;0.087847;0.000000;0.000000;0.000000;0.064790;0.217335;0.400398;0.167726;0.452557;0.000000;0.000000;0.000000;0.000000;0.223838;0.080176;0.360431;0.000000;0.000000;0.000000;0.000000;0.000000;0.081788;0.126625;0.000000;0.000000;0.000000;0.000000,0;0;0;2;2;0;0;0;0;1;1;2;1;2;2;0;0;0;2;2;1;3;0;0;0;2;4;4;1;4;0;0;0;0;3;2;3;0;0;0;0;0;1;1;0;0;0;0,0.210408,4000,3000
53d655a363955c91.jpg,16,0.295400;0.065105;0.073844;0.096903;0.200197;0.692013;0.147071;0.522408;0.358072;0.090406;0.119246;0.291440;0.141701;0.334079;0.059049;0.417307,2;3;1;1;5;1;1;2;6;2;2;3;3;2;1;2,0.534016,2128,2018
53e5eeeff0fd0bc0.jpg,24,0.708445;0.134699;0.153950;0.538425;0.711130;0.708474;0.000000;0.456359;0.082126;0.635468;0.758262;0.764612;0.000000;0.286864;0.267878;0.299589;0.000000;0.000000;0.000000;0.152657;0.245039;0.161190;0.052540;0.050231,1;3;1;2;4;2;0;1;1;3;1;2;0;6;1;3;0;0;0;1;1;2;1;1,0.545206,2816,2112
5444099c2d172faa.jpg,66,0.124684;0.182453;0.169125;0.221761;0.217773;0.185877;0.420774;0.081750;0.135346;0.250173;0.224748;0.131455;0.173918;0.638594;0.072130;0.103415;0.270665;0.104892;0.621406;0.064200;0.067257;0.067275;0.337962;0.348321;0.405426;0.146730;0.477863;0.000000;0.227488;0.072774;0.153198;0.195497;0.163972;0.122421;0.146135;0.000000;0.304805;0.061664;0.543185;0.510846;0.816803;0.561055;0.000000;0.000000;0.181469;0.136919;0.000000;0.000000;0.249701;0.359779;0.192781;0.826551;0.748788;0.070914;0.000000;0.171969;0.097617;0.000000;0.156327;0.422643;0.000000;0.127562;0.586887;0.502233;0.072584;0.121652,3;6;4;5;1;2;4;1;1;1;2;5;3;2;1;3;2;3;4;1;2;3;3;9;2;2;1;0;10;2;3;4;2;1;2;0;3;1;1;5;6;6;0;0;1;2;0;0;1;1;2;4;3;2;0;3;1;0;1;4;0;2;6;4;1;2,0.068402,5312,2988
54920c65b10d266b.jpg,15,0.000000;0.000000;0.538883;0.708835;0.690356;0.385508;0.178652;0.000000;0.650179;0.473365;0.325262;0.154312;0.068585;0.463339;0.540550,0;0;3;1;1;2;3;0;1;1;8;7;1;1;2,0.244001,2292,1529
5600ccf0c7e30577.jpg,60,0.148158;0.081907;0.295051;0.054483;0.180287;0.000000;0.107958;0.095758;0.054792;0.058416;0.293102;0.000000;0.000000;0.000000;0.000000;0.000000;0.000000;0.488870;0.161276;0.156575;0.000000;0.000000;0.000000;0.000000;0.000000;0.000000;0.000000;0.063046;0.000000;0.055852;0.000000;0.058000;0.000000;0.278973;0.000000;0.000000;0.000000;0.000000;0.000000;0.000000;0.094960;0.000000;0.000000;0.000000;0.169081;0.000000;0.159642;0.081436;0.107959;0.081414;0.077850;0.129897;0.070723;0.138595;0.079721;0.065457;0.157892;0.067447;0.000000;0.000000,1;3;2;1;2;0;2;3;1;1;3;0;0;0;0;0;0;1;5;4;0;0;0;0;0;0;0;1;0;1;0;1;0;1;0;0;0;0;0;0;1;0;0;0;1;0;2;1;1;1;1;1;2;1;1;1;3;1;0;0,0.450926,4752,3168
561f1cadde8c0725.jpg,6,0.000000;0.053959;0.221207;0.135282;0.349978;0.128789,0;1;2;2;2;2,0.304875,852,1280
579c6faafbaa925c.jpg,24,0.085877;0.000000;0.079213;0.191930;0.490360;0.469217;0.000000;0.000000;0.340619;0.000000;0.000000;0.000000;0.000000;0.086394;0.284082;0.310580;0.000000;0.000000;0.091981;0.000000;0.000000;0.412565;0.508879;0.315301,2;0;1;1;2;2;0;0;1;0;0;0;0;1;3;1;0;0;1;0;0;1;3;3,0.481931,2816,2112
57ea92b50b73dc3c.jpg,6,0.597675;0.151206;0.066608;0.655010;0.609858;0.116193,6;3;1;3;6;2,0.591691,1502,1093
5879df830691ccc2.jpg,70,0.000000;0.000000;0.000000;0.000000;0.000000;0.000000;0.000000;0.000000;0.000000;0.000000;0.000000;0.350810;0.070902;0.235370;0.093314;0.388076;0.179428;0.000000;0.000000;0.000000;0.000000;0.000000;0.152941;0.268795;0.000000;0.581460;0.274613;0.000000;0.000000;0.000000;0.000000;0.536375;0.000000;0.000000;0.851542;0.826638;0.000000;0.000000;0.000000;0.000000;0.000000;0.116587;0.000000;0.100462;0.162024;0.067782;0.809083;0.068131;0.000000;0.000000;0.000000;0.000000;0.000000;0.000000;0.085980;0.000000;0.078851;0.456652;0.260249;0.000000;0.000000;0.000000;0.000000;0.000000;0.059778;0.000000;0.103549;0.472871;0.286165;0.000000,0;0;0;0;0;0;0;0;0;0;0;2;1;1;1;2;5;0;0;0;0;0;1;1;0;1;4;0;0;0;0;1;0;0;1;1;0;0;0;0;0;1;0;2;5;1;4;1;0;0;0;0;0;0;2;0;1;4;2;0;0;0;0;0;1;0;1;4;3;0,0.060461,4928,3264
5914652d54179cb8.jpg,30,0.000000;0.000000;0.000000;0.000000;0.000000;0.262651;0.000000;0.000000;0.000000;0.073568;0.208678;0.273481;0.343300;0.132920;0.110160;0.267030;0.465536;0.073660;0.160420;0.240480;0.113293;0.157430;0.070886;0.169253;0.102284;0.292964;0.000000;0.188874;0.303028;0.313210,0;0;0;0;0;2;0;0;0;1;4;1;1;2;3;2;6;1;1;4;5;3;2;3;1;2;0;1;2;2,0.404828,2304,3072
592e029deb4fe7d9.jpg,24,0.000000;0.000000;0.000000;0.000000;0.498300;0.000000;0.000000;0.436080;0.536809;0.083667;0.063345;0.072948;0.224738;0.000000;0.000000;0.000000;0.459786;0.099559;0.170827;0.217564;0.356925;0.474596;0.453701;0.459281,0;0;0;0;3;0;0;1;1;1;2;1;2;0;0;0;2;1;3;2;2;3;1;1,0.468664,2048,3072
5a3f94aa35766f31.jpg,12,0.619811;0.000000;0.073025;0.188357;0.366894;0.219700;0.059465;0.000000;0.000000;0.000000;0.104877;0.000000,4;0;1;2;3;3;1;0;0;0;1;0,0.085391,1942,1573
5b109ce979789e04.jpg,4,0.778570;0.654185;0.325997;0.377783,5;8;4;5,0.356183,768,1024
5b1d138d06e98ea8.jpg,54,0.000000;0.000000;0.209586;0.053308;0.275401;0.232537;0.468357;0.271002;0.103642;0.000000;0.000000;0.000000;0.000000;0.000000;0.000000;0.000000;0.000000;0.000000;0.293444;0.176597;0.456640;0.000000;0.000000;0.000000;0.000000;0.000000;0.000000;0.107418;0.000000;0.051389;0.000000;0.302795;0.082957;0.296879;0.000000;0.000000;0.000000;0.053978;0.000000;0.000000;0.000000;0.000000;0.000000;0.000000;0.000000;0.085470;0.000000;0.000000;0.185067;0.000000;0.442696;0.129823;0.000000;0.000000,0;0;1;1;4;2;10;2;1;0;0;0;0;0;0;0;0;0;4;1;2;0;0;0;0;0;0;1;0;1;0;1;2;8;0;0;0;1;0;0;0;0;0;0;0;1;0;0;2;0;2;2;0;0,0.415432,4512,3000
5b80f63cbb821353.jpg,35,0.000000;0.188498;0.000000;0.000000;0.000000;0.000000;0.000000;0.151490;0.277038;0.101764;0.388889;0.184098;0.000000;0.000000;0.162740;0.423264;0.325639;0.260320;0.083516;0.255341;0.257706;0.000000;0.000000;0.000000;0.000000;0.000000;0.056132;0.000000;0.000000;0.057612;0.000000;0.000000;0.000000;0.000000;0.000000,0;4;0;0;0;0;0;1;4;1;1;1;0;0;5;5;2;3;2;4;3;0;0;0;0;0;1;0;0;1;0;0;0;0;0,0.357704,3264,2448
5c26e35b1142af29.jpg,30,0.000000;0.000000;0.000000;0.000000;0.168781;0.126408;0.209783;0.272781;0.000000;0.170089;0.000000;0.000000;0.000000;0.000000;0.187952;0.122221;0.000000;0.000000;0.000000;0.000000;0.490373;0.060742;0.000000;0.000000;0.000000;0.000000;0.584206;0.101040;0.000000;0.000000,0;0;0;0;2;1;7;5;0;2;0;0;0;0;3;2;0;0;0;0;4;1;0;0;0;0;8;3;0;0,0.281488,2864,2243
5c5e083a2b33c597.jpg,9,0.219930;0.144196;0.410310;0.094556;0.692939;0.314661;0.240740;0.551378;0.282366,3;1;5;3;1;3;2;1;3,0.278457,1574,1166
5f3e35510132c638.jpg,40,0.000000;0.000000;0.000000;0.000000;0.000000;0.000000;0.000000;0.000000;0.000000;0.000000;0.000000;0.000000;0.000000;0.000000;0.000000;0.000000;0.000000;0.000000;0.000000;0.535549;0.211449;0.000000;0.000000;0.000000;0.000000;0.000000;0.097212;0.000000;0.249021;0.000000;0.000000;0.000000;0.000000;0.132854;0.000000;0.000000;0.000000;0.000000;0.000000;0.000000,0;0;0;0;0;0;0;0;0;0;0;0;0;0;0;0;0;0;0;1;3;0;0;0;0;0;1;0;2;0;0;0;0;2;0;0;0;0;0;0,0.405511,3888,2588
5fb84fd5ef312440.jpg,12,0.124884;0.247245;0.109462;0.101497;0.082738;0.315533;0.323906;0.192797;0.157745;0.159549;0.217308;0.269927,8;3;1;1;3;8;5;3;3;6;6;6,0.688072,1927,1320
5fc261e9497193e1.jpg,9,0.256541;0.327689;0.000000;0.074606;0.556802;0.287859;0.183807;0.581685;0.000000,6;3;0;4;6;2;3;5;0,0.626867,1632,1232
604e5ac986858a9b.jpg,20,0.141434;0.220742;0.052157;0.359919;0.481015;0.397478;0.499620;0.358217;0.066291;0.000000;0.197429;0.284903;0.315906;0.583132;0.000000;0.182394;0.130317;0.000000;0.209831;0.067007,5;2;2;1;1;3;7;6;1;0;5;5;7;6;0;3;4;0;3;2,0.159714,2560,1920
61ad65e21ea94463.jpg,9,0.000000;0.000000;0.000000;0.434495;0.000000;0.000000;0.241369;0.233132;0.080434,0;0;0;2;0;0;3;1;1,0.166164,1500,1500
628f098fe63cfc2d.jpg,12,0.000000;0.354293;0.334524;0.000000;0.284968;0.268833;0.417122;0.646824;0.395988;0.349971;0.245304;0.439687,0;2;2;0;4;8;6;4;6;9;6;5,0.0,1804,1328
62f5b3b114f74ea8.jpg,48,0.000000;0.115426;0.117127;0.000000;0.159033;0.209292;0.000000;0.666346;0.000000;0.118803;0.368327;0.466481;0.407255;0.278812;0.000000;0.400433;0.000000;0.000000;0.294189;0.321426;0.280323;0.000000;0.000000;0.322944;0.000000;0.000000;0.000000;0.126992;0.566222;0.263040;0.077598;0.425525;0.000000;0.000000;0.080961;0.313403;0.568701;0.396552;0.000000;0.000000;0.000000;0.000000;0.133585;0.158844;0.560228;0.240105;0.000000;0.000000,0;1;1;0;7;2;0;3;0;2;3;13;1;3;0;11;0;0;4;5;7;0;0;4;0;0;0;6;10;8;2;2;0;0;1;4;5;6;0;0;0;0;4;4;6;2;0;0,0.110424,4000,3000
640bede79b581f12.jpg,6,0.232244;0.319461;0.304638;0.543079;0.399335;0.390479,11;7;8;15;10;9,0.203059,1280,960
641a1085804fb145.jpg,9,0.000000;0.425668;0.182239;0.000000;0.325406;0.000000;0.000000;0.231740;0.000000,0;4;3;0;1;0;0;4;0,0.243583,1608,1608
64d4e6c161a25dc2.jpg,6,0.503447;0.383990;0.073964;0.202755;0.102564;0.249180,3;6;1;4;1;3,0.351857,853,1280
64e01cd5145307d3.jpg,6,0.249672;0.105138;0.000000;0.255801;0.490849;0.137658,2;1;0;8;6;3,0.321483,1600,1067
651ff832c1cfec32.jpg,20,0.324914;0.054151;0.077440;0.601693;0.603452;0.166316;0.318485;0.226525;0.439695;0.285685;0.446649;0.204179;0.147028;0.314929;0.473139;0.413706;0.227557;0.209912;0.415974;0.499799,8;1;1;7;11;2;8;7;2;3;3;5;2;1;1;5;3;3;2;1,0.417172,2272,1704
656abc78a9534c08.jpg,6,0.380404;0.484142;0.357385;0.102469;0.426184;0.163396,2;2;2;2;6;7,0.704683,1038,1344
65924623968e80ed.jpg,24,0.184401;0.344305;0.542482;0.424074;0.603815;0.247367;0.000000;0.081963;0.476506;0.563037;0.585256;0.000000;0.127008;0.463783;0.523713;0.426828;0.061430;0.000000;0.233203;0.335701;0.583565;0.165034;0.654979;0.152407,1;3;7;8;4;2;0;3;9;6;3;0;4;6;7;3;1;0;6;7;3;2;2;3,0.317136,3000,2007
65f8d16eaf291cce.jpg,70,0.192463;0.000000;0.000000;0.634736;0.000000;0.000000;0.000000;0.100636;0.000000;0.000000;0.378727;0.215065;0.245075;0.162526;0.075638;0.000000;0.000000;0.102578;0.000000;0.000000;0.133056;0.311176;0.153099;0.314494;0.340280;0.334938;0.179970;0.468788;0.426391;0.165558;0.236662;0.258695;0.271917;0.084470;0.527106;0.280887;0.297618;0.577575;0.495454;0.317026;0.465762;0.552282;0.298323;0.214675;0.332117;0.467827;0.102124;0.082155;0.209120;0.259713;0.187193;0.288557;0.112362;0.000000;0.303241;0.821529;0.000000;0.000000;0.000000;0.000000;0.255203;0.194121;0.693199;0.258552;0.552971;0.112290;0.070212;0.000000;0.000000;0.000000,8;0;0;1;0;0;0;4;0;0;13;5;3;2;2;0;0;1;0;0;13;14;1;7;8;3;3;3;6;3;7;6;4;2;7;6;5;2;7;8;2;1;3;3;3;2;2;1;2;5;6;3;2;0;3;1;0;0;0;0;4;1;4;1;1;1;1;0;0;0,0.297443,5184,3456
66a8d1c74ad49ea1.jpg,24,0.000000;0.182281;0.000000;0.057212;0.104132;0.318315;0.392209;0.203735;0.290974;0.417069;0.414871;0.188731;0.000000;0.095064;0.441284;0.136910;0.000000;0.000000;0.139881;0.000000;0.000000;0.313067;0.315189;0.000000,0;1;0;1;1;6;4;3;2;3;4;1;0;1;1;1;0;0;1;0;0;3;3;0,0.0,2048,2838
67fcac04edc0ace5.jpg,35,0.000000;0.000000;0.000000;0.420398;0.000000;0.000000;0.000000;0.000000;0.000000;0.561565;0.554862;0.445387;0.460501;0.176128;0.160719;0.000000;0.000000;0.000000;0.000000;0.000000;0.202261;0.154625;0.000000;0.000000;0.000000;0.000000;0.000000;0.000000;0.312410;0.000000;0.000000;0.000000;0.000000;0.263953;0.000000,0;0;0;1;0;0;0;0;0;1;1;6;1;1;1;0;0;0;0;0;2;1;0;0;0;0;0;0;2;0;0;0;0;3;0,0.36688,3456,2304
686f1e0d4a0b47cb.jpg,6,0.058230;0.188353;0.143561;0.054181;0.239614;0.083918,1;4;2;1;5;1,0.0,1440,900
6a007d6f6df275ce.jpg,36,0.216518;0.674786;0.829976;0.750191;0.000000;0.000000;0.522693;0.737295;0.251105;0.560041;0.067418;0.000000;0.078332;0.220186;0.000000;0.107199;0.064684;0.000000;0.437018;0.158597;0.104930;0.199484;0.058980;0.090432;0.111893;0.094231;0.083863;0.417798;0.374044;0.110782;0.471296;0.094097;0.704551;0.589189;0.106768;0.000000,4;2;1;1;0;0;1;3;2;1;1;0;2;1;0;1;1;0;1;2;4;3;1;2;3;1;1;2;1;2;4;1;3;2;1;0,0.585001,2894,3078
6a17b9db2164e958.jpg,4,0.518089;0.427311;0.257541;0.228354,3;2;6;6,0.716142,1024,768
6ae69b25fa8d3526.jpg,20,0.199733;0.000000;0.000000;0.000000;0.000000;0.098406;0.000000;0.000000;0.368847;0.329254;0.000000;0.000000;0.000000;0.000000;0.000000;0.000000;0.000000;0.000000;0.000000;0.000000,1;0;0;0;0;1;0;0;2;2;0;0;0;0;0;0;0;0;0;0,0.0,2272,1704
6b53dab4ef57aada.jpg,6,0.361146;0.092622;0.397357;0.218986;0.324572;0.268525,10;2;6;9;10;7,0.156361,1600,1067
6e0add6a4deeb0b3.jpg,9,0.404963;0.144450;0.000000;0.307745;0.251477;0.125860;0.769541;0.394456;0.196445,3;5;0;3;4;7;2;6;10,0.348422,1628,1221
6f77c153f44d6168.jpg,56,0.642152;0.182838;0.156595;0.367307;0.321128;0.235748;0.107496;0.000000;0.088553;0.000000;0.719363;0.214228;0.202281;0.202344;0.119768;0.000000;0.191633;0.460791;0.760788;0.000000;0.000000;0.307272;0.059255;0.193342;0.108589;0.274090;0.000000;0.000000;0.056951;0.163074;0.713305;0.339453;0.000000;0.083330;0.287857;0.415162;0.137890;0.170823;0.000000;0.514296;0.700944;0.455547;0.083692;0.158746;0.379584;0.638064;0.629916;0.514486;0.712591;0.449762;0.084553;0.208384;0.243897;0.625701;0.646532;0.565368,4;4;3;8;2;1;1;0;1;0;3;2;1;3;2;0;1;4;1;0;0;3;1;4;1;2;0;0;1;1;2;3;0;1;1;1;3;2;0;10;3;8;1;4;3;4;5;7;3;7;1;4;3;3;6;6,0.665388,4144,3216
70921eefb1bf4f1a.jpg,9,0.112292;0.050347;0.086164;0.406587;0.281086;0.333706;0.182912;0.103412;0.136394,3;1;2;6;7;9;4;4;6,0.204886,1200,1600
7182a2a2ab3fba55.jpg,4,0.348896;0.353354;0.338881;0.427959,6;8;10;7,0.23355,1024,768
7346721d1818fba2.jpg,56,0.061797;0.236120;0.118586;0.270221;0.146759;0.732751;0.732283;0.000000;0.454813;0.203771;0.162087;0.192950;0.000000;0.000000;0.297620;0.000000;0.000000;0.000000;0.000000;0.000000;0.000000;0.274126;0.000000;0.000000;0.000000;0.000000;0.126080;0.166090;0.000000;0.000000;0.321985;0.056510;0.089393;0.061772;0.085475;0.356522;0.358056;0.000000;0.000000;0.000000;0.115780;0.055209;0.472189;0.000000;0.000000;0.000000;0.000000;0.490687;0.334205;0.318215;0.398298;0.000000;0.000000;0.000000;0.000000;0.000000,1;4;8;1;5;3;2;0;4;3;1;6;0;0;2;0;0;0;0;0;0;6;0;0;0;0;2;1;0;0;3;1;2;1;1;2;2;0;0;0;1;1;1;0;0;0;0;1;1;3;1;0;0;0;0;0,0.214307,3225,4144
74ee6d1b58ae2e70.jpg,24,0.087345;0.629373;0.088831;0.000000;0.000000;0.375944;0.000000;0.000000;0.245611;0.075570;0.000000;0.000000;0.193167;0.000000;0.056956;0.000000;0.000000;0.000000;0.383046;0.114154;0.071319;0.000000;0.234066;0.229065,2;3;1;0;0;1;0;0;7;1;0;0;1;0;1;0;0;0;1;2;2;0;1;2,0.136188,3008,2000
76a4ee349b7a53eb.jpg,12,0.112205;0.545530;0.101219;0.257485;0.182828;0.656242;0.702150;0.205544;0.551323;0.343637;0.123325;0.528093,2;3;1;11;3;6;4;3;5;6;3;2,0.303752,1536,2048
7986a227e8b444fd.jpg,24,0.000000;0.000000;0.000000;0.000000;0.000000;0.000000;0.000000;0.000000;0.000000;0.000000;0.000000;0.000000;0.000000;0.000000;0.000000;0.000000;0.000000;0.000000;0.000000;0.000000;0.000000;0.000000;0.000000;0.000000,0;0;0;0;0;0;0;0;0;0;0;0;0;0;0;0;0;0;0;0;0;0;0;0,0.238623,3054,2036
7a32cfdda64af618.jpg,48,0.466707;0.343606;0.098343;0.000000;0.000000;0.000000;0.322112;0.000000;0.000000;0.000000;0.000000;0.056452;0.467532;0.554886;0.000000;0.000000;0.000000;0.058524;0.567164;0.194701;0.085179;0.220439;0.000000;0.446898;0.000000;0.000000;0.000000;0.000000;0.172061;0.621199;0.253803;0.165850;0.577100;0.303915;0.511012;0.269212;0.314524;0.187000;0.445072;0.116588;0.413382;0.325296;0.396946;0.595723;0.195358;0.224827;0.249544;0.126894,4;3;1;0;0;0;2;0;0;0;0;1;4;2;0;0;0;1;3;3;2;7;0;2;0;0;0;0;4;11;3;5;4;5;1;4;5;4;4;3;5;1;2;3;6;4;4;5,0.128006,4032,3024
7a3942d6c34d4885.jpg,20,0.393055;0.333254;0.000000;0.000000;0.677853;0.620653;0.480395;0.687814;0.286986;0.541112;0.602980;0.591703;0.617407;0.445634;0.186642;0.700540;0.585678;0.325785;0.620616;0.100032,3;5;0;0;4;7;6;5;5;1;15;11;8;7;3;8;8;5;2;2,0.30529,2592,1936
7b2949144b34118d.jpg,6,0.222282;0.359943;0.127788;0.804212;0.175427;0.257717,3;4;2;3;4;4,0.334735,1300,863
7b2d53f0e20452f4.jpg,12,0.733630;0.187929;0.140577;0.302825;0.157057;0.461571;0.533199;0.424469;0.073263;0.587628;0.355055;0.486330,2;11;1;2;6;4;9;6;1;4;6;15,0.131459,2048,1536
7c631e971ee97549.jpg,20,0.386236;0.121876;0.133444;0.272647;0.201439;0.236100;0.166517;0.155267;0.000000;0.000000;0.100886;0.346718;0.707107;0.179081;0.000000;0.119484;0.481665;0.548922;0.061587;0.000000,1;1;3;3;1;2;1;2;0;0;7;3;2;1;0;3;4;2;1;0,0.224568,2360,1772
7c68f37e1eb82609.jpg,12,0.000000;0.145472;0.000000;0.000000;0.308552;0.118101;0.294793;0.130890;0.000000;0.055405;0.225737;0.098090,0;3;0;0;1;2;2;5;0;1;2;4,0.451414,2000,1333
7d18603c87fd316c.jpg,6,0.000000;0.000000;0.000000;0.225098;0.132353;0.000000,0;0;0;1;2;0,0.510311,1280,937
7e0773e8d3682900.jpg,20,0.000000;0.000000;0.000000;0.000000;0.000000;0.698770;0.566364;0.417846;0.202471;0.217387;0.686281;0.519391;0.560576;0.518314;0.495433;0.670074;0.399132;0.584430;0.475425;0.451226,0;0;0;0;0;9;11;7;5;8;7;8;3;7;8;10;7;8;8;7,0.276209,2272,1704
7ea7c4a01b5a3c94.jpg,12,0.256100;0.267541;0.329248;0.263627;0.607733;0.086578;0.617658;0.000000;0.171253;0.000000;0.635281;0.143794,1;5;3;3;1;4;2;0;1;0;1;4,0.530737,2048,1536
7fa25536f608af03.jpg,6,0.057560;0.301593;0.088541;0.769281;0.301038;0.166986,1;3;1;4;3;2,0.782417,1480,1048
7fd8145c82ce43c3.jpg,12,0.000000;0.000000;0.258663;0.298255;0.000000;0.198837;0.000000;0.000000;0.208665;0.055128;0.111617;0.060497,0;0;2;4;0;1;0;0;2;1;2;1,0.333102,2750,1000
805d2f6bfb4f5cba.jpg,30,0.000000;0.000000;0.154824;0.121550;0.000000;0.000000;0.000000;0.839267;0.344230;0.066416;0.229390;0.000000;0.744467;0.000000;0.000000;0.116247;0.393598;0.727404;0.057645;0.000000;0.000000;0.139900;0.743573;0.000000;0.000000;0.166470;0.187991;0.089097;0.000000;0.000000,0;0;6;2;0;0;0;3;1;1;1;0;3;0;0;1;6;5;1;0;0;1;4;0;0;1;2;1;0;0,0.484772,2380,3176
8110c58c9dcfba36.jpg,28,0.786146;0.635120;0.561322;0.665792;0.058523;0.402117;0.399660;0.389596;0.000000;0.196505;0.107794;0.526359;0.000000;0.000000;0.121304;0.000000;0.257836;0.067412;0.528791;0.000000;0.000000;0.293879;0.000000;0.328400;0.410603;0.534411;0.134751;0.108247,3;3;2;2;1;2;2;3;0;2;2;4;0;0;1;0;3;1;1;0;0;2;0;2;1;1;1;1,0.0,3264,1685
819010698b243bd6.jpg,40,0.167256;0.066065;0.250486;0.057160;0.000000;0.000000;0.000000;0.062996;0.000000;0.000000;0.000000;0.000000;0.000000;0.106320;0.000000;0.055107;0.000000;0.000000;0.052480;0.000000;0.254509;0.000000;0.190123;0.060247;0.000000;0.000000;0.000000;0.000000;0.000000;0.128244;0.000000;0.711383;0.000000;0.182769;0.220286;0.000000;0.000000;0.000000;0.289667;0.000000,1;1;3;1;0;0;0;1;0;0;0;0;0;1;0;1;0;0;1;0;1;0;3;1;0;0;0;0;0;1;0;2;0;1;1;0;0;0;1;0,0.208933,2592,3888
81988b6d2a52ff05.jpg,24,0.000000;0.230311;0.377057;0.228905;0.116378;0.467808;0.207544;0.322625;0.159053;0.692861;0.308954;0.690307;0.370504;0.505439;0.389801;0.208690;0.442813;0.741799;0.117214;0.591514;0.255978;0.209866;0.000000;0.076274,0;6;2;2;2;3;5;2;2;5;4;5;5;8;12;8;5;2;2;5;6;1;0;1,0.067132,3008,2000
838e2e43f4f7f8d8.jpg,50,0.000000;0.000000;0.000000;0.000000;0.000000;0.449569;0.000000;0.055889;0.000000;0.492199;0.000000;0.346210;0.439290;0.813438;0.122860;0.817171;0.123100;0.279103;0.513766;0.130655;0.638977;0.299889;0.142110;0.213021;0.139366;0.744383;0.076532;0.167684;0.086931;0.448562;0.100866;0.370090;0.461675;0.239380;0.056762;0.377583;0.076518;0.536816;0.413556;0.140028;0.151556;0.444180;0.111810;0.166851;0.161592;0.560536;0.148702;0.509107;0.054707;0.341318,0;0;0;0;0;1;0;1;0;1;0;3;2;2;3;2;2;1;4;2;2;3;2;2;3;3;1;2;2;3;1;5;3;1;1;2;1;3;7;2;3;4;1;6;7;4;2;7;2;4,0.857025,5074,2598
84d950ec0d01c200.jpg,12,0.122081;0.395518;0.315248;0.142013;0.339950;0.348584;0.669294;0.672958;0.570647;0.701189;0.648971;0.000000,3;5;5;5;8;4;5;8;1;3;3;0,0.783366,2048,1536
853b10f75cd438b5.jpg,40,0.000000;0.000000;0.000000;0.000000;0.000000;0.000000;0.000000;0.000000;0.000000;0.000000;0.000000;0.000000;0.000000;0.000000;0.000000;0.000000;0.000000;0.000000;0.000000;0.107795;0.000000;0.000000;0.000000;0.000000;0.000000;0.000000;0.000000;0.000000;0.000000;0.000000;0.000000;0.000000;0.000000;0.000000;0.064206;0.000000;0.000000;0.000000;0.000000;0.000000,0;0;0;0;0;0;0;0;0;0;0;0;0;0;0;0;0;0;0;1;0;0;0;0;0;0;0;0;0;0;0;0;0;0;1;0;0;0;0;0,0.189812,3888,2592
8614316e3cc605d2.jpg,24,0.000000;0.000000;0.141934;0.000000;0.000000;0.000000;0.000000;0.059784;0.190740;0.000000;0.000000;0.000000;0.000000;0.000000;0.241270;0.602931;0.621478;0.000000;0.000000;0.000000;0.082937;0.643932;0.629294;0.000000,0;0;1;0;0;0;0;1;4;0;0;0;0;0;6;12;2;0;0;0;2;13;2;0,0.117625,2784,1856
86d26fe72a28de02.jpg,15,0.175863;0.376919;0.309544;0.609893;0.246737;0.067419;0.527061;0.545011;0.122076;0.323588;0.000000;0.253911;0.406691;0.000000;0.000000,8;5;10;5;3;1;4;3;2;4;0;3;3;0;0,0.34635,2306,1536
870b721faf7b475d.jpg,77,0.130631;0.000000;0.000000;0.000000;0.000000;0.000000;0.000000;0.000000;0.000000;0.000000;0.000000;0.000000;0.167112;0.000000;0.088247;0.000000;0.000000;0.000000;0.000000;0.000000;0.000000;0.000000;0.000000;0.211656;0.000000;0.000000;0.000000;0.000000;0.000000;0.000000;0.000000;0.000000;0.000000;0.050996;0.369677;0.463406;0.480676;0.135781;0.000000;0.000000;0.000000;0.000000;0.000000;0.000000;0.000000;0.000000;0.091131;0.000000;0.000000;0.000000;0.158119;0.118096;0.153312;0.000000;0.000000;0.000000;0.000000;0.000000;0.000000;0.000000;0.478719;0.000000;0.000000;0.168997;0.000000;0.000000;0.000000;0.000000;0.127165;0.489117;0.000000;0.000000;0.000000;0.000000;0.051474;0.071452;0.000000,2;0;0;0;0;0;0;0;0;0;0;0;1;0;1;0;0;0;0;0;0;0;0;4;0;0;0;0;0;0;0;0;0;1;1;3;3;2;0;0;0;0;0;0;0;0;1;0;0;0;1;1;2;0;0;0;0;0;0;0;3;0;0;2;0;0;0;0;2;4;0;0;0;0;1;1;0,0.110472,5472,3648
87f4252180bcecc5.jpg,54,0.000000;0.000000;0.000000;0.000000;0.000000;0.000000;0.000000;0.000000;0.000000;0.000000;0.000000;0.000000;0.080376;0.000000;0.000000;0.000000;0.000000;0.000000;0.000000;0.000000;0.000000;0.177303;0.069316;0.000000;0.527476;0.000000;0.000000;0.000000;0.000000;0.092274;0.217508;0.052272;0.078864;0.516291;0.000000;0.000000;0.000000;0.000000;0.000000;0.082860;0.000000;0.000000;0.000000;0.000000;0.000000;0.000000;0.000000;0.000000;0.000000;0.000000;0.000000;0.000000;0.000000;0.000000,0;0;0;0;0;0;0;0;0;0;0;0;1;0;0;0;0;0;0;0;0;2;1;0;1;0;0;0;0;1;6;1;1;1;0;0;0;0;0;1;0;0;0;0;0;0;0;0;0;0;0;0;0;0,0.39897,4272,2848
8812ede523dc2cfd.jpg,70,0.000000;0.000000;0.000000;0.000000;0.057289;0.132056;0.000000;0.000000;0.000000;0.000000;0.000000;0.000000;0.000000;0.000000;0.000000;0.410746;0.000000;0.000000;0.000000;0.000000;0.000000;0.000000;0.000000;0.000000;0.000000;0.173771;0.000000;0.000000;0.000000;0.000000;0.000000;0.000000;0.511808;0.071132;0.553397;0.193554;0.100175;0.000000;0.000000;0.000000;0.099905;0.345693;0.000000;0.253476;0.457779;0.230157;0.531105;0.378153;0.150023;0.192063;0.121154;0.462166;0.351601;0.509126;0.166362;0.100130;0.073783;0.344595;0.271772;0.156016;0.160886;0.068457;0.413535;0.491845;0.118809;0.146365;0.304795;0.416853;0.241356;0.217543,0;0;0;0;1;2;0;0;0;0;0;0;0;0;0;1;0;0;0;0;0;0;0;0;0;1;0;0;0;0;0;0;1;1;2;2;1;0;0;0;2;2;0;5;7;8;3;5;5;2;2;3;4;1;3;1;2;2;4;3;3;1;3;3;3;2;4;2;1;4,0.429176,5146,3400
88e02e707b859f97.jpg,35,0.000000;0.251139;0.061826;0.058943;0.050934;0.000000;0.080983;0.000000;0.069407;0.000000;0.000000;0.321492;0.157656;0.000000;0.151472;0.114747;0.139476;0.000000;0.473353;0.000000;0.184466;0.053523;0.065171;0.359243;0.230802;0.000000;0.000000;0.104908;0.252197;0.165537;0.000000;0.000000;0.000000;0.074269;0.098346,0;1;1;1;1;0;1;0;1;0;0;1;3;0;2;2;1;0;2;0;2;1;1;2;3;0;0;1;2;2;0;0;0;1;1,0.230475,2448,3264
890eb20e6fa1825c.jpg,6,0.475269;0.134099;0.176071;0.088250;0.197190;0.189831,5;10;7;3;4;5,0.28445,1172,892
8b2c35c6ab5d7ed0.jpg,35,0.000000;0.169936;0.240129;0.359517;0.000000;0.000000;0.000000;0.268229;0.097099;0.514792;0.481695;0.062549;0.337133;0.660568;0.619894;0.152502;0.085002;0.246555;0.135047;0.108041;0.000000;0.141855;0.348865;0.609268;0.316628;0.128394;0.155735;0.355429;0.194696;0.147780;0.520073;0.494842;0.352574;0.311624;0.408775,0;2;4;2;0;0;0;3;1;2;3;2;2;2;2;3;3;2;1;3;0;3;7;3;7;5;3;5;5;8;2;7;4;6;7,0.666979,3452,2386
8c05cf5589255d87.jpg,40,0.424543;0.371880;0.517512;0.121623;0.630342;0.506575;0.520156;0.579385;0.180349;0.124044;0.168159;0.486519;0.393419;0.162308;0.440899;0.360781;0.112108;0.227078;0.092387;0.459181;0.407164;0.116197;0.000000;0.119733;0.087861;0.000000;0.000000;0.064502;0.184367;0.445216;0.000000;0.000000;0.000000;0.000000;0.000000;0.000000;0.000000;0.061323;0.000000;0.000000,4;4;1;2;3;3;3;3;1;2;3;1;6;3;1;5;2;2;1;3;2;1;0;3;3;0;0;1;4;2;0;0;0;0;0;0;0;1;0;0,0.466496,3872,2592
8c2b6a7e0e6ea902.jpg,30,0.096563;0.108994;0.102652;0.000000;0.000000;0.125820;0.274032;0.210916;0.154473;0.582497;0.394413;0.233544;0.437297;0.509154;0.144824;0.082085;0.187339;0.389332;0.000000;0.142254;0.126445;0.000000;0.000000;0.453698;0.000000;0.111304;0.180758;0.065046;0.000000;0.493679,1;3;1;0;0;1;7;10;5;10;13;3;4;2;1;1;3;4;0;2;3;0;0;1;0;3;2;1;0;1,0.241598,3072,2304
8c4da4698c3c35d5.jpg,54,0.000000;0.087450;0.057289;0.000000;0.116041;0.000000;0.000000;0.456502;0.448090;0.050703;0.180662;0.000000;0.449961;0.298369;0.000000;0.054815;0.000000;0.000000;0.433131;0.052567;0.055955;0.077762;0.503806;0.104526;0.321997;0.306435;0.159444;0.072206;0.605055;0.353930;0.384380;0.672532;0.172572;0.142457;0.251920;0.288369;0.081397;0.132985;0.202763;0.500192;0.223015;0.000000;0.177079;0.147842;0.091626;0.115374;0.279327;0.405887;0.291826;0.000000;0.127405;0.000000;0.000000;0.000000,0;2;2;0;3;0;0;5;5;1;3;0;3;2;0;1;0;0;7;1;1;1;5;1;4;8;10;2;2;4;5;3;4;4;1;1;4;4;7;3;3;0;2;1;1;1;4;3;3;0;2;0;0;0,0.117877,4256,2832
8c68796f1380139a.jpg,54,0.000000;0.000000;0.000000;0.139918;0.000000;0.107177;0.000000;0.000000;0.000000;0.174947;0.000000;0.000000;0.000000;0.000000;0.165082;0.057194;0.000000;0.000000;0.329267;0.000000;0.000000;0.093943;0.246358;0.000000;0.000000;0.355422;0.479607;0.000000;0.000000;0.060447;0.108703;0.095348;0.071963;0.000000;0.534645;0.552229;0.000000;0.000000;0.000000;0.390394;0.137451;0.106758;0.159275;0.000000;0.215564;0.071709;0.000000;0.000000;0.139506;0.142522;0.053291;0.177723;0.000000;0.207783,0;0;0;1;0;1;0;0;0;1;0;0;0;0;2;1;0;0;1;0;0;1;5;0;0;1;2;0;0;1;3;1;1;0;2;2;0;0;0;5;1;1;1;0;1;2;0;0;5;2;1;1;0;1,0.305059,4288,2848
8ddcb3f5ab13ea7a.jpg,24,0.000000;0.000000;0.000000;0.000000;0.000000;0.000000;0.000000;0.000000;0.000000;0.000000;0.000000;0.000000;0.093372;0.000000;0.000000;0.000000;0.000000;0.000000;0.000000;0.000000;0.173266;0.000000;0.000000;0.000000,0;0;0;0;0;0;0;0;0;0;0;0;1;0;0;0;0;0;0;0;1;0;0;0,0.219687,2106,2709
8e50483f8705d3d0.jpg,40,0.000000;0.141018;0.000000;0.403374;0.064540;0.072187;0.000000;0.000000;0.573458;0.185880;0.319751;0.121794;0.254182;0.307783;0.481868;0.513706;0.273085;0.054621;0.076882;0.422014;0.297931;0.058306;0.166563;0.097685;0.574283;0.303918;0.330006;0.284408;0.050741;0.326047;0.313185;0.141885;0.647163;0.668728;0.510463;0.052377;0.275147;0.368187;0.000000;0.000000,0;2;0;2;1;1;0;0;1;3;3;4;2;1;3;3;3;1;1;3;2;1;2;1;3;5;3;6;1;6;4;2;1;2;5;1;4;2;0;0,0.782278,3888,2592
8ee443c32e77287a.jpg,20,0.000000;0.000000;0.194932;0.000000;0.156286;0.226815;0.000000;0.102847;0.403611;0.164816;0.157184;0.461533;0.142776;0.154369;0.756556;0.081122;0.000000;0.000000;0.000000;0.000000,0;0;1;0;1;1;0;1;2;2;2;4;2;3;1;2;0;0;0;0,0.097837,1980,2640
8f1ea5e11dbc40e5.jpg,6,0.260430;0.454764;0.451289;0.497768;0.285341;0.276184,3;4;2;3;6;5,0.672602,1280,849
8f79a6a7e9703602.jpg,25,0.425277;0.130279;0.394251;0.057457;0.134778;0.312643;0.130172;0.300499;0.403091;0.355904;0.081352;0.254409;0.246920;0.367105;0.347083;0.345815;0.608245;0.159624;0.667037;0.675125;0.248010;0.496243;0.555306;0.592956;0.431301,3;1;4;1;2;5;2;15;10;10;1;4;9;9;8;6;4;8;2;4;12;2;6;11;10,0.229823,2181,2563
907c394cfb147647.jpg,6,0.660020;0.376757;0.347682;0.428549;0.558075;0.345199,17;5;3;18;16;11,0.0,1600,1067
90bbd4f8c98f74e3.jpg,24,0.000000;0.000000;0.000000;0.000000;0.000000;0.000000;0.000000;0.000000;0.000000;0.697046;0.357634;0.000000;0.000000;0.071838;0.123490;0.000000;0.000000;0.000000;0.000000;0.000000;0.000000;0.000000;0.000000;0.000000,0;0;0;0;0;0;0;0;0;3;3;0;0;1;3;0;0;0;0;0;0;0;0;0,0.272463,2000,3000
9128efe34e6e541e.jpg,30,0.000000;0.000000;0.000000;0.000000;0.000000;0.000000;0.000000;0.000000;0.000000;0.000000;0.000000;0.000000;0.000000;0.000000;0.000000;0.000000;0.342162;0.208902;0.000000;0.000000;0.000000;0.000000;0.114097;0.000000;0.000000;0.114477;0.000000;0.064192;0.068607;0.050382,0;0;0;0;0;0;0;0;0;0;0;0;0;0;0;0;1;1;0;0;0;0;1;0;0;1;0;1;2;1,0.201157,2753,2202
914dd6fb5eb17e85.jpg,12,0.519117;0.385220;0.617090;0.305705;0.236881;0.235197;0.284103;0.633989;0.805600;0.213574;0.725021;0.820149,1;5;8;4;3;2;2;5;3;2;3;3,0.559203,1240,1755
9230ae30d9d9702a.jpg,54,0.000000;0.000000;0.000000;0.000000;0.000000;0.000000;0.000000;0.000000;0.000000;0.000000;0.000000;0.000000;0.000000;0.000000;0.000000;0.000000;0.141386;0.205185;0.000000;0.089303;0.000000;0.327752;0.653485;0.606745;0.222261;0.425831;0.364610;0.000000;0.311428;0.377689;0.117986;0.239819;0.344225;0.000000;0.398163;0.254382;0.000000;0.075763;0.000000;0.000000;0.149691;0.000000;0.000000;0.000000;0.000000;0.000000;0.000000;0.000000;0.000000;0.000000;0.000000;0.000000;0.000000;0.000000,0;0;0;0;0;0;0;0;0;0;0;0;0;0;0;0;3;3;0;3;0;7;3;5;6;4;4;0;4;6;4;3;3;0;2;1;0;2;0;0;2;0;0;0;0;0;0;0;0;0;0;0;0;0,0.369235,4288,2848
9288da4a44b13c59.jpg,24,0.000000;0.267813;0.681046;0.423668;0.000000;0.231358;0.439430;0.174165;0.098120;0.057195;0.230501;0.299699;0.142948;0.000000;0.354828;0.735430;0.516741;0.555668;0.066966;0.207144;0.457358;0.546283;0.521229;0.481229,0;6;13;12;0;2;4;2;2;1;2;5;3;0;1;4;7;6;1;1;2;4;7;4,0.772676,3008,2000
92bf588e9d92f605.jpg,9,0.075685;0.694045;0.466913;0.161530;0.371469;0.179783;0.173370;0.445444;0.000000,2;4;7;4;3;1;2;5;0,0.371052,1600,1200
94c33fbd56f8ec2a.jpg,24,0.000000;0.000000;0.000000;0.134103;0.078311;0.000000;0.000000;0.000000;0.000000;0.164223;0.000000;0.000000;0.065687;0.104261;0.314382;0.000000;0.067500;0.000000;0.000000;0.000000;0.000000;0.000000;0.000000;0.000000,0;0;0;1;1;0;0;0;0;2;0;0;1;1;2;0;1;0;0;0;0;0;0;0,0.052332,3184,2120
94c39c4ef5c0249f.jpg,16,0.758059;0.416858;0.126833;0.192061;0.624933;0.652761;0.497394;0.226383;0.706587;0.182685;0.252178;0.255302;0.332528;0.636416;0.419815;0.289958,5;5;2;2;5;6;4;5;6;7;6;5;6;14;13;8,0.083442,2000,2000
94fff6bdd55d9279.jpg,96,0.000000;0.000000;0.000000;0.000000;0.000000;0.000000;0.000000;0.000000;0.000000;0.000000;0.000000;0.000000;0.000000;0.000000;0.000000;0.000000;0.000000;0.000000;0.000000;0.000000;0.000000;0.000000;0.000000;0.000000;0.000000;0.000000;0.000000;0.330449;0.000000;0.000000;0.161494;0.000000;0.000000;0.000000;0.000000;0.000000;0.000000;0.000000;0.000000;0.513138;0.000000;0.000000;0.338486;0.000000;0.000000;0.000000;0.000000;0.000000;0.000000;0.000000;0.000000;0.000000;0.072943;0.000000;0.000000;0.000000;0.000000;0.000000;0.000000;0.000000;0.000000;0.000000;0.000000;0.209785;0.599946;0.052326;0.000000;0.000000;0.000000;0.000000;0.000000;0.000000;0.000000;0.392032;0.000000;0.000000;0.117668;0.222345;0.000000;0.000000;0.000000;0.000000;0.000000;0.000000;0.000000;0.000000;0.000000;0.000000;0.000000;0.000000;0.000000;0.000000;0.000000;0.000000;0.000000;0.000000,0;0;0;0;0;0;0;0;0;0;0;0;0;0;0;0;0;0;0;0;0;0;0;0;0;0;0;3;0;0;4;0;0;0;0;0;0;0;0;4;0;0;10;0;0;0;0;0;0;0;0;0;2;0;0;0;0;0;0;0;0;0;0;3;3;1;0;0;0;0;0;0;0;2;0;0;1;4;0;0;0;0;0;0;0;0;0;0;0;0;0;0;0;0;0;0,0.427792,6000,4000
9586c1b815b072d6.jpg,54,0.000000;0.000000;0.068133;0.000000;0.000000;0.000000;0.000000;0.000000;0.000000;0.000000;0.000000;0.000000;0.000000;0.000000;0.000000;0.000000;0.000000;0.000000;0.000000;0.000000;0.000000;0.000000;0.000000;0.000000;0.000000;0.000000;0.000000;0.000000;0.000000;0.000000;0.000000;0.000000;0.000000;0.000000;0.000000;0.000000;0.000000;0.000000;0.000000;0.000000;0.000000;0.000000;0.000000;0.000000;0.000000;0.000000;0.000000;0.000000;0.000000;0.000000;0.000000;0.000000;0.000000;0.000000,0;0;1;0;0;0;0;0;0;0;0;0;0;0;0;0;0;0;0;0;0;0;0;0;0;0;0;0;0;0;0;0;0;0;0;0;0;0;0;0;0;0;0;0;0;0;0;0;0;0;0;0;0;0,0.836169,4288,2848
975f764ac322546d.jpg,20,0.189866;0.000000;0.000000;0.000000;0.000000;0.386480;0.534400;0.260283;0.000000;0.000000;0.000000;0.000000;0.000000;0.000000;0.000000;0.000000;0.000000;0.000000;0.000000;0.000000,2;0;0;0;0;3;3;3;0;0;0;0;0;0;0;0;0;0;0;0,0.0,1778,2667
978502eef1aa0d13.jpg,54,0.173498;0.125070;0.094174;0.194046;0.000000;0.262291;0.540675;0.000000;0.124545;0.313078;0.490676;0.063373;0.000000;0.000000;0.000000;0.000000;0.000000;0.000000;0.159612;0.000000;0.000000;0.191219;0.134112;0.000000;0.000000;0.000000;0.000000;0.000000;0.000000;0.119059;0.076246;0.086953;0.111934;0.301995;0.397754;0.381728;0.000000;0.000000;0.000000;0.000000;0.329686;0.166181;0.000000;0.095805;0.070826;0.000000;0.000000;0.000000;0.000000;0.000000;0.078933;0.071947;0.000000;0.000000,4;4;4;4;0;2;1;0;1;2;3;1;0;0;0;0;0;0;1;0;0;2;1;0;0;0;0;0;0;1;3;2;2;1;3;6;0;0;0;0;1;2;0;1;1;0;0;0;0;0;2;1;0;0,0.217407,4272,2848
994bbe644df46fa5.jpg,48,0.071377;0.196555;0.377346;0.603448;0.216592;0.057110;0.054455;0.087667;0.000000;0.000000;0.395138;0.099089;0.209426;0.623544;0.000000;0.072274;0.000000;0.000000;0.658074;0.236294;0.458674;0.067040;0.070409;0.000000;0.000000;0.000000;0.169254;0.474464;0.613072;0.096226;0.120165;0.000000;0.102064;0.104796;0.000000;0.503648;0.671403;0.000000;0.000000;0.000000;0.060157;0.334564;0.000000;0.067938;0.000000;0.087015;0.000000;0.058813,2;2;4;1;1;1;1;2;0;0;4;1;5;2;0;1;0;0;2;2;3;1;1;0;0;0;2;5;5;4;1;0;1;1;0;3;3;0;0;0;1;2;0;1;0;1;0;1,0.327745,4000,3000
99851f2f5264a622.jpg,35,0.000000;0.000000;0.000000;0.000000;0.120701;0.000000;0.000000;0.000000;0.000000;0.000000;0.000000;0.000000;0.000000;0.000000;0.000000;0.000000;0.000000;0.000000;0.000000;0.000000;0.000000;0.000000;0.000000;0.110908;0.000000;0.000000;0.000000;0.000000;0.000000;0.000000;0.000000;0.000000;0.000000;0.000000;0.000000,0;0;0;0;1;0;0;0;0;0;0;0;0;0;0;0;0;0;0;0;0;0;0;1;0;0;0;0;0;0;0;0;0;0;0,0.367762,3488,2616
9999f906185a618c.jpg,12,0.611536;0.171671;0.067112;0.675936;0.000000;0.000000;0.000000;0.191470;0.000000;0.850240;0.000000;0.208285,3;2;1;2;0;0;0;2;0;2;0;3,0.781751,2048,1536
9a942b208f38d70c.jpg,70,0.000000;0.000000;0.000000;0.000000;0.000000;0.000000;0.584676;0.000000;0.000000;0.000000;0.000000;0.000000;0.000000;0.000000;0.000000;0.420506;0.215625;0.293396;0.173428;0.000000;0.000000;0.138543;0.000000;0.339666;0.376315;0.554915;0.567074;0.535992;0.707805;0.000000;0.613324;0.199609;0.538576;0.610903;0.710146;0.576148;0.255096;0.418111;0.701153;0.000000;0.000000;0.510689;0.493088;0.466472;0.747843;0.638843;0.493233;0.375984;0.462979;0.000000;0.000000;0.144074;0.239727;0.408108;0.431548;0.413459;0.000000;0.000000;0.000000;0.000000;0.000000;0.000000;0.438398;0.288605;0.282798;0.085615;0.000000;0.000000;0.000000;0.000000,0;0;0;0;0;0;2;0;0;0;0;0;0;0;0;1;6;6;2;0;0;2;0;1;4;3;10;9;4;0;1;2;6;18;11;9;11;7;2;0;0;4;9;8;11;7;4;5;3;0;0;2;7;6;9;2;0;0;0;0;0;0;3;6;5;2;0;0;0;0,0.394956,5184,3456
9b507a180abd1c0a.jpg,9,0.328272;0.133757;0.149537;0.183405;0.135046;0.057580;0.211541;0.105569;0.062705,7;3;4;6;2;1;4;2;1,0.062828,1600,1200
9bb6376f27828ff6.jpg,42,0.000000;0.000000;0.000000;0.000000;0.000000;0.088159;0.000000;0.191730;0.000000;0.000000;0.000000;0.000000;0.000000;0.000000;0.000000;0.671209;0.688364;0.664305;0.726573;0.696690;0.198196;0.063247;0.000000;0.000000;0.000000;0.105939;0.055536;0.000000;0.088664;0.000000;0.108319;0.074514;0.000000;0.072711;0.000000;0.169329;0.000000;0.106354;0.093149;0.056401;0.151952;0.000000,0;0;0;0;0;1;0;1;0;0;0;0;0;0;0;6;4;3;8;3;2;1;0;0;0;1;1;0;2;0;2;1;0;2;0;2;0;1;1;1;3;0,0.706043,3684,2760
9c39c599bf88abd9.jpg,12,0.069825;0.090500;0.054834;0.000000;0.463115;0.324036;0.212438;0.266344;0.572908;0.681630;0.066827;0.212874,2;2;1;0;4;2;3;3;1;1;2;2,0.756731,1536,2048
9c5f95b4db858a9c.jpg,63,0.000000;0.000000;0.000000;0.000000;0.000000;0.000000;0.000000;0.000000;0.000000;0.000000;0.000000;0.000000;0.000000;0.000000;0.000000;0.098579;0.505765;0.667064;0.239070;0.000000;0.000000;0.144788;0.081025;0.390712;0.000000;0.000000;0.143188;0.763873;0.806679;0.000000;0.379481;0.000000;0.308858;0.438832;0.000000;0.000000;0.000000;0.178179;0.095473;0.000000;0.230782;0.134939;0.000000;0.092946;0.000000;0.563085;0.000000;0.000000;0.276043;0.183233;0.290977;0.240835;0.609567;0.696554;0.000000;0.000000;0.000000;0.000000;0.000000;0.000000;0.076680;0.092453;0.094004,0;0;0;0;0;0;0;0;0;0;0;0;0;0;0;1;1;2;2;0;0;1;1;1;0;0;1;1;1;0;1;0;3;3;0;0;0;1;1;0;5;1;0;1;0;2;0;0;1;5;3;4;1;5;0;0;0;0;0;0;1;1;2,0.314441,4557,3418
9ca036b41655e4e4.jpg,12,0.381561;0.393422;0.175266;0.776058;0.175273;0.121318;0.420452;0.592954;0.227153;0.116417;0.156795;0.330167,1;8;1;2;2;1;7;10;2;1;3;4,0.146183,2048,1536
9dc2fe2bbaf242db.jpg,40,0.000000;0.000000;0.000000;0.000000;0.000000;0.000000;0.000000;0.000000;0.000000;0.000000;0.000000;0.000000;0.353959;0.053818;0.000000;0.000000;0.000000;0.062226;0.265804;0.555262;0.490899;0.172713;0.097778;0.249503;0.056260;0.000000;0.000000;0.669909;0.356852;0.368582;0.139056;0.235020;0.143884;0.217766;0.055126;0.000000;0.000000;0.000000;0.000000;0.000000,0;0;0;0;0;0;0;0;0;0;0;0;3;1;0;0;0;1;1;7;9;1;1;2;1;0;0;4;4;1;1;1;5;2;1;0;0;0;0;0,0.278191,3986,2657
9f2c5c2dd52a727b.jpg,54,0.212455;0.538222;0.175776;0.287395;0.193064;0.297600;0.099665;0.361609;0.000000;0.154805;0.278814;0.525656;0.099906;0.156752;0.061942;0.668329;0.346900;0.000000;0.000000;0.069448;0.000000;0.055236;0.065170;0.163832;0.000000;0.125767;0.058919;0.152298;0.066704;0.000000;0.000000;0.375231;0.066959;0.348740;0.326191;0.357156;0.074214;0.450614;0.178132;0.356515;0.201422;0.113625;0.085265;0.570883;0.490397;0.000000;0.254313;0.094247;0.439154;0.233752;0.313684;0.076293;0.619740;0.510014,1;2;3;3;3;1;1;4;0;3;4;2;1;1;1;2;2;0;0;1;0;1;3;1;0;1;1;1;1;0;0;3;1;4;3;4;2;2;3;1;2;2;2;4;2;0;5;1;4;2;4;2;4;5,0.09283,4310,2868
9fccfaa4d3b7554d.jpg,63,0.566970;0.278652;0.393779;0.548779;0.071053;0.234084;0.195863;0.479434;0.064213;0.309993;0.387167;0.065093;0.385816;0.334398;0.237218;0.303690;0.470399;0.000000;0.298009;0.112900;0.182668;0.404730;0.065206;0.670104;0.391123;0.059480;0.000000;0.207482;0.327214;0.257083;0.361088;0.313243;0.321654;0.000000;0.000000;0.000000;0.202241;0.146828;0.185357;0.186203;0.689235;0.000000;0.000000;0.000000;0.000000;0.551982;0.337986;0.571640;0.574714;0.410159;0.000000;0.000000;0.000000;0.000000;0.211563;0.511646;0.647898;0.481101;0.442830;0.000000;0.000000;0.000000;0.000000,4;11;10;2;4;13;5;3;1;9;6;2;11;5;7;11;1;0;2;4;5;7;1;2;5;2;0;2;5;10;7;3;4;0;0;0;6;7;3;4;1;0;0;0;0;6;5;4;4;4;0;0;0;0;8;13;6;2;5;0;0;0;0,0.093211,4384,3288
a064c3e7bc1ea755.jpg,35,0.101834;0.127905;0.056382;0.647012;0.278797;0.000000;0.000000;0.093049;0.125250;0.693266;0.135949;0.395061;0.474730;0.475095;0.228503;0.296075;0.537406;0.546353;0.412672;0.155225;0.288808;0.222665;0.350701;0.161400;0.377462;0.187741;0.135080;0.077565;0.292026;0.422952;0.164207;0.506116;0.073235;0.093461;0.051480,1;2;1;2;4;0;0;4;3;2;6;1;2;3;2;5;9;12;5;4;4;4;4;1;6;1;5;3;6;2;5;6;2;3;1,0.111366,3264,2448
a0802e5dbb147e4c.jpg,70,0.000000;0.000000;0.207359;0.261646;0.260085;0.000000;0.372945;0.000000;0.296069;0.392112;0.000000;0.000000;0.238200;0.000000;0.192329;0.146394;0.606001;0.177720;0.111219;0.088337;0.000000;0.218866;0.563932;0.000000;0.109833;0.272848;0.080963;0.053055;0.109346;0.116055;0.000000;0.000000;0.000000;0.366286;0.056661;0.545105;0.000000;0.000000;0.000000;0.073193;0.000000;0.000000;0.000000;0.000000;0.000000;0.200160;0.000000;0.192186;0.000000;0.000000;0.000000;0.000000;0.000000;0.152313;0.000000;0.000000;0.000000;0.053920;0.000000;0.000000;0.000000;0.000000;0.000000;0.000000;0.000000;0.000000;0.000000;0.000000;0.000000;0.000000,0;0;1;1;1;0;2;0;2;2;0;0;1;0;4;3;3;1;1;1;0;3;4;0;2;1;1;1;2;1;0;0;0;3;1;1;0;0;0;1;0;0;0;0;0;1;0;1;0;0;0;0;0;1;0;0;0;1;0;0;0;0;0;0;0;0;0;0;0;0,0.505771,4928,3264
a122f1e659051695.jpg,24,0.000000;0.350817;0.000000;0.000000;0.000000;0.497109;0.154685;0.093957;0.000000;0.092211;0.087279;0.227940;0.000000;0.051566;0.330055;0.198267;0.000000;0.344659;0.000000;0.000000;0.000000;0.000000;0.000000;0.362174,0;2;0;0;0;2;3;1;0;1;1;4;0;1;3;3;0;4;0;0;0;0;0;2,0.457375,3024,1998
a19f32649e5922bf.jpg,35,0.000000;0.131828;0.000000;0.165361;0.000000;0.000000;0.000000;0.000000;0.131835;0.000000;0.396348;0.391063;0.137834;0.000000;0.000000;0.584417;0.277932;0.000000;0.000000;0.000000;0.000000;0.053188;0.000000;0.054905;0.734413;0.000000;0.105180;0.147862;0.000000;0.000000;0.000000;0.680472;0.000000;0.222644;0.000000,0;1;0;1;0;0;0;0;2;0;1;3;3;0;0;1;1;0;0;0;0;2;0;1;2;0;1;1;0;0;0;1;0;1;0,0.079433,3504,2336
a1fd731a74e31480.jpg,20,0.000000;0.000000;0.000000;0.000000;0.000000;0.196157;0.299031;0.092034;0.164121;0.141248;0.342342;0.302792;0.102103;0.314723;0.221488;0.469121;0.115730;0.615328;0.196897;0.105216,0;0;0;0;0;3;6;2;1;1;9;4;1;4;2;12;6;4;7;3,0.056559,2560,1920
a62a23c4ba16b11d.jpg,9,0.179637;0.485261;0.614409;0.107005;0.412183;0.118637;0.199152;0.384515;0.122755,4;8;4;2;3;6;3;3;1,0.310587,1434,1218
a6cd0e29296069a8.jpg,70,0.000000;0.000000;0.000000;0.000000;0.000000;0.000000;0.000000;0.000000;0.000000;0.000000;0.000000;0.000000;0.000000;0.000000;0.000000;0.000000;0.050411;0.000000;0.000000;0.111489;0.000000;0.000000;0.000000;0.063620;0.119655;0.145397;0.194070;0.061623;0.000000;0.000000;0.000000;0.000000;0.000000;0.205152;0.171400;0.111895;0.177189;0.053168;0.000000;0.000000;0.000000;0.000000;0.000000;0.000000;0.000000;0.244333;0.000000;0.275385;0.000000;0.000000;0.000000;0.550519;0.072376;0.000000;0.000000;0.000000;0.000000;0.103907;0.099631;0.000000;0.050751;0.520789;0.069791;0.000000;0.000000;0.000000;0.000000;0.000000;0.190362;0.107021,0;0;0;0;0;0;0;0;0;0;0;0;0;0;0;0;1;0;0;2;0;0;0;1;2;1;4;1;0;0;0;0;0;1;1;1;4;1;0;0;0;0;0;0;0;1;0;1;0;0;0;2;2;0;0;0;0;3;2;0;1;1;1;0;0;0;0;0;3;1,0.341056,4928,3264
a70d043db72fa64f.jpg,20,0.000000;0.190590;0.426012;0.000000;0.000000;0.000000;0.184978;0.000000;0.068276;0.313044;0.000000;0.168959;0.000000;0.000000;0.000000;0.000000;0.184930;0.000000;0.000000;0.000000,0;3;6;0;0;0;1;0;1;1;0;5;0;0;0;0;4;0;0;0,0.601616,2272,1704
a73d0bbdf59ac4bf.jpg,24,0.000000;0.000000;0.000000;0.000000;0.000000;0.000000;0.000000;0.000000;0.000000;0.000000;0.000000;0.000000;0.000000;0.114195;0.205917;0.000000;0.000000;0.000000;0.000000;0.293822;0.183796;0.000000;0.000000;0.000000,0;0;0;0;0;0;0;0;0;0;0;0;0;2;1;0;0;0;0;3;3;0;0;0,0.063698,2880,2160
a78eda92f1a3c6d5.jpg,63,0.000000;0.099848;0.000000;0.000000;0.000000;0.000000;0.000000;0.000000;0.000000;0.000000;0.000000;0.000000;0.000000;0.000000;0.114469;0.000000;0.235838;0.251926;0.000000;0.000000;0.000000;0.196293;0.000000;0.000000;0.000000;0.000000;0.000000;0.000000;0.000000;0.000000;0.000000;0.000000;0.000000;0.000000;0.000000;0.000000;0.000000;0.000000;0.000000;0.000000;0.000000;0.000000;0.000000;0.000000;0.000000;0.000000;0.000000;0.000000;0.000000;0.000000;0.000000;0.000000;0.000000;0.000000;0.000000;0.126668;0.000000;0.059596;0.103959;0.000000;0.000000;0.063800;0.000000,0;1;0;0;0;0;0;0;0;0;0;0;0;0;1;0;2;4;0;0;0;1;0;0;0;0;0;0;0;0;0;0;0;0;0;0;0;0;0;0;0;0;0;0;0;0;0;0;0;0;0;0;0;0;0;1;0;1;2;0;0;1;0,0.061463,4608,3456
a95a0ee95f54f833.jpg,42,0.623298;0.000000;0.277071;0.619757;0.441775;0.259641;0.000000;0.571525;0.576452;0.451303;0.338067;0.162042;0.657504;0.400709;0.190556;0.455327;0.291832;0.063299;0.164176;0.364400;0.437369;0.083140;0.000000;0.000000;0.000000;0.124837;0.521810;0.094047;0.000000;0.441347;0.062846;0.563593;0.161033;0.372268;0.109142;0.000000;0.438720;0.227047;0.558419;0.236931;0.215076;0.083509,2;0;6;9;2;1;0;2;4;9;4;2;2;2;8;15;7;1;4;3;4;1;0;0;0;1;4;3;0;2;1;1;4;3;2;0;2;3;1;8;2;2,0.217379,3648,2736
a9bfe6b80b90df13.jpg,12,0.323985;0.489244;0.499282;0.243577;0.334766;0.392833;0.708247;0.541714;0.520658;0.376593;0.568433;0.519748,2;8;15;3;3;2;7;6;7;7;7;5,0.363325,1536,2048
aa4ae31060ce13c9.jpg,24,0.125401;0.000000;0.000000;0.000000;0.000000;0.000000;0.273308;0.462781;0.539159;0.056585;0.000000;0.000000;0.406953;0.000000;0.580019;0.295562;0.097927;0.182121;0.372090;0.068509;0.190949;0.394737;0.322621;0.444429,1;0;0;0;0;0;3;1;1;1;0;0;4;0;5;3;3;2;14;1;2;2;1;2,0.410742,3021,1875
aa4dc2550e3517ea.jpg,20,0.000000;0.188120;0.382868;0.000000;0.000000;0.658415;0.260685;0.110258;0.051468;0.359015;0.113147;0.000000;0.161336;0.344584;0.101992;0.054389;0.133649;0.157559;0.051297;0.483828,0;3;4;0;0;1;3;2;1;1;2;0;1;1;3;2;4;1;1;3,0.745856,2592,1944
aa87762e60104aac.jpg,20,0.000000;0.441783;0.000000;0.000000;0.000000;0.146483;0.117807;0.000000;0.162159;0.421533;0.146461;0.274978;0.203755;0.112862;0.171542;0.179720;0.200517;0.418455;0.000000;0.000000,0;6;0;0;0;2;1;0;2;8;9;5;2;2;7;4;3;5;0;0,0.250576,1920,2560
ab753efd8ecb80ea.jpg,35,0.000000;0.000000;0.000000;0.000000;0.000000;0.000000;0.181473;0.092405;0.000000;0.000000;0.000000;0.000000;0.000000;0.000000;0.000000;0.000000;0.081753;0.000000;0.000000;0.000000;0.467012;0.000000;0.000000;0.000000;0.000000;0.000000;0.633145;0.000000;0.000000;0.000000;0.000000;0.651878;0.000000;0.000000;0.000000,0;0;0;0;0;0;1;3;0;0;0;0;0;0;0;0;1;0;0;0;1;0;0;0;0;0;1;0;0;0;0;1;0;0;0,0.154396,2448,3264
af32c71bac21e786.jpg,12,0.232107;0.824767;0.741326;0.565803;0.070728;0.424945;0.000000;0.000000;0.412508;0.487981;0.107188;0.053653,4;2;4;4;1;4;0;0;2;4;1;1,0.806123,1693,1271
b0bd19723aa95311.jpg,6,0.000000;0.146207;0.162791;0.358088;0.174368;0.201151,0;4;4;1;3;6,0.278144,1280,960
b0c44188ef552cae.jpg,4,0.269877;0.289325;0.000000;0.000000,5;8;0;0,0.050065,768,977
b11b3c9ee69592aa.jpg,25,0.000000;0.255154;0.105490;0.196179;0.458167;0.244120;0.236871;0.177016;0.000000;0.191684;0.178344;0.261000;0.372190;0.382165;0.087264;0.520380;0.559132;0.217509;0.605276;0.449962;0.589189;0.590709;0.073036;0.181120;0.383555,0;2;2;3;2;1;4;5;0;2;4;4;3;7;2;2;4;1;4;3;3;5;2;4;4,0.56247,2673,2310
b1c8e982baf404be.jpg,12,0.000000;0.000000;0.074113;0.000000;0.192338;0.559962;0.155165;0.236871;0.409475;0.353518;0.191595;0.111462,0;0;1;0;3;5;3;3;9;9;3;2,0.670524,1970,1497
b2778e590c0b9c75.jpg,54,0.000000;0.000000;0.294838;0.198681;0.000000;0.000000;0.000000;0.000000;0.000000;0.000000;0.000000;0.000000;0.000000;0.428358;0.223977;0.200821;0.000000;0.000000;0.000000;0.000000;0.177449;0.000000;0.000000;0.000000;0.000000;0.069683;0.599762;0.000000;0.000000;0.000000;0.000000;0.347602;0.519890;0.532436;0.000000;0.000000;0.000000;0.305766;0.415404;0.068860;0.000000;0.000000;0.000000;0.353776;0.475032;0.000000;0.000000;0.295826;0.000000;0.302938;0.061394;0.000000;0.000000;0.447191,0;0;3;3;0;0;0;0;0;0;0;0;0;2;1;2;0;0;0;0;2;0;0;0;0;2;2;0;0;0;0;1;2;1;0;0;0;3;2;1;0;0;0;3;2;0;0;6;0;2;1;0;0;3,0.10533,2994,4491
b474642af4ea13e4.jpg,12,0.081534;0.152918;0.000000;0.057692;0.466443;0.259054;0.331254;0.306773;0.192008;0.472420;0.082435;0.051558,2;2;0;1;4;3;4;2;4;6;1;1,0.323861,1806,1414
b53acf7b7e740f23.jpg,24,0.072918;0.181805;0.616836;0.242109;0.292457;0.212846;0.302607;0.337539;0.482404;0.209065;0.230590;0.569526;0.241645;0.000000;0.000000;0.000000;0.000000;0.117208;0.202692;0.000000;0.000000;0.110309;0.000000;0.164301,1;2;1;2;4;4;2;2;3;2;5;2;1;0;0;0;0;1;1;0;0;3;0;1,0.144269,3072,1728
b53f511ebf522fe6.jpg,12,0.757630;0.476505;0.099879;0.068245;0.213480;0.763326;0.614866;0.604642;0.513572;0.748999;0.447395;0.707016,7;7;1;1;7;8;12;8;1;5;6;2,0.209374,1931,1287
b55ff3bd0805c9de.jpg,63,0.144587;0.149723;0.099164;0.082826;0.101073;0.371025;0.241583;0.274661;0.080854;0.000000;0.214050;0.000000;0.278863;0.069878;0.121921;0.000000;0.231019;0.129703;0.207076;0.312737;0.126859;0.447951;0.277068;0.099878;0.419257;0.082567;0.146044;0.132413;0.061143;0.605703;0.113035;0.077221;0.063114;0.141983;0.068318;0.459819;0.582437;0.051881;0.000000;0.449140;0.187298;0.204248;0.355666;0.000000;0.165314;0.000000;0.310655;0.413437;0.452211;0.322909;0.122587;0.194327;0.000000;0.591754;0.340953;0.113540;0.231108;0.176522;0.232799;0.108483;0.150546;0.065569;0.101609,6;1;1;3;1;3;3;4;4;0;4;0;2;1;3;0;2;3;1;4;2;5;2;1;2;1;1;1;1;6;1;2;1;3;3;2;4;1;0;2;2;1;2;0;1;0;4;2;2;2;2;3;0;1;2;2;3;1;4;1;3;1;2,0.058592,3456,4608
b575b3425b3e427a.jpg,6,0.177070;0.614126;0.411144;0.418182;0.419622;0.306502,6;4;8;7;6;6,0.186701,1269,952
b72004ab9b617013.jpg,35,0.000000;0.000000;0.441924;0.080116;0.069570;0.000000;0.283683;0.461950;0.000000;0.000000;0.000000;0.091157;0.623324;0.062824;0.000000;0.052178;0.000000;0.429191;0.000000;0.000000;0.000000;0.052815;0.000000;0.000000;0.000000;0.000000;0.000000;0.108110;0.000000;0.000000;0.000000;0.000000;0.000000;0.000000;0.000000,0;0;2;1;2;0;4;3;0;0;0;2;5;2;0;1;0;2;0;0;0;1;0;0;0;0;0;1;0;0;0;0;0;0;0,0.27272,2448,3264
b74e6caff7b0229a.jpg,20,0.000000;0.191795;0.000000;0.219766;0.319176;0.000000;0.176438;0.600228;0.619598;0.562860;0.113913;0.368199;0.262312;0.171996;0.093412;0.321816;0.138280;0.240101;0.153836;0.108293,0;4;0;1;3;0;3;3;2;3;2;3;3;3;3;1;2;4;1;1,0.604795,2624,1901
b79642161dd4affe.jpg,35,0.197386;0.074317;0.000000;0.054974;0.085177;0.000000;0.000000;0.290173;0.000000;0.057776;0.000000;0.074164;0.166346;0.000000;0.170815;0.311455;0.063866;0.306245;0.172738;0.055092;0.000000;0.000000;0.161623;0.559184;0.467525;0.081224;0.000000;0.000000;0.116210;0.300364;0.261025;0.143591;0.059559;0.089733;0.124354,2;1;0;1;1;0;0;1;0;1;0;2;2;0;5;2;1;5;3;3;0;0;3;2;3;2;0;0;6;6;3;1;1;2;3,0.111684,3264,2448
b7db52af5d784cb3.jpg,24,0.000000;0.000000;0.000000;0.000000;0.000000;0.000000;0.000000;0.125566;0.070268;0.388050;0.509697;0.179316;0.454199;0.316454;0.062605;0.052521;0.525625;0.469907;0.116183;0.069163;0.110099;0.126167;0.000000;0.000000,0;0;0;0;0;0;0;2;1;3;1;1;3;2;1;1;4;2;1;1;1;2;0;0,0.0,3072,2048
b812a19a30152c80.jpg,24,0.000000;0.000000;0.181487;0.000000;0.000000;0.000000;0.000000;0.000000;0.112397;0.000000;0.267023;0.000000;0.000000;0.000000;0.162498;0.190677;0.335668;0.176752;0.000000;0.000000;0.000000;0.000000;0.000000;0.000000,0;0;1;0;0;0;0;0;1;0;2;0;0;0;1;2;2;1;0;0;0;0;0;0,0.0,3072,2048
b81af23d6cdd10c7.jpg,6,0.125149;0.201797;0.367884;0.201564;0.673168;0.138137,5;3;2;7;3;7,0.060668,960,1280
b8d4e2217b07e553.jpg,30,0.280303;0.431522;0.074126;0.000000;0.205213;0.000000;0.552520;0.000000;0.681327;0.068292;0.181746;0.220268;0.573098;0.587980;0.000000;0.076840;0.071012;0.057680;0.131512;0.210748;0.050846;0.000000;0.000000;0.000000;0.000000;0.233305;0.000000;0.000000;0.000000;0.056681,2;1;1;0;3;0;5;0;6;2;1;1;1;1;0;2;1;1;2;1;1;0;0;0;0;1;0;0;0;1,0.581524,3000,2400
b980d69375872d57.jpg,63,0.262608;0.342891;0.140811;0.000000;0.000000;0.000000;0.000000;0.000000;0.000000;0.000000;0.518011;0.187746;0.401507;0.301443;0.469498;0.229870;0.471716;0.489377;0.064378;0.147623;0.059994;0.538078;0.142114;0.326562;0.122980;0.220474;0.427408;0.052983;0.298480;0.639055;0.192544;0.355771;0.541343;0.000000;0.000000;0.254040;0.000000;0.404308;0.171999;0.069850;0.543105;0.000000;0.000000;0.000000;0.000000;0.293607;0.065738;0.197057;0.152419;0.404471;0.131522;0.283717;0.102592;0.000000;0.473315;0.106744;0.173793;0.187738;0.304968;0.000000;0.494706;0.327333;0.096979,5;2;1;0;0;0;0;0;0;0;4;2;3;3;2;3;3;2;1;1;1;2;1;3;1;3;3;1;2;6;2;7;4;0;0;5;0;7;3;1;2;0;0;0;0;4;2;6;4;4;2;1;3;0;3;2;6;3;1;0;2;3;1,0.271368,4608,3456
ba8e846647143726.jpg,12,0.581131;0.326871;0.621172;0.692371;0.407527;0.206605;0.144767;0.647428;0.222736;0.301845;0.672397;0.566275,3;7;5;6;8;6;2;9;5;8;8;6,0.059985,2048,1536
bb1112f2adc16490.jpg,60,0.053841;0.280154;0.508894;0.252470;0.332343;0.292094;0.342180;0.401915;0.491802;0.497739;0.287216;0.000000;0.317095;0.196191;0.247071;0.000000;0.228001;0.167046;0.170178;0.204015;0.637571;0.100427;0.117281;0.298324;0.458423;0.686417;0.359764;0.292028;0.102120;0.137624;0.175842;0.143800;0.557709;0.130358;0.102617;0.431085;0.092443;0.426867;0.142650;0.102990;0.171831;0.150032;0.000000;0.265763;0.393582;0.495703;0.065889;0.000000;0.571047;0.628649;0.293343;0.298011;0.114652;0.256472;0.703470;0.355262;0.531693;0.337070;0.556701;0.237135,1;2;1;1;1;4;5;7;3;1;4;0;1;4;7;0;4;2;2;1;1;2;2;9;6;7;5;5;3;8;3;2;3;3;3;3;2;2;3;3;2;1;0;2;7;4;3;0;16;15;13;14;3;7;10;8;8;11;13;9,0.0,4748,3055
bcaa418e92a955e4.jpg,54,0.000000;0.000000;0.000000;0.130118;0.366503;0.066899;0.000000;0.000000;0.000000;0.086576;0.359257;0.218034;0.253656;0.136704;0.221244;0.059278;0.344482;0.329151;0.294392;0.251732;0.207924;0.434309;0.057034;0.206676;0.337531;0.336273;0.133317;0.166453;0.482171;0.350990;0.315292;0.307895;0.127270;0.594910;0.000000;0.000000;0.157221;0.319175;0.303966;0.464247;0.472403;0.327340;0.501237;0.156551;0.191079;0.183597;0.420828;0.340660;0.310307;0.751536;0.258431;0.218264;0.174733;0.190312,0;0;0;3;3;1;0;0;0;2;2;3;2;2;3;1;2;2;4;1;3;5;2;3;3;2;2;7;3;4;5;3;4;4;0;0;3;3;10;3;6;4;1;6;5;3;1;8;4;3;2;1;4;3,0.34332,4256,2832
c001dcbe47cd2276.jpg,15,0.123729;0.729756;0.242122;0.154872;0.093648;0.478012;0.145558;0.354291;0.659341;0.132807;0.360529;0.375070;0.138783;0.121015;0.000000,2;3;4;3;2;5;3;2;5;2;5;3;1;2;0,0.17887,2460,1546
c0786088c95b401b.jpg,6,0.349971;0.098925;0.065587;0.298464;0.000000;0.050480,3;2;1;2;0;1,0.293836,1200,800
c07ce53cfb2eb416.jpg,30,0.000000;0.000000;0.000000;0.000000;0.000000;0.000000;0.000000;0.609014;0.000000;0.000000;0.000000;0.051002;0.000000;0.000000;0.000000;0.000000;0.000000;0.000000;0.000000;0.000000;0.000000;0.510598;0.184784;0.000000;0.000000;0.000000;0.637558;0.076815;0.000000;0.000000,0;0;0;0;0;0;0;2;0;0;0;1;0;0;0;0;0;0;0;0;0;1;1;0;0;0;2;1;0;0,0.0,2197,2874
c13f08be7972aac9.jpg,15,0.461143;0.576054;0.307623;0.483300;0.358555;0.333555;0.000000;0.125248;0.721329;0.124638;0.210280;0.000000;0.154281;0.725372;0.159334,2;4;2;8;8;3;0;2;5;2;4;0;3;4;1,0.417632,2592,1456
c14d3c41fc33b1c0.jpg,20,0.058493;0.189228;0.120481;0.092635;0.000000;0.000000;0.059382;0.611417;0.327552;0.346831;0.000000;0.000000;0.136022;0.143415;0.130482;0.000000;0.000000;0.000000;0.000000;0.076426,1;5;2;1;0;0;1;1;3;3;0;0;2;1;2;0;0;0;0;2,0.39138,2288,1712
c1ea62ed11e7acd8.jpg,54,0.200738;0.000000;0.241802;0.000000;0.000000;0.120790;0.086536;0.726461;0.728060;0.334939;0.057916;0.000000;0.060031;0.126615;0.056121;0.000000;0.070462;0.232591;0.000000;0.149275;0.000000;0.071919;0.293954;0.069202;0.091127;0.133292;0.000000;0.207765;0.121794;0.176525;0.285272;0.000000;0.349694;0.078098;0.525229;0.528842;0.158596;0.606697;0.137101;0.000000;0.356586;0.145244;0.159775;0.207423;0.260660;0.000000;0.204527;0.283307;0.432669;0.263707;0.213425;0.240635;0.077304;0.000000,1;0;3;0;0;3;4;3;3;3;1;0;1;2;1;0;2;2;0;1;0;1;3;1;3;2;0;1;2;2;1;0;2;2;1;3;1;1;1;0;3;5;2;3;4;0;1;1;2;4;4;1;1;0,0.0,4288,2848
c277d3a6148af8d1.jpg,12,0.437824;0.124156;0.000000;0.222336;0.000000;0.238983;0.536698;0.261793;0.000000;0.078387;0.056008;0.190089,2;1;0;1;0;2;1;3;0;1;1;2,0.578019,2048,1371
c30dc402d70ab135.jpg,12,0.187200;0.086855;0.149716;0.266354;0.000000;0.590600;0.000000;0.000000;0.000000;0.138434;0.093951;0.000000,2;1;4;4;0;3;0;0;0;2;2;0,0.0,1707,1210
c3d65ef2bfd92320.jpg,12,0.055259;0.206627;0.000000;0.646356;0.497280;0.351929;0.352452;0.121665;0.092543;0.126453;0.192157;0.151081,1;2;0;1;3;3;2;3;2;3;3;1,0.076903,2048,1536
c48653c360df7077.jpg,70,0.000000;0.000000;0.000000;0.000000;0.000000;0.000000;0.000000;0.000000;0.088061;0.000000;0.000000;0.000000;0.000000;0.000000;0.000000;0.000000;0.000000;0.000000;0.000000;0.000000;0.000000;0.000000;0.000000;0.000000;0.000000;0.000000;0.383819;0.098044;0.074868;0.000000;0.000000;0.000000;0.000000;0.000000;0.281728;0.164242;0.689967;0.096827;0.000000;0.000000;0.069749;0.000000;0.397647;0.124496;0.140853;0.531081;0.523313;0.615790;0.668195;0.000000;0.000000;0.000000;0.000000;0.000000;0.207859;0.204435;0.000000;0.070602;0.727215;0.000000;0.000000;0.000000;0.000000;0.000000;0.000000;0.115278;0.000000;0.000000;0.593756;0.000000,0;0;0;0;0;0;0;0;1;0;0;0;0;0;0;0;0;0;0;0;0;0;0;0;0;0;1;2;1;0;0;0;0;0;1;4;11;3;0;0;1;0;2;2;1;2;5;2;2;0;0;0;0;0;2;1;0;1;2;0;0;0;0;0;0;1;0;0;2;0,0.230803,5184,3456
c62bf051fce64e4d.jpg,6,0.689103;0.205223;0.161870;0.657207;0.127912;0.327118,1;5;5;2;3;5,0.201024,1200,799
c691ff3c750236fb.jpg,44,0.000000;0.000000;0.000000;0.000000;0.549115;0.320656;0.000000;0.000000;0.000000;0.000000;0.000000;0.127344;0.301357;0.000000;0.381324;0.134448;0.624999;0.672753;0.236141;0.288845;0.414016;0.131174;0.000000;0.080764;0.303457;0.211982;0.081712;0.188045;0.122707;0.000000;0.145001;0.404468;0.240626;0.296405;0.294356;0.304621;0.290654;0.339997;0.317835;0.202450;0.055848;0.479674;0.000000;0.236031,0;0;0;0;3;4;0;0;0;0;0;2;1;0;5;1;2;3;2;4;3;1;0;1;6;3;1;2;8;0;3;4;4;6;2;8;6;7;4;6;1;2;0;1,0.061016,5599,2036
c6c69f5252905776.jpg,70,0.000000;0.000000;0.239615;0.000000;0.000000;0.000000;0.000000;0.522208;0.073772;0.000000;0.000000;0.000000;0.000000;0.000000;0.000000;0.000000;0.000000;0.000000;0.643483;0.000000;0.000000;0.000000;0.000000;0.000000;0.053654;0.596063;0.000000;0.000000;0.000000;0.000000;0.000000;0.000000;0.000000;0.000000;0.616286;0.687080;0.127710;0.000000;0.000000;0.000000;0.000000;0.000000;0.000000;0.000000;0.245376;0.173355;0.000000;0.000000;0.000000;0.000000;0.000000;0.000000;0.000000;0.000000;0.000000;0.000000;0.000000;0.000000;0.000000;0.000000;0.000000;0.000000;0.092393;0.000000;0.000000;0.000000;0.000000;0.000000;0.000000;0.000000,0;0;1;0;0;0;0;1;1;0;0;0;0;0;0;0;0;0;1;0;0;0;0;0;1;1;0;0;0;0;0;0;0;0;3;7;2;0;0;0;0;0;0;0;2;3;0;0;0;0;0;0;0;0;0;0;0;0;0;0;0;0;1;0;0;0;0;0;0;0,0.0,5184,3456
c7e2d2f61fdd69fd.jpg,20,0.218126;0.073345;0.134701;0.223162;0.293863;0.657570;0.229412;0.135819;0.334294;0.260698;0.400310;0.326024;0.604549;0.285877;0.141148;0.103511;0.492301;0.159116;0.611124;0.538112,2;1;5;3;6;8;4;1;4;7;4;7;9;9;3;3;7;4;6;9,0.235323,1944,2592
c8106b525cfedc83.jpg,6,0.000000;0.000000;0.420507;0.000000;0.000000;0.509719,0;0;1;0;0;2,0.203713,1600,1067
c8b3c1ff186d64ce.jpg,70,0.000000;0.053686;0.000000;0.565261;0.110091;0.000000;0.000000;0.000000;0.000000;0.000000;0.431652;0.115706;0.713977;0.538394;0.243097;0.270236;0.131007;0.437295;0.000000;0.000000;0.511830;0.625657;0.297269;0.319892;0.000000;0.420098;0.195398;0.317757;0.165706;0.000000;0.175656;0.000000;0.313735;0.327658;0.414443;0.472233;0.186693;0.381534;0.121556;0.000000;0.264853;0.649805;0.493759;0.574983;0.376583;0.196180;0.308936;0.093156;0.000000;0.000000;0.562179;0.069374;0.487658;0.231668;0.207083;0.111187;0.204306;0.189841;0.000000;0.000000;0.572179;0.572836;0.161092;0.316266;0.294468;0.270342;0.080657;0.142421;0.119630;0.000000,0;1;0;1;1;0;0;0;0;0;4;2;3;2;4;2;2;1;0;0;3;3;3;5;0;6;7;3;2;0;3;0;5;2;2;8;12;12;1;0;5;5;3;6;1;6;3;2;0;0;3;2;2;3;3;2;3;3;0;0;2;1;1;3;4;4;1;3;1;0,0.136257,5184,3456
c8f0cc0e5b776816.jpg,6,0.535116;0.106792;0.308223;0.123996;0.103282;0.080891,3;2;2;6;2;2,0.084706,1280,854
c9ecf7b1e970a65a.jpg,77,0.000000;0.057018;0.000000;0.084097;0.363879;0.126406;0.000000;0.000000;0.368563;0.355524;0.277773;0.201104;0.060396;0.000000;0.272692;0.058237;0.000000;0.000000;0.000000;0.069540;0.195069;0.075240;0.000000;0.346895;0.416209;0.196654;0.249797;0.292030;0.099942;0.320085;0.000000;0.884850;0.644442;0.055307;0.134559;0.161153;0.620980;0.075021;0.270077;0.000000;0.145536;0.310983;0.793712;0.000000;0.000000;0.057548;0.000000;0.247316;0.840342;0.000000;0.050344;0.000000;0.000000;0.316709;0.226164;0.170218;0.118144;0.458504;0.170432;0.063218;0.000000;0.000000;0.000000;0.000000;0.077233;0.184142;0.059081;0.220754;0.158383;0.747499;0.000000;0.000000;0.000000;0.000000;0.000000;0.000000;0.216205,0;1;0;1;2;3;0;0;2;3;1;1;1;0;3;1;0;0;0;1;2;1;0;3;2;2;1;1;5;1;0;2;2;1;2;2;1;2;2;0;2;1;2;0;0;1;0;1;2;0;1;0;0;1;2;2;1;2;2;2;0;0;0;0;1;1;1;1;2;1;0;0;0;0;0;0;2,0.400343,5472,3648
caeeaefae405402a.jpg,42,0.000000;0.000000;0.000000;0.000000;0.000000;0.000000;0.000000;0.000000;0.000000;0.000000;0.388680;0.417767;0.516717;0.000000;0.000000;0.000000;0.389187;0.237548;0.084241;0.073051;0.000000;0.000000;0.000000;0.081268;0.135189;0.528717;0.000000;0.000000;0.000000;0.681662;0.000000;0.000000;0.000000;0.000000;0.000000;0.000000;0.690599;0.000000;0.000000;0.000000;0.000000;0.000000,0;0;0;0;0;0;0;0;0;0;2;4;2;0;0;0;4;2;2;1;0;0;0;1;2;4;0;0;0;2;0;0;0;0;0;0;2;0;0;0;0;0,0.060312,3648,2736
cb0b3d15d2c737b4.jpg,54,0.000000;0.000000;0.000000;0.000000;0.000000;0.000000;0.000000;0.000000;0.000000;0.000000;0.097301;0.347794;0.215024;0.000000;0.000000;0.000000;0.000000;0.000000;0.000000;0.414483;0.070376;0.291267;0.000000;0.000000;0.000000;0.468181;0.485358;0.000000;0.152777;0.137196;0.098467;0.000000;0.000000;0.000000;0.000000;0.000000;0.000000;0.000000;0.191395;0.302169;0.723427;0.401782;0.266732;0.063912;0.000000;0.062281;0.000000;0.099544;0.320855;0.714322;0.380634;0.367925;0.084809;0.313742,0;0;0;0;0;0;0;0;0;0;1;1;3;0;0;0;0;0;0;2;1;2;0;0;0;3;3;0;1;4;1;0;0;0;0;0;0;0;1;2;3;3;2;1;0;1;0;1;1;4;4;1;2;1,0.11048,4272,2848
cb8f7b0da2ef0f1b.jpg,42,0.769278;0.488277;0.552237;0.626295;0.613143;0.591183;0.550116;0.816958;0.509725;0.459404;0.473822;0.459035;0.122487;0.700450;0.302640;0.382898;0.206651;0.281407;0.237852;0.153665;0.798908;0.709004;0.352215;0.185641;0.226193;0.144792;0.564238;0.726135;0.267408;0.660767;0.000000;0.450623;0.388122;0.575413;0.360955;0.201562;0.238568;0.107099;0.478959;0.068952;0.164337;0.153779,1;3;2;6;5;5;4;1;8;8;11;2;3;2;3;5;2;5;10;4;1;1;5;6;3;6;7;3;1;1;0;3;5;3;1;1;3;3;4;1;3;1,0.140445,3648,2736
cbdbf9883eb51e7c.jpg,24,0.000000;0.226779;0.119539;0.084653;0.000000;0.000000;0.000000;0.209392;0.101337;0.079364;0.000000;0.146470;0.000000;0.208133;0.124036;0.102782;0.244436;0.062084;0.000000;0.000000;0.054813;0.127723;0.176706;0.000000,0;7;2;4;0;0;0;6;5;2;0;3;0;2;3;5;1;2;0;0;1;1;2;0,0.160131,3008,2000
cc413a5d89c5d8e6.jpg,12,0.449418;0.314011;0.480580;0.059372;0.292332;0.000000;0.074399;0.277542;0.518073;0.335315;0.200661;0.301998,14;12;11;1;1;0;3;4;2;5;7;6,0.059809,1536,2048
cc48b0317ccde1c4.jpg,8,0.000000;0.000000;0.000000;0.000000;0.000000;0.211168;0.000000;0.000000,0;0;0;0;0;2;0;0,0.244222,1688,1125
ccc3f0bc6500081c.jpg,30,0.000000;0.249447;0.167492;0.515157;0.426689;0.054825;0.259013;0.132755;0.154329;0.085372;0.178733;0.116314;0.497672;0.401557;0.457913;0.076661;0.000000;0.075389;0.150262;0.000000;0.057532;0.203646;0.298109;0.094855;0.222081;0.000000;0.000000;0.199886;0.215458;0.000000,0;1;4;6;1;1;2;3;5;2;3;3;2;6;6;1;0;1;1;0;1;5;3;1;3;0;0;2;2;0,0.849201,3056,2292
cd0f2b7ac455df74.jpg,42,0.000000;0.385094;0.361894;0.708705;0.547044;0.488025;0.092568;0.145475;0.445338;0.266956;0.329130;0.336842;0.155949;0.095056;0.341736;0.242883;0.274245;0.253796;0.098892;0.224824;0.516964;0.422227;0.000000;0.185208;0.116501;0.103191;0.167780;0.348305;0.184381;0.193840;0.000000;0.224265;0.445755;0.165218;0.503150;0.544800;0.214870;0.151798;0.180682;0.482407;0.679371;0.689555,0;5;5;4;2;1;2;5;4;3;4;3;1;2;3;2;7;7;3;7;6;5;0;3;2;3;2;1;1;1;0;3;4;3;5;6;1;2;4;6;3;4,0.09309,2736,3648
cdfa78c7fdf7a316.jpg,70,0.000000;0.000000;0.000000;0.000000;0.000000;0.000000;0.000000;0.000000;0.000000;0.000000;0.063830;0.000000;0.000000;0.000000;0.000000;0.000000;0.000000;0.000000;0.000000;0.105991;0.000000;0.062135;0.000000;0.000000;0.000000;0.000000;0.000000;0.000000;0.000000;0.000000;0.000000;0.000000;0.559363;0.234236;0.000000;0.000000;0.000000;0.367378;0.666320;0.000000;0.000000;0.000000;0.000000;0.000000;0.000000;0.000000;0.000000;0.696695;0.215329;0.103576;0.000000;0.000000;0.000000;0.000000;0.000000;0.000000;0.000000;0.000000;0.000000;0.101902;0.000000;0.000000;0.000000;0.000000;0.000000;0.000000;0.000000;0.000000;0.000000;0.000000,0;0;0;0;0;0;0;0;0;0;1;0;0;0;0;0;0;0;0;1;0;1;0;0;0;0;0;0;0;0;0;0;2;2;0;0;0;4;1;0;0;0;0;0;0;0;0;3;1;2;0;0;0;0;0;0;0;0;0;1;0;0;0;0;0;0;0;0;0;0,0.816005,5184,3456
cf634947ddcfcda3.jpg,6,0.363691;0.343255;0.050240;0.342751;0.234827;0.588412,3;4;1;9;3;2,0.149908,1280,960
d10f3cdbf37ff710.jpg,40,0.203672;0.217134;0.062479;0.000000;0.087638;0.251688;0.296621;0.000000;0.104298;0.000000;0.000000;0.143722;0.452389;0.140610;0.175568;0.176750;0.081478;0.000000;0.067395;0.179715;0.409282;0.231788;0.480995;0.352786;0.073165;0.000000;0.000000;0.051544;0.073219;0.154095;0.219618;0.208389;0.259191;0.079871;0.000000;0.255249;0.080221;0.000000;0.110918;0.333173,5;2;1;0;1;2;1;0;1;0;0;2;3;3;4;3;2;0;2;3;2;3;3;5;2;0;0;1;2;2;2;2;5;1;0;3;1;0;4;3,0.06434,4000,2656
d17462047f8a6dd0.jpg,48,0.319051;0.000000;0.206765;0.411011;0.457379;0.133413;0.052224;0.541489;0.200761;0.485934;0.000000;0.150454;0.000000;0.000000;0.000000;0.105011;0.232850;0.252684;0.072392;0.378398;0.401485;0.111499;0.533167;0.687425;0.234336;0.052668;0.711790;0.336834;0.212965;0.673265;0.223856;0.150616;0.128397;0.163841;0.546127;0.284491;0.258251;0.572501;0.559791;0.365177;0.000000;0.325334;0.437654;0.327405;0.244595;0.227772;0.445059;0.567169,2;0;2;3;3;5;1;5;5;1;0;4;0;0;0;1;1;2;1;12;2;3;1;1;1;1;1;3;3;5;2;5;1;5;3;1;4;3;8;9;0;4;6;5;4;2;5;5,0.091521,4000,3000
d251c693b79873ca.jpg,6,0.060151;0.266469;0.129180;0.205553;0.557862;0.290471,1;2;6;5;4;7,0.168852,1456,971
d3f67af82117c85c.jpg,24,0.144006;0.330167;0.193169;0.558814;0.337828;0.770899;0.110435;0.178363;0.099634;0.000000;0.157823;0.297971;0.424230;0.193615;0.073741;0.594729;0.000000;0.000000;0.000000;0.124587;0.325024;0.600679;0.000000;0.000000,4;4;4;4;5;1;3;1;1;0;5;6;5;6;1;6;0;0;0;2;1;4;0;0,0.343866,3000,2001
d46a832a549cecab.jpg,45,0.000000;0.000000;0.000000;0.000000;0.000000;0.165787;0.000000;0.000000;0.000000;0.000000;0.000000;0.000000;0.000000;0.000000;0.000000;0.000000;0.000000;0.000000;0.000000;0.074352;0.000000;0.000000;0.061745;0.000000;0.000000;0.000000;0.150862;0.000000;0.374183;0.055948;0.000000;0.000000;0.000000;0.000000;0.000000;0.000000;0.233113;0.000000;0.000000;0.000000;0.121292;0.000000;0.000000;0.000000;0.000000,0;0;0;0;0;1;0;0;0;0;0;0;0;0;0;0;0;0;0;1;0;0;1;0;0;0;4;0;2;1;0;0;0;0;0;0;1;0;0;0;5;0;0;0;0,0.278356,4608,2592
d4a2692e2a3e7bc8.jpg,12,0.314969;0.132835;0.270857;0.336679;0.559098;0.441220;0.188158;0.178325;0.428804;0.434645;0.121409;0.304107,3;6;1;5;6;6;1;2;6;2;1;4,0.138896,2105,1542
d4b64bf87ca0d34a.jpg,12,0.175570;0.321108;0.227807;0.421996;0.409832;0.482476;0.253786;0.415390;0.506041;0.681830;0.658003;0.652693,3;3;2;2;3;5;1;1;8;5;4;4,0.398259,2048,1536
d5cce8fd99bf1044.jpg,12,0.000000;0.000000;0.114111;0.000000;0.000000;0.072690;0.453429;0.000000;0.000000;0.608907;0.780685;0.103565,0;0;2;0;0;1;1;0;0;5;1;3,0.812434,2048,1366
d5f07dd1d66ff661.jpg,20,0.095007;0.268656;0.547078;0.392366;0.635803;0.228950;0.404410;0.190612;0.626325;0.171027;0.299283;0.285181;0.288371;0.245813;0.096883;0.402990;0.230600;0.370216;0.243793;0.056217,5;8;2;7;4;4;2;10;3;7;1;4;6;1;4;4;3;8;1;1,0.159533,2592,1944
d61c9511b55db11b.jpg,70,0.000000;0.000000;0.082115;0.105203;0.000000;0.000000;0.068271;0.489614;0.000000;0.000000;0.000000;0.000000;0.000000;0.000000;0.000000;0.000000;0.232115;0.000000;0.000000;0.000000;0.057904;0.000000;0.295879;0.000000;0.000000;0.000000;0.000000;0.128034;0.000000;0.000000;0.000000;0.000000;0.000000;0.078709;0.000000;0.000000;0.000000;0.000000;0.085748;0.000000;0.000000;0.000000;0.000000;0.000000;0.000000;0.000000;0.000000;0.000000;0.000000;0.000000;0.000000;0.000000;0.000000;0.000000;0.000000;0.000000;0.000000;0.000000;0.000000;0.085510;0.000000;0.000000;0.000000;0.000000;0.000000;0.000000;0.000000;0.000000;0.000000;0.000000,0;0;1;1;0;0;1;2;0;0;0;0;0;0;0;0;2;0;0;0;1;0;2;0;0;0;0;2;0;0;0;0;0;1;0;0;0;0;1;0;0;0;0;0;0;0;0;0;0;0;0;0;0;0;0;0;0;0;0;1;0;0;0;0;0;0;0;0;0;0,0.085201,3456,5184
d65c77fcaac8e71d.jpg,6,0.157507;0.152233;0.214733;0.231566;0.459191;0.579514,3;6;4;3;4;3,0.218916,873,1377
d8459023c8a472ce.jpg,21,0.449015;0.183868;0.141400;0.000000;0.362341;0.758192;0.000000;0.551533;0.659062;0.353625;0.000000;0.616092;0.737535;0.723411;0.546727;0.641782;0.507973;0.000000;0.201936;0.110353;0.229477,4;7;1;0;1;1;0;2;3;3;0;5;8;9;2;4;4;0;4;2;1,0.450047,3386,1637
d9c0e604ced1966f.jpg,48,0.000000;0.000000;0.000000;0.000000;0.000000;0.000000;0.000000;0.000000;0.000000;0.000000;0.401824;0.487324;0.414963;0.069202;0.380135;0.454321;0.318067;0.065058;0.109458;0.000000;0.000000;0.000000;0.341930;0.087024;0.000000;0.071269;0.000000;0.000000;0.000000;0.000000;0.085220;0.287078;0.000000;0.000000;0.000000;0.000000;0.000000;0.642086;0.000000;0.000000;0.000000;0.000000;0.000000;0.000000;0.000000;0.670280;0.000000;0.000000,0;0;0;0;0;0;0;0;0;0;2;2;2;1;3;2;1;1;2;0;0;0;2;3;0;1;0;0;0;0;2;3;0;0;0;0;0;2;0;0;0;0;0;0;0;2;0;0,0.347816,4000,3000
dbccdad432960952.jpg,42,0.400947;0.000000;0.000000;0.087100;0.000000;0.000000;0.000000;0.133399;0.000000;0.064084;0.192958;0.000000;0.000000;0.000000;0.271995;0.000000;0.080085;0.319016;0.000000;0.000000;0.000000;0.389414;0.162264;0.054478;0.128571;0.455910;0.126247;0.000000;0.402095;0.250850;0.000000;0.131068;0.000000;0.071480;0.520876;0.437195;0.077447;0.000000;0.189421;0.000000;0.085074;0.243081,6;0;0;1;0;0;0;4;0;1;2;0;0;0;1;0;1;1;0;0;0;1;2;2;3;1;2;0;3;3;0;2;0;3;1;1;2;0;2;0;1;1,0.093761,3648,2736
dcee590925f95879.jpg,20,0.576981;0.409272;0.000000;0.000000;0.000000;0.474897;0.101491;0.238383;0.271201;0.000000;0.000000;0.570104;0.000000;0.468020;0.000000;0.000000;0.653599;0.437799;0.053157;0.000000,2;3;0;0;0;1;1;2;1;0;0;2;0;2;0;0;2;2;1;0,0.452118,2560,1920
dd09f41bc887f3fa.jpg,42,0.625642;0.281224;0.180430;0.464636;0.238908;0.000000;0.233804;0.211701;0.468063;0.462126;0.574765;0.131469;0.107486;0.716379;0.226483;0.284002;0.104263;0.068636;0.060164;0.052979;0.606439;0.511617;0.196462;0.525866;0.579141;0.227997;0.109095;0.140770;0.000000;0.532295;0.055890;0.669270;0.000000;0.271856;0.526259;0.000000;0.482263;0.116861;0.625558;0.053793;0.179484;0.513119,1;5;5;5;1;0;2;4;7;1;3;2;1;2;1;2;1;1;2;1;4;3;2;2;1;4;1;3;0;2;1;4;0;1;1;0;2;2;3;1;1;4,0.083212,3648,2736
dd1a8cbb528f4505.jpg,35,0.071418;0.231223;0.504908;0.000000;0.000000;0.000000;0.000000;0.746667;0.000000;0.162499;0.357209;0.000000;0.000000;0.000000;0.000000;0.000000;0.132370;0.000000;0.000000;0.000000;0.000000;0.000000;0.000000;0.000000;0.071812;0.470105;0.000000;0.000000;0.059148;0.000000;0.000000;0.052700;0.000000;0.000000;0.000000,1;1;4;0;0;0;0;1;0;3;2;0;0;0;0;0;1;0;0;0;0;0;0;0;1;1;0;0;1;0;0;1;0;0;0,0.482373,3264,2448
dda3043fa860d635.jpg,24,0.000000;0.000000;0.000000;0.000000;0.000000;0.000000;0.000000;0.079024;0.071056;0.000000;0.123918;0.000000;0.146317;0.387371;0.129534;0.202698;0.213576;0.186169;0.000000;0.000000;0.123529;0.169464;0.130866;0.053582,0;0;0;0;0;0;0;1;1;0;1;0;3;2;4;3;3;2;0;0;1;1;1;1,0.201963,2856,2142
ddcbd4d2a0f13b1b.jpg,24,0.000000;0.000000;0.000000;0.000000;0.664623;0.759082;0.063534;0.000000;0.630795;0.000000;0.000000;0.069123;0.198237;0.137686;0.000000;0.294078;0.000000;0.000000;0.000000;0.098837;0.000000;0.080392;0.549929;0.085462,0;0;0;0;1;1;1;0;2;0;0;2;7;2;0;4;0;0;0;3;0;1;4;2,0.066828,2848,2134
ddd56ec6489b89e3.jpg,40,0.184225;0.257277;0.152828;0.553138;0.468005;0.555152;0.298739;0.329849;0.167259;0.134529;0.078588;0.458066;0.148564;0.102411;0.585558;0.000000;0.564972;0.126597;0.222642;0.167850;0.165541;0.330389;0.074243;0.191163;0.060522;0.133306;0.571494;0.213207;0.219391;0.511659;0.447883;0.330597;0.055904;0.000000;0.536726;0.139313;0.052569;0.285109;0.301488;0.114963,5;9;5;7;8;5;3;5;6;3;1;1;2;1;2;0;2;2;1;3;1;3;1;2;1;3;4;2;4;2;5;2;1;0;8;5;1;3;2;3,0.520251,3888,2592
de46db5be91cee4c.jpg,24,0.000000;0.000000;0.000000;0.000000;0.056350;0.095871;0.000000;0.000000;0.534768;0.185471;0.000000;0.000000;0.000000;0.498239;0.588017;0.000000;0.000000;0.000000;0.000000;0.450070;0.000000;0.110203;0.000000;0.000000,0;0;0;0;1;2;0;0;3;2;0;0;0;4;7;0;0;0;0;2;0;2;0;0,0.630814,3000,2000
de7987161ef6bacb.jpg,4,0.494020;0.484920;0.181657;0.000000,2;1;1;0,0.527098,800,1035
de96ed3b0297a212.jpg,6,0.076366;0.132954;0.135500;0.000000;0.500484;0.519906,1;2;1;0;4;4,0.45946,1280,960
defd8f4b30b3e1e1.jpg,6,0.125960;0.107684;0.174248;0.433813;0.181046;0.148983,2;2;3;3;1;2,0.0,1280,960
e23811211571bf14.jpg,72,0.000000;0.448580;0.116854;0.723686;0.613782;0.076270;0.107899;0.156442;0.234948;0.000000;0.000000;0.243497;0.098423;0.595879;0.347238;0.359364;0.331681;0.295450;0.051241;0.000000;0.000000;0.174601;0.000000;0.086520;0.000000;0.277047;0.063037;0.075418;0.246289;0.505232;0.771601;0.000000;0.525248;0.070128;0.000000;0.000000;0.000000;0.051173;0.284065;0.352181;0.000000;0.000000;0.000000;0.616724;0.675763;0.000000;0.000000;0.000000;0.000000;0.000000;0.000000;0.000000;0.000000;0.000000;0.000000;0.000000;0.000000;0.000000;0.000000;0.000000;0.000000;0.000000;0.000000;0.000000;0.000000;0.000000;0.000000;0.076449;0.000000;0.000000;0.000000;0.000000,0;6;5;3;6;3;3;3;3;0;0;4;1;2;7;2;3;4;1;0;0;2;0;1;0;1;1;2;1;1;1;0;1;1;0;0;0;1;2;3;0;0;0;2;1;0;0;0;0;0;0;0;0;0;0;0;0;0;0;0;0;0;0;0;0;0;0;1;0;0;0;0,0.095498,4447,3749
e23c0361ed8134d4.jpg,54,0.624228;0.219553;0.000000;0.348714;0.234361;0.264354;0.000000;0.068445;0.056369;0.093335;0.135358;0.413787;0.000000;0.000000;0.062676;0.083329;0.054110;0.000000;0.000000;0.000000;0.000000;0.147438;0.000000;0.000000;0.746980;0.580437;0.489705;0.556793;0.812713;0.799361;0.000000;0.000000;0.000000;0.000000;0.000000;0.000000;0.000000;0.000000;0.000000;0.000000;0.362002;0.360561;0.000000;0.447877;0.000000;0.124226;0.000000;0.000000;0.000000;0.000000;0.000000;0.126370;0.000000;0.000000,3;2;0;2;2;1;0;1;1;4;4;2;0;0;1;2;1;0;0;0;0;1;0;0;4;2;2;2;3;2;0;0;0;0;0;0;0;0;0;0;2;2;0;2;0;3;0;0;0;0;0;4;0;0,0.872304,2848,4288
e2daf7ef50cac4ed.jpg,35,0.000000;0.000000;0.354376;0.277853;0.000000;0.000000;0.000000;0.386493;0.000000;0.000000;0.149165;0.000000;0.000000;0.000000;0.356522;0.150769;0.089203;0.751209;0.362669;0.152820;0.000000;0.233283;0.503813;0.475669;0.263921;0.000000;0.000000;0.000000;0.360361;0.505562;0.501083;0.238039;0.102481;0.333541;0.132578,0;0;2;1;0;0;0;4;0;0;1;0;0;0;2;1;1;7;6;5;0;11;26;22;8;0;0;0;21;23;21;14;4;7;5,0.08372,3264,2448
e3c7a5f08d7455d1.jpg,40,0.000000;0.000000;0.000000;0.000000;0.000000;0.000000;0.000000;0.000000;0.000000;0.000000;0.000000;0.000000;0.000000;0.000000;0.000000;0.000000;0.000000;0.000000;0.196838;0.131249;0.000000;0.000000;0.000000;0.000000;0.000000;0.000000;0.000000;0.000000;0.000000;0.000000;0.000000;0.000000;0.000000;0.000000;0.000000;0.000000;0.000000;0.000000;0.000000;0.000000,0;0;0;0;0;0;0;0;0;0;0;0;0;0;0;0;0;0;2;1;0;0;0;0;0;0;0;0;0;0;0;0;0;0;0;0;0;0;0;0,0.166323,4014,2676
e3d17dc86076d459.jpg,9,0.091167;0.090349;0.055950;0.000000;0.069525;0.000000;0.000000;0.000000;0.144469,1;1;1;0;1;0;0;0;1,0.196146,1632,1224
e3d3fe45e5ea70bf.jpg,9,0.167007;0.632397;0.373819;0.189948;0.128593;0.172126;0.245715;0.000000;0.143717,6;1;3;3;3;2;3;0;1,0.20284,1600,1200
e4229629ec9de00d.jpg,42,0.172324;0.000000;0.000000;0.459246;0.000000;0.000000;0.000000;0.129614;0.000000;0.300318;0.652714;0.565350;0.117443;0.151787;0.071368;0.106391;0.259272;0.390505;0.504975;0.929057;0.679183;0.000000;0.640360;0.000000;0.051099;0.171522;0.186056;0.000000;0.000000;0.104986;0.078064;0.601665;0.122172;0.116077;0.062491;0.000000;0.177177;0.000000;0.423187;0.105051;0.175257;0.133812,2;0;0;2;0;0;0;3;0;1;3;3;2;4;2;2;1;3;2;1;2;0;1;0;1;3;5;0;0;1;1;5;3;5;1;0;1;0;3;2;4;1,0.187282,3648,2736
e4b0c13b5e349670.jpg,96,0.063740;0.122347;0.075135;0.497756;0.127080;0.056162;0.000000;0.183751;0.062096;0.147011;0.152943;0.230428;0.134139;0.649480;0.210377;0.093091;0.000000;0.577273;0.552182;0.141572;0.438999;0.067738;0.214390;0.160078;0.146878;0.537385;0.275257;0.067265;0.000000;0.263651;0.000000;0.203809;0.650551;0.458123;0.188590;0.211589;0.072206;0.000000;0.226708;0.119154;0.234094;0.438417;0.123635;0.064609;0.250225;0.000000;0.127121;0.063338;0.000000;0.772564;0.625797;0.072496;0.475076;0.158177;0.600404;0.420795;0.000000;0.272415;0.000000;0.000000;0.188576;0.752926;0.745607;0.233146;0.192172;0.326852;0.129549;0.000000;0.287382;0.148126;0.000000;0.000000;0.000000;0.425059;0.428401;0.000000;0.116584;0.654408;0.059802;0.149830;0.000000;0.162003;0.293188;0.000000;0.000000;0.000000;0.367408;0.000000;0.000000;0.672139;0.107514;0.092889;0.246254;0.087696;0.000000;0.000000,1;3;2;2;3;1;0;1;1;1;2;2;4;3;6;1;0;5;3;3;1;1;3;1;3;4;6;1;0;2;0;2;2;5;4;3;2;0;3;2;3;3;1;2;1;0;4;1;0;2;5;1;3;2;3;2;0;2;0;0;4;3;1;1;4;4;1;0;3;1;0;0;0;2;5;0;1;2;1;2;0;1;1;0;0;0;4;0;0;3;1;1;1;1;0;0,0.585417,6016,4016
e4cb43222c9bee50.jpg,40,0.000000;0.000000;0.077779;0.000000;0.125962;0.140976;0.000000;0.000000;0.000000;0.000000;0.000000;0.402197;0.000000;0.000000;0.000000;0.126644;0.000000;0.158074;0.590983;0.000000;0.000000;0.500786;0.191545;0.477841;0.147825;0.151628;0.273411;0.000000;0.264505;0.172852;0.452986;0.331217;0.443143;0.000000;0.475438;0.000000;0.233784;0.410761;0.232713;0.185575,0;0;1;0;1;3;0;0;0;0;0;2;0;0;0;3;0;6;1;0;0;3;1;2;1;1;4;0;2;6;4;3;2;0;4;0;2;4;1;1,0.229129,3888,2592
e56ffcd58130258a.jpg,35,0.000000;0.000000;0.000000;0.000000;0.000000;0.362599;0.000000;0.000000;0.110118;0.220948;0.642230;0.000000;0.000000;0.052531;0.000000;0.000000;0.000000;0.000000;0.000000;0.000000;0.000000;0.000000;0.000000;0.000000;0.000000;0.000000;0.000000;0.000000;0.000000;0.000000;0.000000;0.000000;0.000000;0.000000;0.000000,0;0;0;0;0;1;0;0;6;2;2;0;0;1;0;0;0;0;0;0;0;0;0;0;0;0;0;0;0;0;0;0;0;0;0,0.606801,3456,2304
e5c5e4e7999cc2ba.jpg,30,0.754309;0.278443;0.214088;0.115113;0.521406;0.000000;0.000000;0.581762;0.671234;0.342890;0.000000;0.140251;0.109975;0.607711;0.552535;0.530819;0.333251;0.519630;0.096446;0.423695;0.641181;0.266223;0.386295;0.078881;0.432995;0.693409;0.639698;0.051349;0.717423;0.202688,3;9;1;1;2;0;0;2;1;7;0;3;1;5;4;1;3;2;1;2;3;3;3;1;2;3;3;1;2;2,0.463776,3072,2304
e680092f32248024.jpg,20,0.162997;0.000000;0.000000;0.000000;0.000000;0.000000;0.142557;0.115340;0.000000;0.000000;0.364301;0.000000;0.262280;0.000000;0.000000;0.185640;0.118610;0.098945;0.000000;0.000000,2;0;0;0;0;0;4;2;0;0;1;0;2;0;0;1;3;1;0;0,0.0,2592,1944
e7d31d4d5be667ff.jpg,6,0.237554;0.427423;0.390639;0.178547;0.136120;0.274033,3;4;3;2;1;2,0.688887,1280,960
e8286561e708febc.jpg,16,0.000000;0.000000;0.000000;0.000000;0.000000;0.000000;0.000000;0.000000;0.000000;0.000000;0.000000;0.088083;0.000000;0.051527;0.134804;0.389968,0;0;0;0;0;0;0;0;0;0;0;2;0;1;1;1,0.104415,1740,1740
e84bb645083601b0.jpg,20,0.341230;0.000000;0.000000;0.180680;0.182613;0.093833;0.278582;0.000000;0.530382;0.116987;0.000000;0.000000;0.000000;0.000000;0.000000;0.000000;0.000000;0.000000;0.000000;0.000000,3;0;0;1;3;1;2;0;4;2;0;0;0;0;0;0;0;0;0;0,0.072671,2592,1944
e916dd0b766b2f40.jpg,35,0.000000;0.438573;0.000000;0.000000;0.089072;0.233151;0.212281;0.000000;0.000000;0.316793;0.382429;0.000000;0.662986;0.649844;0.000000;0.389724;0.000000;0.277937;0.271225;0.000000;0.000000;0.000000;0.000000;0.000000;0.056503;0.000000;0.347295;0.360714;0.000000;0.000000;0.000000;0.076755;0.000000;0.203303;0.201592,0;2;0;0;3;2;1;0;0;2;7;0;1;1;0;3;0;1;2;0;0;0;0;0;1;0;3;2;0;0;0;1;0;2;2,0.070708,3264,2448
ea251710c0889f79.jpg,12,0.000000;0.000000;0.000000;0.000000;0.079470;0.254718;0.065047;0.000000;0.253074;0.086756;0.074090;0.052554,0;0;0;0;2;3;1;0;2;1;1;1,0.110145,2048,1365
ea972c85fcd1c2fe.jpg,35,0.000000;0.000000;0.000000;0.000000;0.000000;0.000000;0.000000;0.000000;0.000000;0.000000;0.436584;0.000000;0.408768;0.451206;0.071755;0.144886;0.000000;0.000000;0.051191;0.000000;0.087722;0.198978;0.474469;0.000000;0.000000;0.000000;0.000000;0.000000;0.000000;0.338085;0.000000;0.000000;0.000000;0.000000;0.000000,0;0;0;0;0;0;0;0;0;0;2;0;3;1;1;5;0;0;1;0;1;2;1;0;0;0;0;0;0;1;0;0;0;0;0,0.584936,3504,2336
eaa9828fea069047.jpg,20,0.000000;0.081181;0.311771;0.000000;0.000000;0.254727;0.599552;0.061277;0.000000;0.288721;0.000000;0.367385;0.150728;0.211500;0.000000;0.000000;0.000000;0.000000;0.000000;0.000000,0;1;1;0;0;2;2;1;0;1;0;3;2;5;0;0;0;0;0;0,0.060756,1944,2592
eada86bb7ee98792.jpg,54,0.000000;0.000000;0.000000;0.000000;0.000000;0.168189;0.131413;0.092062;0.057391;0.087458;0.000000;0.000000;0.118970;0.000000;0.000000;0.245667;0.000000;0.000000;0.693077;0.296932;0.000000;0.130190;0.576860;0.569577;0.489676;0.706769;0.103024;0.082312;0.202233;0.294677;0.284566;0.223836;0.094334;0.000000;0.000000;0.477123;0.405500;0.077346;0.000000;0.115076;0.521163;0.448005;0.129720;0.084146;0.000000;0.000000;0.000000;0.000000;0.123780;0.733078;0.802861;0.000000;0.165791;0.000000,0;0;0;0;0;2;4;1;2;1;0;0;1;0;0;3;0;0;7;6;0;2;3;3;1;2;1;3;6;3;2;10;3;0;0;3;1;1;0;2;3;2;1;1;0;0;0;0;6;1;1;0;1;0,0.325304,4468,2984
eb460b1d36fc1b88.jpg,63,0.475818;0.077685;0.260353;0.179620;0.323511;0.111234;0.299256;0.000000;0.000000;0.000000;0.409631;0.764375;0.793117;0.730982;0.488787;0.118865;0.000000;0.000000;0.381928;0.279572;0.214000;0.169011;0.000000;0.127659;0.062948;0.124186;0.080682;0.000000;0.000000;0.000000;0.000000;0.000000;0.000000;0.090647;0.000000;0.000000;0.000000;0.000000;0.000000;0.000000;0.000000;0.000000;0.000000;0.000000;0.000000;0.000000;0.735187;0.000000;0.000000;0.087388;0.061523;0.000000;0.000000;0.000000;0.000000;0.728581;0.000000;0.130454;0.075730;0.079893;0.000000;0.000000;0.000000,2;2;6;8;4;4;2;0;0;0;1;4;6;8;3;1;0;0;1;3;2;1;0;2;1;1;1;0;0;0;0;0;0;1;0;0;0;0;0;0;0;0;0;0;0;0;2;0;0;1;1;0;0;0;0;2;0;1;1;1;0;0;0,0.578536,4416,3312
ec56339b8da581b4.jpg,25,0.000000;0.000000;0.000000;0.000000;0.000000;0.000000;0.000000;0.000000;0.000000;0.000000;0.000000;0.322607;0.088655;0.054554;0.000000;0.000000;0.000000;0.000000;0.108453;0.000000;0.000000;0.000000;0.000000;0.640385;0.000000,0;0;0;0;0;0;0;0;0;0;0;1;1;1;0;0;0;0;2;0;0;0;0;1;0,0.0,2400,2400
ec62b9d5a241a740.jpg,9,0.000000;0.000000;0.139421;0.226366;0.104973;0.000000;0.244600;0.116705;0.000000,0;0;1;2;6;0;2;6;0,0.0,1600,1200
ec953f5cefc2fea4.jpg,12,0.000000;0.207077;0.057374;0.000000;0.000000;0.590530;0.793620;0.461631;0.000000;0.140993;0.483420;0.469326,0;2;1;0;0;1;3;2;0;1;3;2,0.818461,2048,1536
ecb3d2718fa34c3c.jpg,12,0.059021;0.554838;0.000000;0.000000;0.602475;0.566600;0.421832;0.000000;0.352219;0.054208;0.372120;0.000000,1;3;0;0;2;4;9;0;1;1;10;0,0.194222,1971,1312
ece5b73978857bd3.jpg,12,0.000000;0.052940;0.103544;0.144103;0.114107;0.000000;0.082432;0.184121;0.293180;0.000000;0.055626;0.236993,0;1;2;2;3;0;2;2;3;0;1;1,0.144298,1920,1200
ed9cedcac5b76c7c.jpg,70,0.000000;0.000000;0.000000;0.000000;0.000000;0.000000;0.000000;0.000000;0.000000;0.000000;0.000000;0.000000;0.000000;0.000000;0.086115;0.000000;0.000000;0.000000;0.000000;0.000000;0.000000;0.000000;0.000000;0.000000;0.077179;0.181655;0.000000;0.000000;0.000000;0.000000;0.000000;0.074073;0.061698;0.142280;0.000000;0.000000;0.000000;0.000000;0.322758;0.000000;0.000000;0.000000;0.066400;0.576245;0.530000;0.000000;0.000000;0.000000;0.000000;0.000000;0.074472;0.372977;0.319720;0.232549;0.577818;0.066135;0.074453;0.000000;0.269007;0.100840;0.000000;0.459259;0.359063;0.300981;0.000000;0.000000;0.099737;0.000000;0.257586;0.168074,0;0;0;0;0;0;0;0;0;0;0;0;0;0;1;0;0;0;0;0;0;0;0;0;1;1;0;0;0;0;0;1;1;1;0;0;0;0;1;0;0;0;1;4;4;0;0;0;0;0;1;1;6;4;1;1;1;0;2;1;0;3;6;3;0;0;3;0;2;1,0.243873,5184,3456
ee709b051d098c0c.jpg,40,0.058242;0.000000;0.095786;0.000000;0.000000;0.000000;0.000000;0.000000;0.109641;0.409860;0.566950;0.149787;0.205350;0.000000;0.000000;0.000000;0.000000;0.150335;0.161619;0.185039;0.298265;0.264187;0.000000;0.062785;0.000000;0.089338;0.228104;0.000000;0.620986;0.331875;0.316270;0.278940;0.143098;0.518362;0.257872;0.574971;0.644864;0.476929;0.499296;0.433306,1;0;1;0;0;0;0;0;1;1;1;1;2;0;0;0;0;2;3;5;11;4;0;1;0;1;2;0;5;2;1;4;4;2;3;5;9;3;5;3,0.33191,3888,2592
ef06b701061b0838.jpg,50,0.278905;0.000000;0.000000;0.154779;0.000000;0.089700;0.000000;0.000000;0.000000;0.070526;0.000000;0.000000;0.064161;0.000000;0.000000;0.000000;0.000000;0.115108;0.211960;0.386128;0.000000;0.000000;0.000000;0.067617;0.000000;0.186783;0.357482;0.199821;0.000000;0.000000;0.115384;0.189675;0.000000;0.000000;0.000000;0.000000;0.000000;0.000000;0.000000;0.000000;0.000000;0.220065;0.000000;0.000000;0.000000;0.000000;0.466327;0.171196;0.000000;0.115505,2;0;0;2;0;1;0;0;0;1;0;0;1;0;0;0;0;1;6;2;0;0;0;1;0;1;2;1;0;0;4;3;0;0;0;0;0;0;0;0;0;3;0;0;0;0;5;1;0;2,0.097281,2688,4992
ef67ec5701686689.jpg,88,0.501002;0.000000;0.000000;0.000000;0.000000;0.000000;0.000000;0.000000;0.000000;0.000000;0.000000;0.000000;0.000000;0.000000;0.086204;0.000000;0.000000;0.000000;0.000000;0.000000;0.000000;0.203004;0.181954;0.000000;0.000000;0.367602;0.073907;0.000000;0.000000;0.708179;0.307399;0.339406;0.000000;0.000000;0.057281;0.000000;0.116410;0.185301;0.178040;0.290685;0.000000;0.162123;0.514245;0.000000;0.000000;0.000000;0.224460;0.218740;0.000000;0.451611;0.552284;0.000000;0.000000;0.000000;0.000000;0.000000;0.259475;0.311270;0.000000;0.454578;0.056879;0.428750;0.000000;0.000000;0.076366;0.091542;0.061441;0.079736;0.000000;0.000000;0.000000;0.000000;0.146265;0.000000;0.000000;0.000000;0.000000;0.126873;0.000000;0.000000;0.000000;0.000000;0.000000;0.000000;0.000000;0.062139;0.103411;0.056895,1;0;0;0;0;0;0;0;0;0;0;0;0;0;1;0;0;0;0;0;0;5;3;0;0;1;1;0;0;1;4;2;0;0;1;0;1;2;3;5;0;2;5;0;0;0;2;2;0;3;3;0;0;0;0;0;3;2;0;4;1;4;0;0;1;4;1;1;0;0;0;0;3;0;0;0;0;3;0;0;0;0;0;0;0;1;4;1,0.61076,3840,5760
ef7790d304d3718b.jpg,24,0.218358;0.166305;0.125737;0.454079;0.292381;0.261649;0.195910;0.070533;0.347620;0.741742;0.151101;0.184979;0.502625;0.091045;0.111429;0.263949;0.659208;0.645100;0.061184;0.000000;0.153507;0.680912;0.480871;0.444681,4;6;3;4;2;1;3;1;4;9;3;2;3;1;3;3;4;4;1;0;3;4;6;1,0.255633,2816,1880
f19e3614e84f8e36.jpg,6,0.513298;0.081516;0.380320;0.312941;0.158028;0.152510,3;2;2;2;2;2,0.140278,1280,960
f1a1586b5df74328.jpg,12,0.069031;0.171016;0.062533;0.278729;0.347936;0.544675;0.000000;0.000000;0.104135;0.582533;0.000000;0.058732,3;2;1;1;1;4;0;0;1;6;0;1,0.066908,1741,1161
f20dbcd07c475ed4.jpg,36,0.053436;0.140183;0.000000;0.000000;0.058735;0.113264;0.302529;0.000000;0.000000;0.000000;0.000000;0.000000;0.000000;0.000000;0.000000;0.000000;0.000000;0.323263;0.000000;0.000000;0.000000;0.000000;0.000000;0.134802;0.110642;0.000000;0.095698;0.000000;0.000000;0.000000;0.187040;0.056530;0.000000;0.151447;0.000000;0.129379,1;1;0;0;2;1;2;0;0;0;0;0;0;0;0;0;0;2;0;0;0;0;0;1;1;0;1;0;0;0;3;1;0;2;0;2,0.281566,3180,3120
f2806924f149be68.jpg,42,0.000000;0.000000;0.065570;0.000000;0.000000;0.000000;0.000000;0.000000;0.000000;0.567151;0.508602;0.000000;0.000000;0.000000;0.000000;0.456486;0.537992;0.666159;0.605410;0.000000;0.000000;0.000000;0.146419;0.707005;0.566997;0.544370;0.000000;0.000000;0.000000;0.240939;0.201936;0.000000;0.000000;0.000000;0.145644;0.000000;0.276198;0.236639;0.000000;0.000000;0.000000;0.054178,0;0;1;0;0;0;0;0;0;8;6;0;0;0;0;5;11;12;6;0;0;0;2;4;7;3;0;0;0;2;1;0;0;0;2;0;2;2;0;0;0;1,0.458607,3648,2736
f2c6af55e93f77a6.jpg,24,0.000000;0.000000;0.000000;0.000000;0.000000;0.000000;0.000000;0.071472;0.090106;0.608991;0.000000;0.000000;0.618086;0.497440;0.483840;0.072891;0.056349;0.055205;0.000000;0.178825;0.423793;0.000000;0.000000;0.000000,0;0;0;0;0;0;0;1;1;2;0;0;4;5;4;2;1;1;0;1;4;0;0;0,0.062612,2816,2112
f42f158d14589318.jpg,24,0.611101;0.241272;0.445604;0.097304;0.529316;0.347523;0.308381;0.122749;0.673689;0.199256;0.123369;0.238269;0.441927;0.269470;0.309159;0.509453;0.000000;0.432733;0.000000;0.059801;0.578885;0.000000;0.094521;0.000000,1;1;6;1;2;2;3;1;2;3;1;7;4;4;1;3;0;1;0;1;6;0;2;0,0.188734,2816,2120
f48296c2ac5df770.jpg,12,0.143729;0.555222;0.086673;0.000000;0.327237;0.274524;0.000000;0.101036;0.137956;0.209996;0.085419;0.000000,3;1;2;0;3;8;0;2;2;7;1;0,0.080756,2048,1536
f677ccf0fa5859de.jpg,20,0.144583;0.000000;0.088016;0.050921;0.000000;0.000000;0.167124;0.069068;0.090495;0.000000;0.380428;0.429982;0.075997;0.231772;0.000000;0.000000;0.075135;0.067062;0.235806;0.000000,2;0;1;1;0;0;2;1;1;0;6;4;2;2;0;0;1;1;7;0,0.158751,1944,2592
f6e6936ebe991d27.jpg,6,0.000000;0.000000;0.000000;0.000000;0.000000;0.000000,0;0;0;0;0;0,0.0,1299,828
f70c970567d702a9.jpg,96,0.000000;0.063099;0.164624;0.000000;0.000000;0.000000;0.000000;0.000000;0.000000;0.165997;0.535399;0.091020;0.000000;0.000000;0.000000;0.000000;0.816225;0.425801;0.445747;0.000000;0.057632;0.301673;0.221554;0.056463;0.000000;0.000000;0.000000;0.082108;0.343126;0.393785;0.257085;0.552495;0.619487;0.053413;0.000000;0.000000;0.129666;0.468122;0.107352;0.058584;0.412635;0.149360;0.269164;0.149079;0.143895;0.000000;0.720648;0.467663;0.530132;0.093402;0.051622;0.324917;0.359928;0.168825;0.296331;0.151156;0.268088;0.331954;0.500984;0.434882;0.389277;0.115928;0.000000;0.301126;0.095567;0.180589;0.224996;0.454342;0.235124;0.362403;0.000000;0.176868;0.525042;0.342527;0.000000;0.069282;0.000000;0.382984;0.241938;0.469005;0.170373;0.060901;0.608075;0.386248;0.058913;0.437363;0.061750;0.114076;0.071588;0.109696;0.459931;0.214745;0.204466;0.140726;0.191731;0.000000,0;1;2;0;0;0;0;0;0;2;1;1;0;0;0;0;2;1;2;0;2;1;1;1;0;0;0;1;6;3;1;2;1;2;0;0;3;1;1;1;2;2;2;3;2;0;2;2;1;2;1;7;4;10;2;3;2;4;1;2;2;1;0;1;1;4;2;5;1;2;0;1;2;1;0;2;0;1;4;2;4;1;2;2;1;1;1;2;1;2;3;1;3;2;3;0,0.392257,6000,4000
f73d507168d1746c.jpg,12,0.000000;0.000000;0.061342;0.452956;0.351732;0.295750;0.140527;0.000000;0.213312;0.656009;0.141648;0.307123,0;0;1;3;4;3;2;0;2;4;2;3,0.26834,2048,1536
f778f3e4393c00fd.jpg,6,0.000000;0.000000;0.000000;0.077487;0.000000;0.000000,0;0;0;1;0;0,0.509978,1500,1001
f7b54a06f209d37a.jpg,60,0.000000;0.000000;0.000000;0.000000;0.000000;0.000000;0.000000;0.000000;0.000000;0.000000;0.000000;0.000000;0.000000;0.000000;0.000000;0.000000;0.000000;0.000000;0.000000;0.000000;0.000000;0.000000;0.000000;0.000000;0.000000;0.000000;0.000000;0.000000;0.000000;0.000000;0.000000;0.000000;0.000000;0.000000;0.000000;0.000000;0.000000;0.000000;0.000000;0.000000;0.404994;0.000000;0.477430;0.000000;0.000000;0.000000;0.000000;0.000000;0.000000;0.000000;0.560850;0.000000;0.000000;0.000000;0.000000;0.000000;0.000000;0.000000;0.000000;0.000000,0;0;0;0;0;0;0;0;0;0;0;0;0;0;0;0;0;0;0;0;0;0;0;0;0;0;0;0;0;0;0;0;0;0;0;0;0;0;0;0;1;0;1;0;0;0;0;0;0;0;1;0;0;0;0;0;0;0;0;0,0.132885,4752,3168
f7f8f53e9c3069c4.jpg,6,0.230618;0.000000;0.190858;0.111169;0.000000;0.056588,2;0;1;1;0;1,0.545622,1600,1064
f8032e0720cc4e8c.jpg,20,0.000000;0.171941;0.084815;0.255346;0.102163;0.130011;0.113526;0.150275;0.135774;0.000000;0.059311;0.000000;0.127084;0.326561;0.397762;0.000000;0.000000;0.073052;0.267215;0.275471,0;2;2;3;2;4;1;1;1;0;1;0;1;3;4;0;0;1;2;3,0.059877,2500,1667
f90ead55fbc3327d.jpg,12,0.429332;0.575019;0.674913;0.217846;0.621776;0.594427;0.254177;0.539207;0.594370;0.311447;0.592414;0.552465,2;4;5;3;3;4;4;7;5;3;6;3,0.251771,1212,1720
fa20b1d3613f6403.jpg,84,0.000000;0.000000;0.000000;0.000000;0.000000;0.000000;0.000000;0.000000;0.000000;0.000000;0.000000;0.000000;0.000000;0.000000;0.000000;0.000000;0.000000;0.000000;0.000000;0.000000;0.000000;0.000000;0.000000;0.000000;0.000000;0.000000;0.000000;0.000000;0.000000;0.000000;0.000000;0.000000;0.000000;0.000000;0.000000;0.000000;0.000000;0.000000;0.000000;0.000000;0.000000;0.000000;0.000000;0.000000;0.000000;0.000000;0.000000;0.000000;0.000000;0.000000;0.152493;0.000000;0.667095;0.000000;0.000000;0.000000;0.000000;0.087617;0.714023;0.671416;0.000000;0.000000;0.000000;0.000000;0.000000;0.000000;0.000000;0.000000;0.000000;0.000000;0.553672;0.399528;0.000000;0.000000;0.000000;0.000000;0.000000;0.000000;0.000000;0.000000;0.000000;0.000000;0.000000;0.000000,0;0;0;0;0;0;0;0;0;0;0;0;0;0;0;0;0;0;0;0;0;0;0;0;0;0;0;0;0;0;0;0;0;0;0;0;0;0;0;0;0;0;0;0;0;0;0;0;0;0;2;0;1;0;0;0;0;2;1;1;0;0;0;0;0;0;0;0;0;0;1;1;0;0;0;0;0;0;0;0;0;0;0;0,0.313495,5814,3439
fa291bbfa252ba54.jpg,4,0.442839;0.161173;0.068911;0.211045,1;2;2;1,0.304472,1024,768
faa0ba7a9caa5894.jpg,9,0.219036;0.475566;0.575458;0.229784;0.274664;0.774979;0.165601;0.404962;0.746296,2;6;3;1;3;2;2;3;2,0.848299,1600,1200
fac9925f567b9d29.jpg,30,0.000000;0.000000;0.000000;0.151175;0.000000;0.000000;0.000000;0.000000;0.083742;0.086940;0.219271;0.000000;0.525539;0.389568;0.613921;0.634571;0.633306;0.674451;0.000000;0.336789;0.496112;0.000000;0.000000;0.000000;0.174108;0.320121;0.464509;0.000000;0.000000;0.000000,0;0;0;1;0;0;0;0;2;2;3;0;2;6;11;7;7;2;0;1;2;0;0;0;1;1;2;0;0;0,0.106408,3174,2409
fad127f9fa3316ba.jpg,4,0.492880;0.317276;0.485149;0.631532,5;4;5;5,0.108717,768,1024
fafa86508e73b472.jpg,28,0.133644;0.149894;0.000000;0.053695;0.195101;0.107269;0.113723;0.000000;0.473227;0.000000;0.000000;0.161261;0.000000;0.000000;0.113533;0.550805;0.207396;0.000000;0.242188;0.080655;0.059885;0.084628;0.000000;0.000000;0.150283;0.573637;0.668644;0.363200,1;2;0;1;5;2;4;0;2;0;0;2;0;0;5;1;1;0;3;1;1;1;0;0;1;7;1;3,0.108308,3279,2140
fb44fbe7b68a3f5b.jpg,9,0.387911;0.202635;0.580508;0.930314;0.125432;0.937428;0.945685;0.000000;0.931090,15;7;1;1;1;4;1;0;4,0.892296,1600,1200
fbaba818fcd88bed.jpg,15,0.000000;0.000000;0.377400;0.373792;0.682264;0.759543;0.235047;0.726521;0.635670;0.082924;0.162528;0.266316;0.382876;0.368662;0.196185,0;0;2;4;1;1;11;11;9;3;7;9;9;7;7,0.260308,2592,1456
fc0a1a2b56d129f1.jpg,77,0.000000;0.190812;0.464440;0.576354;0.000000;0.222382;0.068944;0.149883;0.000000;0.000000;0.000000;0.391259;0.000000;0.000000;0.000000;0.000000;0.000000;0.000000;0.128636;0.429321;0.000000;0.000000;0.000000;0.000000;0.000000;0.000000;0.000000;0.000000;0.000000;0.160416;0.591563;0.148974;0.000000;0.582257;0.392274;0.000000;0.155826;0.000000;0.000000;0.388930;0.458125;0.089379;0.110700;0.063950;0.465000;0.259353;0.000000;0.661481;0.232501;0.000000;0.000000;0.074986;0.223231;0.000000;0.000000;0.413626;0.735110;0.571439;0.000000;0.306448;0.066043;0.000000;0.000000;0.000000;0.000000;0.000000;0.117553;0.605779;0.313261;0.068707;0.067998;0.000000;0.063816;0.459455;0.000000;0.000000;0.000000,0;1;2;1;0;1;1;1;0;0;0;1;0;0;0;0;0;0;3;1;0;0;0;0;0;0;0;0;0;3;1;2;0;3;1;0;3;0;0;2;2;1;1;2;4;2;0;6;8;0;0;3;3;0;0;5;1;4;0;3;1;0;0;0;0;0;1;2;4;1;1;0;1;1;0;0;0,0.217804,5472,3648
fca4e8252f9725ae.jpg,12,0.186981;0.000000;0.000000;0.528136;0.000000;0.000000;0.000000;0.000000;0.000000;0.092445;0.447960;0.439677,1;0;0;3;0;0;0;0;0;1;4;4,0.164368,1339,2000
fd3ba4d83a82aecc.jpg,24,0.138891;0.000000;0.000000;0.000000;0.000000;0.000000;0.000000;0.575232;0.000000;0.566103;0.513784;0.000000;0.000000;0.485516;0.305103;0.000000;0.000000;0.000000;0.000000;0.000000;0.000000;0.000000;0.352840;0.430802,2;0;0;0;0;0;0;5;0;2;2;0;0;3;2;0;0;0;0;0;0;0;2;2,0.064003,3008,2000
fd46859349e38489.jpg,54,0.481693;0.181291;0.572538;0.409462;0.000000;0.129667;0.158139;0.242839;0.000000;0.000000;0.000000;0.000000;0.534905;0.000000;0.296195;0.000000;0.635247;0.435660;0.000000;0.000000;0.000000;0.000000;0.062154;0.339337;0.000000;0.358646;0.591264;0.000000;0.000000;0.204061;0.695462;0.609967;0.467664;0.397497;0.448781;0.620827;0.000000;0.000000;0.000000;0.000000;0.000000;0.060857;0.088251;0.305933;0.542913;0.000000;0.000000;0.000000;0.000000;0.000000;0.000000;0.000000;0.284743;0.083949,3;2;1;1;0;1;1;4;0;0;0;0;3;0;7;0;1;3;0;0;0;0;1;2;0;2;4;0;0;2;2;4;1;4;2;4;0;0;0;0;0;1;3;4;5;0;0;0;0;0;0;0;1;1,0.22829,4696,3125
fe74db66cfd0590b.jpg,20,0.000000;0.000000;0.051989;0.000000;0.000000;0.165200;0.000000;0.000000;0.000000;0.000000;0.201435;0.145668;0.072742;0.128016;0.057171;0.408308;0.150177;0.101006;0.114626;0.058291,0;0;1;0;0;6;0;0;0;0;5;2;1;1;1;7;1;2;1;1,0.294046,2272,1704
ffb8745abd6e8e52.jpg,12,0.061094;0.376108;0.083302;0.578987;0.105657;0.335094;0.157025;0.000000;0.102868;0.209495;0.234267;0.000000,1;10;1;4;1;4;3;0;3;4;5;0,0.305582,2048,1536
