img,z,conf
1692846887.841523,0.158,0.3964
1692846887.873224,0.158,0.4314
1692846887.905400,0.158,0.276
1692846887.941594,0.158,0.4697
1692846887.973160,0.158,0.3327
1692846888.005300,0.158,0.3855
1692846888.041198,0.251,0.4578
1692846888.105356,0.251,0.3831
1692846888.140991,0.251,0.4217
1692846888.173160,0.251,0.4381
1692846888.205341,0.251,0.4275
1692846888.241313,0.299,0.3918
1692846888.273249,0.299,0.3974
1692846888.305379,0.299,0.4014
1692846888.341681,0.299,0.4013
1692846888.373642,0.299,0.4199
1692846888.405742,0.299,0.3795
1692846888.441180,0.329,0.4387
1692846888.473422,0.329,0.3118
1692846888.505390,0.329,0.4005
1692846888.541217,0.329,0.4541
1692846888.573079,0.329,0.4611
1692846888.605267,0.329,0.3909
1692846888.641296,0.329,0.3514
1692846888.673200,0.329,0.4457
1692846888.705256,0.348,0.4633
1692846888.741496,0.348,0.4115
1692846888.773661,0.348,0.4672
1692846888.805602,0.348,0.2474
1692846888.841176,0.348,0.4081
1692846888.873158,0.348,0.3826
1692846888.905260,0.373,0.4568
1692846888.941070,0.373,0.4189
1692846888.973110,0.373,0.535
1692846889.005295,0.373,0.5519
1692846889.041259,0.373,0.452
1692846889.073618,0.373,0.2193
1692846889.105675,0.405,0.3236
1692846889.141365,0.405,0.379
1692846889.173436,0.405,0.4122
1692846889.205568,0.405,0.4546
1692846889.241338,0.405,0.628
1692846889.273396,0.405,0.3817
1692846889.305521,0.431,0.5075
1692846889.341299,0.431,0.4162
1692846889.373255,0.431,0.3966
1692846889.405364,0.431,0.4201
1692846889.441646,0.431,0.4747
1692846889.473613,0.431,0.4221
1692846889.505655,0.501,0.5369
1692846889.541479,0.501,0.4521
1692846889.573248,0.501,0.4942
1692846889.605316,0.501,0.505
1692846889.641788,0.501,0.4135
1692846889.673221,0.501,0.3831
1692846889.705394,0.636,0.4437
1692846889.741189,0.636,0.4179
1692846889.773260,0.636,0.3909
1692846889.805372,0.636,0.4253
1692846889.841494,0.636,0.3976
1692846889.873641,0.636,0.5392
1692846889.905676,0.781,0.4215
1692846889.941271,0.781,0.4518
1692846889.973360,0.781,0.3947
1692846890.005506,0.781,0.5673
1692846890.041215,0.781,0.3618
1692846890.073256,0.781,0.4404
1692846890.105306,0.961,0.4076
1692846890.141053,0.961,0.4546
1692846890.173341,0.961,0.4237
1692846890.205243,0.961,0.3576
1692846890.241255,0.961,0.4532
1692846890.273296,0.961,0.3686
1692846890.305293,1.135,0.3313
1692846890.341167,1.135,0.4598
1692846890.373289,1.135,0.3881
1692846890.405154,1.135,0.5077
1692846890.441213,1.135,0.4715
1692846890.473384,1.135,0.4695
1692846890.505253,1.255,0.4576
1692846890.541363,1.255,0.479
1692846890.573167,1.255,0.4491
1692846890.605331,1.255,0.398
1692846890.641196,1.255,0.4104
1692846890.673311,1.255,0.4769
1692846890.705422,1.374,0.3546
1692846890.741265,1.374,0.4156
1692846890.773249,1.374,0.4279
1692846890.805320,1.374,0.4672
1692846890.841237,1.374,0.4184
1692846890.873211,1.374,0.4883
1692846890.905457,1.44,0.4475
1692846890.941207,1.44,0.4377
1692846890.973237,1.44,0.4709
1692846891.005407,1.44,0.3073
1692846891.041432,1.44,0.4139
1692846891.073070,1.44,0.392
1692846891.104939,1.481,0.4174
1692846891.141058,1.481,0.4129
1692846891.172938,1.481,0.3396
1692846891.204937,1.481,0.5097
1692846891.240995,1.481,0.4383
1692846891.273056,1.481,0.3097
1692846891.304939,1.514,0.3833
1692846891.340928,1.514,0.4307
1692846891.374068,1.514,0.4551
1692846891.405012,1.514,0.4578
1692846891.441219,1.514,0.3903
1692846891.473112,1.514,0.4102
1692846891.505053,1.54,0.4085
1692846891.541082,1.54,0.5199
1692846891.573462,1.54,0.5157
1692846891.605494,1.54,0.3587
1692846891.641807,1.54,0.4338
1692846891.673554,1.54,0.4412
1692846891.705489,1.563,0.5001
1692846891.741276,1.563,0.4076
1692846891.773446,1.563,0.357
1692846891.805185,1.563,0.4607
1692846891.841534,1.563,0.3352
1692846891.873387,1.563,0.4642
1692846891.905061,1.631,0.4318
1692846891.941802,1.631,0.306
1692846891.973177,1.631,0.4887
1692846892.005354,1.631,0.3405
1692846892.041761,1.631,0.4082
1692846892.073185,1.631,0.411
1692846892.105047,1.739,0.4093
1692846892.141327,1.739,0.375
1692846892.172997,1.739,0.5813
1692846892.205072,1.739,0.3455
1692846892.241132,1.739,0.36
1692846892.272935,1.739,0.5997
1692846892.305127,1.902,0.4715
1692846892.341004,1.902,0.4719
1692846892.373144,1.902,0.4949
1692846892.405320,1.902,0.4982
1692846892.441141,1.902,0.446
1692846892.473359,1.902,0.4611
1692846892.505258,2.057,0.4253
1692846892.540977,2.057,0.4217
1692846892.573120,2.057,0.4656
1692846892.605304,2.057,0.4451
1692846892.641099,2.057,0.4844
1692846892.673002,2.057,0.4672
1692846892.705241,2.258,0.4612
1692846892.741339,2.258,0.4684
1692846892.773141,2.258,0.383
1692846892.805302,2.258,0.4678
1692846892.841403,2.258,0.4407
1692846892.873048,2.258,0.366
1692846892.905265,2.472,0.4593
1692846892.940987,2.472,0.4823
1692846892.973081,2.472,0.4184
1692846893.005000,2.472,0.5333
1692846893.041284,2.472,0.4574
1692846893.073389,2.472,0.3924
1692846893.105629,2.728,0.5924
1692846893.141699,2.728,0.4614
1692846893.173340,2.728,0.3113
1692846893.205406,2.728,0.5529
1692846893.241324,2.728,0.5947
1692846893.273160,2.728,0.4385
1692846893.305775,2.728,0.404
1692846893.341417,2.904,0.4616
1692846893.373039,2.904,0.4537
1692846893.405008,2.904,0.4109
1692846893.441275,2.904,0.508
1692846893.473444,2.904,0.45
1692846893.505011,2.904,0.5218
1692846893.541308,3.179,0.37
1692846893.573235,3.179,0.4878
1692846893.604944,3.179,0.5836
1692846893.641169,3.179,0.5423
1692846893.673287,3.179,0.3321
1692846893.705225,3.179,0.4127
1692846893.741231,3.179,0.5078
1692846893.773278,3.179,0.443
1692846893.805014,3.407,0.4117
1692846893.841190,3.407,0.4263
1692846893.873273,3.407,0.4397
1692846893.905226,3.407,0.5255
1692846893.941135,3.407,0.3828
1692846893.973204,3.407,0.4025
1692846894.005364,3.629,0.5599
1692846894.041240,3.629,0.4073
1692846894.073491,3.629,0.4631
1692846894.105525,3.629,0.3861
1692846894.141180,3.629,0.2855
1692846894.173266,3.629,0.4261
1692846894.205335,3.839,0.4028
1692846894.241310,3.839,0.4216
1692846894.273359,3.839,0.5066
1692846894.305359,3.839,0.4504
1692846894.341872,3.839,0.4064
1692846894.373459,4.015,0.4519
1692846894.405601,4.015,0.4565
1692846894.441553,4.015,0.2894
1692846894.473541,4.015,0.4635
1692846894.505470,4.015,0.436
1692846894.541350,4.015,0.4005
1692846894.573426,4.015,0.451
1692846894.605462,4.015,0.4132
1692846894.641509,4.107,0.4379
1692846894.673433,4.107,0.4242
1692846894.705534,4.107,0.4667
1692846894.741577,4.107,0.4166
1692846894.773459,4.107,0.4329
1692846894.805680,4.107,0.3941
1692846894.841435,4.118,0.4191
1692846894.873591,4.118,0.437
1692846894.905629,4.118,0.4392
1692846894.941394,4.118,0.4464
1692846894.973511,4.118,0.4119
1692846895.005569,4.118,0.4978
1692846895.041445,4.117,0.3778
1692846895.073469,4.117,0.4383
1692846895.105562,4.117,0.4309
1692846895.141451,4.117,0.4346
1692846895.173444,4.117,0.5436
1692846895.205484,4.117,0.4044
1692846895.241360,4.12,0.4635
1692846895.273583,4.12,0.3916
1692846895.305503,4.12,0.4487
1692846895.341418,4.12,0.4149
1692846895.373461,4.12,0.4113
1692846895.405482,4.12,0.4432
1692846895.441502,4.122,0.4593
1692846895.473446,4.122,0.4371
1692846895.505476,4.122,0.4346
1692846895.541345,4.122,0.4223
1692846895.573448,4.122,0.4697
1692846895.605452,4.122,0.3363
1692846895.641467,4.129,0.4668
1692846895.673487,4.129,0.3973
1692846895.705469,4.129,0.3883
1692846895.741351,4.129,0.387
1692846895.773433,4.129,0.3616
1692846895.805506,4.129,0.4906
1692846895.841632,4.133,0.4116
1692846895.873491,4.133,0.3679
1692846895.905483,4.133,0.477
1692846895.941457,4.133,0.4149
1692846895.973340,4.133,0.4344
1692846896.005494,4.133,0.4275
1692846896.041436,4.139,0.3534
1692846896.073111,4.139,0.4625
1692846896.105037,4.139,0.4379
1692846896.141147,4.139,0.4077
1692846896.173104,4.139,0.4107
1692846896.205101,4.139,0.4634
1692846896.241238,4.138,0.4102
1692846896.273247,4.138,0.4099
1692846896.305133,4.138,0.4895
1692846896.341331,4.138,0.4338
1692846896.373422,4.138,0.4655
1692846896.405500,4.138,0.454
1692846896.441896,4.134,0.4045
1692846896.473255,4.134,0.4337
1692846896.505294,4.134,0.4028
1692846896.541231,4.134,0.4267
1692846896.573086,4.134,0.4149
1692846896.605143,4.134,0.4253
1692846896.641231,4.132,0.4386
1692846896.673310,4.132,0.3319
1692846896.705215,4.132,0.406
1692846896.741039,4.132,0.396
1692846896.775130,4.132,0.3516
1692846896.805595,4.132,0.4052
1692846896.841318,4.127,0.3601
1692846896.874503,4.127,0.5681
1692846896.905281,4.127,0.4641
1692846896.941142,4.127,0.4986
1692846896.973155,4.127,0.4417
1692846897.005264,4.127,0.4279
1692846897.041404,4.123,0.4367
1692846897.073323,4.123,0.3436
1692846897.105301,4.123,0.2625
1692846897.141262,4.123,0.3606
1692846897.173605,4.123,0.476
1692846897.205322,4.123,0.3307
1692846897.241205,4.123,0.4407
1692846897.273434,4.119,0.4409
1692846897.305493,4.119,0.479
1692846897.341080,4.119,0.3909
1692846897.373206,4.119,0.3737
1692846897.405230,4.119,0.3157
1692846897.441235,4.119,0.3763
1692846897.473229,4.119,0.498
1692846897.505223,4.114,0.4807
1692846897.541100,4.114,0.3543
1692846897.573080,4.114,0.4182
1692846897.605169,4.114,0.5316
1692846897.641277,4.114,0.4433
1692846897.673120,4.114,0.3987
1692846897.705305,4.111,0.4561
1692846897.741020,4.111,0.4663
1692846897.773032,4.111,0.4255
1692846897.804999,4.111,0.4122
1692846897.840888,4.111,0.4624
1692846897.873029,4.111,0.463
1692846897.905236,4.108,0.4418
1692846897.941396,4.108,0.4138
1692846897.973075,4.108,0.4813
1692846898.005495,4.108,0.5762
1692846898.041437,4.108,0.4792
1692846898.073308,4.108,0.4125
1692846898.105147,4.104,0.435
1692846898.140879,4.104,0.4789
1692846898.172930,4.104,0.4117
1692846898.205015,4.104,0.3812
1692846898.241138,4.104,0.4475
1692846898.273193,4.104,0.3757
1692846898.305021,4.1,0.4152
1692846898.340911,4.1,0.4312
1692846898.373208,4.1,0.3798
1692846898.404986,4.1,0.3417
1692846898.441046,4.1,0.4543
1692846898.473171,4.1,0.4531
1692846898.505112,4.099,0.442
1692846898.540964,4.099,0.544
1692846898.573585,4.099,0.4351
1692846898.605143,4.099,0.4621
1692846898.641009,4.099,0.4413
1692846898.673198,4.099,0.3835
1692846898.705031,4.096,0.4369
1692846898.741218,4.096,0.3827
1692846898.773548,4.096,0.3928
1692846898.805651,4.096,0.4386
1692846898.841791,4.096,0.4022
1692846898.873412,4.096,0.4344
1692846898.905565,4.092,0.4235
1692846898.941409,4.092,0.3921
1692846898.973549,4.092,0.4529
1692846899.005249,4.092,0.4096
1692846899.041307,4.092,0.1262
1692846899.073473,4.092,0.3824
1692846899.105267,4.09,0.4335
1692846899.141163,4.09,0.4103
1692846899.173128,4.09,0.5017
1692846899.205802,4.09,0.4828
1692846899.241210,4.09,0.4472
1692846899.273253,4.09,0.429
1692846899.305877,4.093,0.4908
1692846899.340987,4.093,0.4249
1692846899.372948,4.093,0.3346
1692846899.405174,4.093,0.3616
1692846899.441097,4.093,0.4941
1692846899.473094,4.093,0.4972
1692846899.505065,4.095,0.4536
1692846899.541035,4.095,0.4863
1692846899.573407,4.095,0.4827
1692846899.605216,4.095,0.4449
1692846899.641071,4.095,0.4051
1692846899.673409,4.095,0.4261
1692846899.705645,4.094,0.4206
1692846899.741404,4.094,0.3846
1692846899.773416,4.094,0.4611
1692846899.805460,4.094,0.4493
1692846899.841394,4.094,0.4141
1692846899.873422,4.094,0.3724
1692846899.905459,4.094,0.5176
1692846899.941399,4.094,0.425
1692846899.973100,4.094,0.4048
1692846900.005342,4.094,0.3993
1692846900.041186,4.094,0.4156
1692846900.073269,4.094,0.344
1692846900.106555,4.097,0.4726
1692846900.141168,4.097,0.4974
1692846900.173251,4.097,0.4316
1692846900.205352,4.097,0.5739
1692846900.241228,4.097,0.377
1692846900.273224,4.097,0.47
1692846900.305326,4.096,0.4599
1692846900.341452,4.096,0.4317
1692846900.373347,4.096,0.4015
1692846900.405389,4.096,0.4253
1692846900.441239,4.096,0.4144
1692846900.473542,4.096,0.4176
1692846900.505494,4.098,0.4249
1692846900.541166,4.098,0.4502
1692846900.573340,4.098,0.4249
1692846900.605420,4.098,0.3596
1692846900.641136,4.098,0.3957
1692846900.673405,4.098,0.4572
1692846900.705385,4.098,0.429
1692846900.741164,4.098,0.4189
1692846900.773269,4.098,0.3743
1692846900.805489,4.098,0.4127
1692846900.841134,4.098,0.4491
1692846900.873257,4.098,0.3711
1692846900.905305,4.099,0.4574
1692846900.941110,4.099,0.442
1692846900.973246,4.099,0.4744
1692846901.005584,4.099,0.2836
1692846901.041372,4.099,0.3906
1692846901.073367,4.099,0.403
1692846901.105343,4.103,0.3261
1692846901.141254,4.103,0.4251
1692846901.173270,4.103,0.4618
1692846901.205605,4.103,0.4781
1692846901.241303,4.103,0.4972
1692846901.273467,4.103,0.5086
1692846901.305626,4.109,0.4846
1692846901.341369,4.109,0.5065
1692846901.373642,4.109,0.4422
1692846901.405449,4.109,0.4221
1692846901.441199,4.109,0.4024
1692846901.473499,4.109,0.4614
1692846901.505472,4.115,0.5271
1692846901.541201,4.115,0.5279
1692846901.573483,4.115,0.5548
1692846901.605566,4.115,0.5522
1692846901.641939,4.115,0.5301
1692846901.673351,4.115,0.5081
1692846901.705815,4.117,0.492
1692846901.741377,4.117,0.4263
1692846901.773180,4.117,0.5136
1692846901.805386,4.117,0.4759
1692846901.841398,4.117,0.5097
1692846901.873398,4.117,0.5753
1692846901.905428,4.115,0.353
1692846901.941418,4.115,0.3878
1692846901.973671,4.115,0.5513
1692846902.005482,4.115,0.4818
1692846902.041570,4.115,0.5973
1692846902.073603,4.115,0.4889
1692846902.105521,4.12,0.4472
1692846902.141476,4.12,0.4034
1692846902.173522,4.12,0.4695
1692846902.205378,4.12,0.5519
1692846902.241413,4.12,0.5437
1692846902.273517,4.12,0.582
1692846902.305388,4.123,0.5783
1692846902.341439,4.123,0.5736
1692846902.373205,4.123,0.4942
1692846902.405305,4.123,0.4204
1692846902.441457,4.123,0.4667
1692846902.473462,4.123,0.5814
1692846902.505354,4.125,0.4687
1692846902.541148,4.125,0.4493
1692846902.573271,4.125,0.5215
1692846902.605414,4.125,0.3997
1692846902.641203,4.125,0.5341
1692846902.673262,4.125,0.5893
1692846902.705412,4.123,0.4686
1692846902.741282,4.123,0.5914
1692846902.773429,4.123,0.4847
1692846902.805635,4.123,0.5165
1692846902.841275,4.123,0.5755
1692846902.873329,4.123,0.4323
1692846902.905351,4.123,0.6008
1692846902.941240,4.123,0.5005
1692846902.973392,4.123,0.5856
1692846903.005322,4.123,0.5514
1692846903.041269,4.123,0.5669
1692846903.073458,4.123,0.565
1692846903.105447,4.118,0.617
1692846903.141479,4.118,0.5373
1692846903.173270,4.118,0.6227
1692846903.205273,4.118,0.5703
1692846903.241334,4.118,0.5226
1692846903.273509,4.118,0.6213
1692846903.305441,4.118,0.587
1692846903.341173,4.125,0.6669
1692846903.373481,4.125,0.6561
1692846903.405266,4.125,0.6242
1692846903.441177,4.125,0.6911
1692846903.473277,4.125,0.6333
1692846903.505307,4.125,0.564
1692846903.541273,4.132,0.5073
1692846903.573910,4.132,0.5294
1692846903.605435,4.132,0.7
1692846903.641633,4.132,0.658
1692846903.673481,4.132,0.646
1692846903.705624,4.132,0.6293
1692846903.741123,4.136,0.6246
1692846903.773610,4.136,0.6974
1692846903.805496,4.136,0.5677
1692846903.841237,4.136,0.7375
1692846903.873446,4.136,0.6327
1692846903.905517,4.136,0.7195
1692846903.941211,4.138,0.5606
1692846903.973799,4.138,0.6626
1692846904.005724,4.138,0.7034
1692846904.041254,4.138,0.5876
1692846904.073730,4.138,0.7347
1692846904.106115,4.138,0.7255
1692846904.141102,4.142,0.6846
1692846904.173360,4.142,0.6742
1692846904.205427,4.142,0.724
1692846904.241498,4.142,0.7054
1692846904.273425,4.142,0.6329
1692846904.305463,4.142,0.6788
1692846904.341304,4.14,0.724
1692846904.373340,4.14,0.6717
1692846904.405332,4.14,0.652
1692846904.441331,4.14,0.672
1692846904.473585,4.14,0.7447
1692846904.505660,4.14,0.7089
1692846904.541321,4.14,0.7164
1692846904.573250,4.14,0.6679
1692846904.605416,4.141,0.6721
1692846904.641126,4.141,0.7325
1692846904.673571,4.141,0.728
1692846904.705427,4.141,0.6563
1692846904.741307,4.141,0.6375
1692846904.773241,4.141,0.7581
1692846904.805321,4.141,0.7321
1692846904.841361,4.139,0.6781
1692846904.873538,4.139,0.6995
1692846904.905201,4.139,0.6922
1692846904.941176,4.139,0.7379
1692846904.973381,4.139,0.6619
1692846905.005232,4.139,0.6998
1692846905.041215,4.139,0.7673
1692846905.073331,4.14,0.6857
1692846905.105393,4.14,0.6063
1692846905.141348,4.14,0.742
1692846905.173329,4.14,0.723
1692846905.205501,4.14,0.7706
1692846905.241460,4.144,0.7473
1692846905.273383,4.144,0.6924
1692846905.305436,4.144,0.6411
1692846905.341307,4.144,0.7415
1692846905.373326,4.144,0.7371
1692846905.405330,4.144,0.7157
1692846905.441267,4.144,0.6924
1692846905.473466,4.144,0.7253
1692846905.505289,4.144,0.7719
1692846905.541338,4.144,0.7354
1692846905.573160,4.144,0.702
1692846905.605264,4.144,0.7185
1692846905.641322,4.141,0.7801
1692846905.673352,4.141,0.7992
1692846905.705314,4.141,0.7375
1692846905.741133,4.141,0.7372
1692846905.773285,4.141,0.7594
1692846905.805338,4.141,0.7504
1692846905.841363,4.135,0.7235
1692846905.874103,4.135,0.7647
1692846905.905478,4.135,0.7773
1692846905.941420,4.135,0.7593
1692846905.973393,4.135,0.7618
1692846906.005449,4.135,0.6847
1692846906.041762,4.134,0.8218
1692846906.074019,4.134,0.7617
1692846906.105599,4.134,0.7938
1692846906.141370,4.134,0.7479
1692846906.173428,4.134,0.7561
1692846906.205422,4.134,0.7946
1692846906.241298,4.135,0.7753
1692846906.273386,4.135,0.7786
1692846906.305501,4.135,0.7803
1692846906.341267,4.135,0.7745
1692846906.373440,4.135,0.7866
1692846906.405387,4.135,0.7297
1692846906.441442,4.138,0.8129
1692846906.473344,4.138,0.786
1692846906.505348,4.138,0.7559
1692846906.541378,4.138,0.7861
1692846906.573217,4.138,0.7897
1692846906.605483,4.138,0.8237
1692846906.641068,4.138,0.7871
1692846906.673225,4.138,0.7888
1692846906.705531,4.141,0.8629
1692846906.741458,4.141,0.8325
1692846906.773386,4.141,0.7948
1692846906.805789,4.141,0.8218
1692846906.841315,4.141,0.7615
1692846906.873283,4.141,0.826
1692846906.905109,4.142,0.781
1692846906.940990,4.142,0.7717
1692846906.973035,4.142,0.7491
1692846907.005066,4.142,0.8204
1692846907.041041,4.142,0.7925
1692846907.073025,4.142,0.7952
1692846907.105013,4.143,0.576
1692846907.140949,4.143,0.7787
1692846907.173090,4.143,0.7454
1692846907.205070,4.143,0.7078
1692846907.241018,4.143,0.7834
1692846907.273122,4.143,0.7635
1692846907.305066,4.144,0.7332
1692846907.340946,4.144,0.7499
1692846907.373083,4.144,0.777
1692846907.405000,4.144,0.8187
1692846907.440925,4.144,0.8511
1692846907.473184,4.144,0.8298
1692846907.504968,4.149,0.8127
1692846907.541012,4.149,0.7904
1692846907.573106,4.149,0.7875
1692846907.605223,4.149,0.8302
1692846907.641232,4.149,0.8028
1692846907.673096,4.149,0.837
1692846907.705144,4.155,0.7772
1692846907.741314,4.155,0.8494
1692846907.773049,4.155,0.8029
1692846907.805176,4.155,0.8243
1692846907.841316,4.155,0.8707
1692846907.873280,4.155,0.8391
1692846907.905142,4.159,0.8376
1692846907.941123,4.159,0.8117
1692846907.973338,4.159,0.7977
1692846908.005158,4.159,0.8082
1692846908.041112,4.159,0.8344
1692846908.073499,4.159,0.8302
1692846908.105239,4.158,0.8501
1692846908.141220,4.158,0.848
1692846908.173262,4.158,0.8196
1692846908.205261,4.158,0.8318
1692846908.241427,4.158,0.8226
1692846908.273414,4.158,0.8048
1692846908.305321,4.161,0.8051
1692846908.341311,4.161,0.8381
1692846908.373264,4.161,0.8052
1692846908.405433,4.161,0.8106
1692846908.441525,4.161,0.8176
1692846908.474490,4.161,0.8201
1692846908.505598,4.164,0.7984
1692846908.541245,4.164,0.8191
1692846908.573828,4.164,0.8274
1692846908.605695,4.164,0.7879
1692846908.641603,4.164,0.846
1692846908.673744,4.164,0.8294
1692846908.705392,4.161,0.8417
1692846908.741432,4.161,0.8506
1692846908.773331,4.161,0.8245
1692846908.806054,4.161,0.8362
1692846908.841540,4.161,0.7824
1692846908.873456,4.161,0.8478
1692846908.905140,4.161,0.8666
1692846908.941038,4.161,0.8185
1692846908.973062,4.161,0.856
1692846909.005179,4.161,0.8107
1692846909.040986,4.161,0.8095
1692846909.073086,4.161,0.8406
1692846909.105297,4.166,0.8482
1692846909.141089,4.166,0.8568
1692846909.173261,4.166,0.8378
1692846909.205380,4.166,0.804
1692846909.241056,4.166,0.8428
1692846909.273328,4.166,0.7987
1692846909.305320,4.17,0.8426
1692846909.341041,4.17,0.8422
1692846909.373075,4.17,0.8403
1692846909.405119,4.17,0.8366
1692846909.441488,4.17,0.8259
1692846909.473035,4.17,0.855
1692846909.505075,4.177,0.8342
1692846909.541141,4.177,0.8391
1692846909.573013,4.177,0.8412
1692846909.605324,4.177,0.8302
1692846909.641101,4.177,0.8206
1692846909.673083,4.177,0.8459
1692846909.705218,4.18,0.8565
1692846909.741064,4.18,0.8538
1692846909.773098,4.18,0.8334
1692846909.805144,4.18,0.8684
1692846909.841085,4.18,0.8959
1692846909.873064,4.18,0.8459
1692846909.905131,4.175,0.8169
1692846909.941375,4.175,0.7735
1692846909.973310,4.175,0.7629
1692846910.005379,4.175,0.773
1692846910.041257,4.175,0.6705
1692846910.073280,4.175,0.8141
1692846910.105084,4.172,0.7917
1692846910.141454,4.172,0.8319
1692846910.173033,4.172,0.7625
1692846910.205101,4.172,0.8014
1692846910.241599,4.172,0.8043
1692846910.273120,4.172,0.7427
1692846910.305133,4.17,0.7398
1692846910.341349,4.17,0.7681
1692846910.373631,4.17,0.7932
1692846910.405465,4.17,0.8076
1692846910.442234,4.17,0.7842
1692846910.473206,4.17,0.6726
1692846910.505207,4.165,0.5842
1692846910.540998,4.165,0.7372
1692846910.573149,4.165,0.775
1692846910.605212,4.165,0.8106
1692846910.641067,4.165,0.7799
1692846910.673030,4.165,0.8001
1692846910.704994,4.169,0.7576
1692846910.741118,4.169,0.7555
1692846910.773148,4.169,0.7727
1692846910.805426,4.169,0.7608
1692846910.837559,4.169,0.6565
1692846910.873636,4.169,0.7756
1692846910.905732,4.173,0.7751
1692846910.937347,4.173,0.7393
1692846910.973606,4.173,0.6933
1692846911.005260,4.173,0.5573
1692846911.037210,4.173,0.697
1692846911.073230,4.173,0.6738
1692846911.105332,4.18,0.7275
1692846911.137353,4.18,0.7248
1692846911.173160,4.18,0.7462
1692846911.205204,4.18,0.7054
1692846911.237935,4.18,0.7249
1692846911.273094,4.18,0.76
1692846911.305099,4.182,0.7678
1692846911.337369,4.182,0.7598
1692846911.373146,4.182,0.7435
1692846911.405138,4.182,0.6798
1692846911.437104,4.182,0.5415
1692846911.473101,4.182,0.6834
1692846911.505176,4.182,0.6418
1692846911.537184,4.182,0.6201
1692846911.573226,4.182,0.7965
1692846911.605317,4.182,0.7884
1692846911.637406,4.182,0.7642
1692846911.673280,4.182,0.7698
1692846911.705403,4.178,0.6164
1692846911.737307,4.178,0.7557
1692846911.773384,4.178,0.7451
1692846911.805343,4.178,0.6926
1692846911.837205,4.178,0.7724
1692846911.873167,4.178,0.7733
1692846911.905120,4.178,0.7675
1692846911.937157,4.178,0.7417
1692846911.973077,4.178,0.7243
1692846912.005129,4.178,0.7647
1692846912.037351,4.178,0.7228
1692846912.073174,4.178,0.6405
1692846912.105241,4.182,0.7789
1692846912.137070,4.182,0.7654
1692846912.173296,4.182,0.6531
1692846912.205001,4.182,0.7086
1692846912.237090,4.182,0.7295
1692846912.273179,4.182,0.6466
1692846912.305138,4.182,0.6411
1692846912.337100,4.183,0.7301
1692846912.373206,4.183,0.6471
1692846912.405236,4.183,0.7212
1692846912.437327,4.183,0.7243
1692846912.473275,4.183,0.6297
1692846912.505313,4.183,0.7097
1692846912.537149,4.182,0.7034
1692846912.573087,4.182,0.7058
1692846912.605160,4.182,0.7023
1692846912.637188,4.182,0.5434
1692846912.673150,4.182,0.7601
1692846912.705106,4.182,0.6499
1692846912.737110,4.182,0.6687
1692846912.773113,4.181,0.7733
1692846912.805466,4.181,0.7745
1692846912.837147,4.181,0.7563
1692846912.873410,4.181,0.6478
1692846912.905476,4.181,0.7631
1692846912.937288,4.181,0.7842
1692846912.973290,4.181,0.8008
1692846913.005410,4.185,0.8056
1692846913.037528,4.185,0.7653
1692846913.073353,4.185,0.8013
1692846913.105204,4.185,0.8099
1692846913.137140,4.185,0.8169
1692846913.173262,4.185,0.8076
1692846913.205294,4.188,0.7029
1692846913.237378,4.188,0.8223
1692846913.273225,4.188,0.7935
1692846913.305702,4.188,0.7993
1692846913.337399,4.188,0.7668
1692846913.373175,4.188,0.797
1692846913.405320,4.187,0.8171
1692846913.437333,4.187,0.8303
1692846913.473162,4.187,0.7974
1692846913.505283,4.187,0.7938
1692846913.537189,4.187,0.7948
1692846913.573018,4.187,0.774
1692846913.605103,4.187,0.8414
1692846913.637888,4.187,0.8499
1692846913.673073,4.187,0.877
1692846913.705240,4.187,0.8308
1692846913.737355,4.187,0.8289
1692846913.773118,4.187,0.8238
1692846913.805192,4.19,0.7973
1692846913.837093,4.19,0.8238
1692846913.873249,4.19,0.836
1692846913.905178,4.19,0.8225
1692846913.937138,4.19,0.8278
1692846913.973124,4.19,0.8132
1692846914.005412,4.194,0.8473
1692846914.037374,4.194,0.8243
1692846914.073330,4.194,0.8167
1692846914.105172,4.194,0.8577
1692846914.137541,4.194,0.8563
1692846914.173159,4.194,0.8572
1692846914.205194,4.195,0.8228
1692846914.237200,4.195,0.8455
1692846914.273226,4.195,0.8426
1692846914.305233,4.195,0.8038
1692846914.337320,4.195,0.8082
1692846914.373130,4.195,0.833
1692846914.405159,4.194,0.8335
1692846914.439796,4.194,0.8424
1692846914.473333,4.194,0.832
1692846914.505237,4.194,0.827
1692846914.537231,4.194,0.8134
1692846914.573193,4.194,0.8315
1692846914.605243,4.189,0.8591
1692846914.637095,4.189,0.8188
1692846914.675842,4.189,0.8366
1692846914.705189,4.189,0.8293
1692846914.737106,4.189,0.8256
1692846914.773294,4.189,0.8398
1692846914.805317,4.187,0.8412
1692846914.837457,4.187,0.866
1692846914.873214,4.187,0.8486
1692846914.905358,4.187,0.8604
1692846914.937324,4.187,0.8242
1692846914.973358,4.187,0.8659
1692846915.005243,4.187,0.8503
1692846915.037124,4.187,0.8288
1692846915.073318,4.187,0.868
1692846915.105190,4.187,0.8221
1692846915.137128,4.187,0.8381
1692846915.173403,4.187,0.8554
1692846915.205066,4.188,0.8273
1692846915.237117,4.188,0.8473
1692846915.273307,4.188,0.8399
1692846915.305381,4.188,0.8336
1692846915.337535,4.188,0.8047
1692846915.373832,4.188,0.8009
1692846915.405681,4.19,0.8273
1692846915.437844,4.19,0.9051
1692846915.473507,4.19,0.8533
1692846915.505599,4.19,0.8002
1692846915.537611,4.19,0.8061
1692846915.573886,4.19,0.8542
1692846915.605597,4.188,0.8462
1692846915.637735,4.188,0.8458
1692846915.673509,4.188,0.8655
1692846915.705904,4.188,0.8601
1692846915.737619,4.188,0.8548
1692846915.773474,4.188,0.8529
1692846915.805942,4.184,0.848
1692846915.837715,4.184,0.8248
1692846915.873919,4.184,0.8276
1692846915.905755,4.184,0.8038
1692846915.937808,4.184,0.8309
1692846915.973727,4.184,0.8196
1692846916.005891,4.185,0.7946
1692846916.038159,4.185,0.8395
1692846916.073805,4.185,0.8316
1692846916.105706,4.185,0.8114
1692846916.138579,4.185,0.8459
1692846916.173644,4.185,0.8284
1692846916.205640,4.188,0.8363
1692846916.237661,4.188,0.8333
1692846916.273643,4.188,0.8429
1692846916.305618,4.188,0.8186
1692846916.337446,4.188,0.8391
1692846916.373986,4.188,0.8435
1692846916.405599,4.191,0.8125
1692846916.437583,4.191,0.8319
1692846916.474006,4.191,0.8393
1692846916.505938,4.191,0.8385
1692846916.537551,4.191,0.8834
1692846916.573748,4.191,0.8022
1692846916.605847,4.189,0.8266
1692846916.637681,4.189,0.8182
1692846916.673792,4.189,0.8359
1692846916.705539,4.189,0.826
1692846916.737513,4.189,0.784
1692846916.773453,4.189,0.8221
1692846916.805493,4.189,0.8432
1692846916.837501,4.185,0.8361
1692846916.873468,4.185,0.8202
1692846916.905629,4.185,0.7807
1692846916.937568,4.185,0.811
1692846916.973527,4.185,0.8262
1692846917.005595,4.185,0.8258
1692846917.037642,4.186,0.8281
1692846917.073893,4.186,0.8321
1692846917.105635,4.186,0.761
1692846917.137581,4.186,0.8202
1692846917.173692,4.186,0.8232
1692846917.205747,4.186,0.8004
1692846917.237737,4.183,0.8096
1692846917.273517,4.183,0.7977
1692846917.305762,4.183,0.7981
1692846917.337727,4.183,0.8131
1692846917.373568,4.183,0.7832
1692846917.405604,4.183,0.7813
1692846917.437836,4.184,0.8062
1692846917.473557,4.184,0.7957
1692846917.505604,4.184,0.8233
1692846917.537506,4.184,0.803
1692846917.573502,4.184,0.799
1692846917.605537,4.184,0.8074
1692846917.637604,4.184,0.7707
1692846917.673568,4.184,0.8111
1692846917.705602,4.184,0.816
1692846917.737543,4.184,0.8266
1692846917.773545,4.184,0.8435
1692846917.805492,4.184,0.7919
1692846917.837462,4.186,0.7372
1692846917.873709,4.186,0.8322
1692846917.905601,4.186,0.8027
1692846917.937502,4.186,0.8172
1692846917.973602,4.186,0.8194
1692846918.005571,4.186,0.7902
1692846918.037610,4.184,0.8006
1692846918.073665,4.184,0.7994
1692846918.105910,4.184,0.7995
1692846918.137840,4.184,0.8086
1692846918.173482,4.184,0.7792
1692846918.205919,4.184,0.8297
1692846918.237699,4.184,0.7705
1692846918.273569,4.184,0.8318
1692846918.305518,4.184,0.8129
1692846918.337680,4.184,0.7912
1692846918.373544,4.184,0.7832
1692846918.405625,4.184,0.8342
1692846918.437683,4.185,0.7852
1692846918.473549,4.185,0.8009
1692846918.505492,4.185,0.8195
1692846918.537532,4.185,0.7785
1692846918.573416,4.185,0.8729
1692846918.605569,4.185,0.7357
1692846918.637582,4.185,0.8218
1692846918.673449,4.185,0.8123
1692846918.705749,4.185,0.8476
1692846918.737564,4.185,0.8142
1692846918.773632,4.185,0.813
1692846918.805931,4.185,0.8263
1692846918.837865,4.185,0.811
1692846918.873783,4.185,0.8335
1692846918.905762,4.185,0.8276
1692846918.937750,4.185,0.7976
1692846918.973746,4.185,0.8224
1692846919.005647,4.185,0.8276
1692846919.037658,4.185,0.8272
1692846919.073483,4.185,0.8194
1692846919.105526,4.185,0.8208
1692846919.137535,4.185,0.8245
1692846919.173480,4.185,0.8305
1692846919.205511,4.185,0.7973
1692846919.237538,4.185,0.8216
1692846919.273563,4.185,0.8089
1692846919.305598,4.185,0.8059
1692846919.337491,4.185,0.8372
1692846919.373595,4.185,0.6888
1692846919.404991,4.185,0.8114
1692846919.437064,4.185,0.8104
1692846919.473253,4.185,0.7954
1692846919.504949,4.186,0.8104
1692846919.536978,4.186,0.7954
1692846919.573329,4.186,0.8208
1692846919.605391,4.186,0.8271
1692846919.637278,4.186,0.801
1692846919.673475,4.186,0.7792
1692846919.705218,4.187,0.7685
1692846919.737226,4.187,0.8205
1692846919.773211,4.187,0.7428
1692846919.805300,4.187,0.7538
1692846919.837214,4.187,0.7752
1692846919.873456,4.187,0.7902
1692846919.905470,4.188,0.6974
1692846919.937449,4.188,0.7746
1692846919.973836,4.188,0.7696
1692846920.005317,4.188,0.6798
1692846920.037204,4.188,0.7226
1692846920.073076,4.188,0.7402
1692846920.105228,4.189,0.6024
1692846920.137219,4.189,0.7477
1692846920.173028,4.189,0.7942
1692846920.205121,4.189,0.6519
1692846920.237131,4.189,0.7655
1692846920.273241,4.189,0.7898
1692846920.305148,4.189,0.8202
1692846920.337081,4.189,0.7448
1692846920.373110,4.189,0.7629
1692846920.405250,4.189,0.7713
1692846920.437238,4.189,0.7844
1692846920.473153,4.189,0.8196
1692846920.505526,4.189,0.6226
1692846920.537445,4.189,0.8273
1692846920.573074,4.189,0.7782
1692846920.605246,4.189,0.7772
1692846920.637528,4.189,0.8061
1692846920.673076,4.189,0.7778
1692846920.705307,4.19,0.8159
1692846920.737244,4.19,0.7709
1692846920.773122,4.19,0.7929
1692846920.805236,4.19,0.803
1692846920.837187,4.19,0.7688
1692846920.873239,4.19,0.7828
1692846920.905073,4.189,0.772
1692846920.937136,4.189,0.8143
1692846920.973006,4.189,0.8351
1692846921.005166,4.189,0.7613
1692846921.037167,4.189,0.8434
1692846921.073643,4.189,0.8177
1692846921.105351,4.19,0.7934
1692846921.137071,4.19,0.787
1692846921.173114,4.19,0.798
1692846921.205402,4.19,0.805
1692846921.237459,4.19,0.7973
1692846921.273428,4.19,0.7898
1692846921.305292,4.191,0.7719
1692846921.337275,4.191,0.7804
1692846921.373109,4.191,0.7616
1692846921.405213,4.191,0.845
1692846921.437139,4.191,0.8378
1692846921.473056,4.191,0.8072
1692846921.505214,4.191,0.8185
1692846921.537122,4.191,0.7846
1692846921.573171,4.191,0.7696
1692846921.605064,4.191,0.7531
1692846921.637097,4.191,0.7785
1692846921.673227,4.191,0.787
1692846921.705978,4.19,0.7698
1692846921.737273,4.19,0.7919
1692846921.773247,4.19,0.7473
1692846921.805136,4.19,0.7965
1692846921.837253,4.19,0.8363
1692846921.873162,4.19,0.7903
1692846921.905188,4.19,0.8018
1692846921.937306,4.19,0.7771
1692846921.973450,4.19,0.811
1692846922.005257,4.19,0.7648
1692846922.037781,4.19,0.8099
1692846922.073246,4.19,0.7536
1692846922.105277,4.19,0.7684
1692846922.137227,4.19,0.7649
1692846922.173478,4.19,0.7353
1692846922.205586,4.19,0.7995
1692846922.237631,4.19,0.7283
1692846922.273386,4.19,0.7337
1692846922.305527,4.187,0.7661
1692846922.338495,4.187,0.779
1692846922.373733,4.187,0.7532
1692846922.405319,4.187,0.7543
1692846922.437250,4.187,0.776
1692846922.473096,4.187,0.7693
1692846922.505240,4.184,0.7353
1692846922.537112,4.184,0.7811
1692846922.573139,4.184,0.7224
1692846922.605237,4.184,0.7273
1692846922.637207,4.184,0.7347
1692846922.673165,4.184,0.7307
1692846922.705469,4.182,0.7777
1692846922.737202,4.182,0.6739
1692846922.773270,4.182,0.771
1692846922.805329,4.182,0.7566
1692846922.837803,4.182,0.7013
1692846922.873441,4.182,0.7371
1692846922.905334,4.181,0.7382
1692846922.937285,4.181,0.7711
1692846922.973383,4.181,0.7334
1692846923.005241,4.181,0.6851
1692846923.037203,4.181,0.7662
1692846923.073282,4.181,0.7421
1692846923.105419,4.18,0.7323
1692846923.137500,4.18,0.7149
1692846923.173275,4.18,0.7101
1692846923.205321,4.18,0.7532
1692846923.237604,4.18,0.6608
1692846923.273396,4.18,0.7189
1692846923.305460,4.178,0.6838
1692846923.337439,4.178,0.7368
1692846923.373435,4.178,0.7847
1692846923.405413,4.178,0.7129
1692846923.437377,4.178,0.7008
1692846923.473329,4.178,0.7529
1692846923.505603,4.176,0.5544
1692846923.536950,4.176,0.7226
1692846923.573485,4.176,0.7401
1692846923.605595,4.176,0.7259
1692846923.637735,4.176,0.762
1692846923.673550,4.176,0.777
1692846923.705753,4.176,0.681
1692846923.737570,4.176,0.6865
1692846923.773470,4.176,0.6667
1692846923.805606,4.176,0.7492
1692846923.837565,4.176,0.738
1692846923.873494,4.176,0.6777
1692846923.905575,4.176,0.6971
1692846923.937859,4.176,0.7409
1692846923.973479,4.176,0.6174
1692846924.005633,4.176,0.6264
1692846924.037555,4.176,0.7299
1692846924.073763,4.176,0.6646
1692846924.105647,4.176,0.6602
1692846924.137520,4.179,0.717
1692846924.173467,4.179,0.6527
1692846924.205520,4.179,0.6892
1692846924.237532,4.179,0.7756
1692846924.274077,4.179,0.6949
1692846924.305691,4.179,0.6376
1692846924.337674,4.181,0.7197
1692846924.374096,4.181,0.572
1692846924.405790,4.181,0.6391
1692846924.438014,4.181,0.7534
1692846924.473553,4.181,0.7059
1692846924.505861,4.181,0.7299
1692846924.537673,4.181,0.7165
1692846924.573613,4.181,0.5659
1692846924.605629,4.181,0.668
1692846924.637678,4.181,0.7247
1692846924.673866,4.181,0.6513
1692846924.705560,4.181,0.6994
1692846924.737662,4.181,0.7427
1692846924.773549,4.181,0.6738
1692846924.805808,4.18,0.6605
1692846924.837537,4.18,0.7579
1692846924.873417,4.18,0.7205
1692846924.905568,4.18,0.6775
1692846924.937598,4.18,0.7418
1692846924.973392,4.18,0.6944
1692846925.005560,4.182,0.6855
1692846925.037625,4.182,0.7091
1692846925.073403,4.182,0.6586
1692846925.105643,4.182,0.6772
1692846925.137498,4.182,0.7201
1692846925.173584,4.182,0.6738
1692846925.205511,4.184,0.677
1692846925.237653,4.184,0.6895
1692846925.273578,4.184,0.642
1692846925.305784,4.184,0.6953
1692846925.337548,4.184,0.6566
1692846925.373803,4.184,0.6323
1692846925.405670,4.185,0.6504
1692846925.437508,4.185,0.5572
1692846925.473685,4.185,0.5711
1692846925.505594,4.185,0.6043
1692846925.537503,4.185,0.5268
1692846925.573524,4.185,0.6306
1692846925.605462,4.185,0.6737
1692846925.637649,4.185,0.587
1692846925.673437,4.185,0.5842
1692846925.705491,4.185,0.6703
1692846925.737580,4.185,0.608
1692846925.773422,4.185,0.5081
1692846925.805484,4.187,0.5694
1692846925.837764,4.187,0.595
1692846925.873451,4.187,0.6139
1692846925.905720,4.187,0.4804
1692846925.937460,4.187,0.4436
1692846925.973526,4.187,0.607
1692846926.005645,4.186,0.6125
1692846926.037657,4.186,0.6019
1692846926.073606,4.186,0.6122
1692846926.105656,4.186,0.4884
1692846926.137772,4.186,0.4751
1692846926.173469,4.186,0.5736
1692846926.205693,4.184,0.6047
1692846926.237622,4.184,0.597
1692846926.273623,4.184,0.5595
1692846926.305678,4.184,0.4243
1692846926.337652,4.184,0.4409
1692846926.373588,4.184,0.5228
1692846926.405701,4.184,0.5927
1692846926.437676,4.184,0.5927
1692846926.473546,4.184,0.5195
1692846926.505657,4.184,0.5982
1692846926.537662,4.184,0.477
1692846926.573804,4.184,0.4731
1692846926.605479,4.187,0.578
1692846926.637504,4.187,0.605
1692846926.673521,4.187,0.5392
1692846926.705669,4.187,0.5016
1692846926.737519,4.187,0.4657
1692846926.773624,4.187,0.3545
1692846926.806080,4.19,0.4583
1692846926.837626,4.19,0.4959
1692846926.873539,4.19,0.5072
1692846926.905681,4.19,0.5116
1692846926.937602,4.19,0.5178
1692846926.973474,4.19,0.5479
1692846927.005796,4.193,0.5635
1692846927.037529,4.193,0.5416
1692846927.073461,4.193,0.4918
1692846927.105722,4.193,0.43
1692846927.137519,4.193,0.5383
1692846927.173515,4.193,0.5335
1692846927.205631,4.191,0.5841
1692846927.237907,4.191,0.5541
1692846927.274413,4.191,0.4935
1692846927.305651,4.191,0.3923
1692846927.337634,4.191,0.4326
1692846927.373533,4.191,0.4668
1692846927.405766,4.189,0.4334
1692846927.437647,4.189,0.4721
1692846927.473508,4.189,0.5121
1692846927.505559,4.189,0.3839
1692846927.537557,4.189,0.4005
1692846927.573579,4.189,0.3863
1692846927.605688,4.186,0.4381
1692846927.637734,4.186,0.346
1692846927.673780,4.186,0.4071
1692846927.705755,4.186,0.3416
1692846927.737664,4.186,0.6338
1692846927.773464,4.186,0.3528
1692846927.805523,4.185,0.3937
1692846927.837606,4.185,0.4322
1692846927.873517,4.185,0.3475
1692846927.905513,4.185,0.3973
1692846927.937540,4.185,0.3949
1692846927.973491,4.185,0.3813
1692846928.005536,4.186,0.4766
1692846928.037497,4.186,0.4709
1692846928.073576,4.186,0.4213
1692846928.105531,4.186,0.3803
1692846928.137572,4.186,0.5358
1692846928.173452,4.186,0.4819
1692846928.205547,4.184,0.4225
1692846928.237543,4.184,0.3882
1692846928.273672,4.184,0.4348
1692846928.305834,4.184,0.4535
1692846928.337512,4.184,0.4364
1692846928.373518,4.184,0.4581
1692846928.406279,4.184,0.4224
1692846928.437651,4.184,0.4322
1692846928.473492,4.184,0.4158
1692846928.505696,4.184,0.4147
1692846928.537638,4.184,0.4177
1692846928.573490,4.184,0.4905
1692846928.605705,4.186,0.3932
1692846928.637545,4.186,0.2955
1692846928.673452,4.186,0.4544
1692846928.705603,4.186,0.3944
1692846928.737581,4.186,0.4083
1692846928.773589,4.186,0.3913
1692846928.805575,4.184,0.4518
1692846928.837591,4.184,0.4857
1692846928.873601,4.184,0.4115
1692846928.905628,4.184,0.4981
1692846928.937572,4.184,0.4165
1692846928.973619,4.184,0.4684
1692846929.005670,4.183,0.4105
1692846929.037664,4.183,0.3981
1692846929.073514,4.183,0.4032
1692846929.105566,4.183,0.3934
1692846929.137522,4.183,0.4433
1692846929.173886,4.183,0.4279
1692846929.205792,4.182,0.4652
1692846929.238037,4.182,0.525
1692846929.273835,4.182,0.4753
1692846929.305537,4.182,0.4453
1692846929.337630,4.182,0.4541
1692846929.373803,4.182,0.4147
1692846929.405696,4.182,0.4038
1692846929.437867,4.182,0.331
1692846929.473667,4.182,0.4573
1692846929.505540,4.182,0.4611
1692846929.537469,4.182,0.4242
1692846929.574253,4.182,0.3916
1692846929.605644,4.182,0.4849
1692846929.637984,4.182,0.4211
1692846929.673536,4.182,0.4728
1692846929.705620,4.182,0.3811
1692846929.737540,4.182,0.4146
1692846929.773527,4.182,0.5051
1692846929.805638,4.177,0.4205
1692846929.837570,4.177,0.3698
1692846929.873493,4.177,0.4165
1692846929.905622,4.177,0.3847
1692846929.937533,4.177,0.4301
1692846929.973612,4.177,0.4051
1692846930.005648,4.176,0.4327
1692846930.037752,4.176,0.4554
1692846930.073592,4.176,0.3588
1692846930.105878,4.176,0.445
1692846930.137652,4.176,0.4248
1692846930.173583,4.176,0.5451
1692846930.205608,4.178,0.4064
1692846930.237547,4.178,0.3613
1692846930.273476,4.178,0.4618
1692846930.305617,4.178,0.4732
1692846930.337565,4.178,0.4514
1692846930.373483,4.178,0.4151
1692846930.405466,4.177,0.4646
1692846930.437614,4.177,0.4613
1692846930.473431,4.177,0.4435
1692846930.505481,4.177,0.4512
1692846930.537536,4.177,0.4531
1692846930.573429,4.177,0.5259
1692846930.605674,4.177,0.4894
1692846930.638178,4.172,0.4192
1692846930.673474,4.172,0.4365
1692846930.705902,4.172,0.5787
1692846930.737576,4.172,0.4647
1692846930.773682,4.172,0.3632
1692846930.807536,4.172,0.4445
1692846930.837672,4.172,0.3703
1692846930.873640,4.172,0.4519
1692846930.905548,4.172,0.3778
1692846930.937602,4.172,0.45
1692846930.973574,4.172,0.4339
1692846931.005586,4.172,0.3929
1692846931.037549,4.172,0.4041
1692846931.073565,4.172,0.4307
1692846931.105541,4.172,0.4393
1692846931.137532,4.172,0.4257
1692846931.173450,4.172,0.4261
1692846931.205690,4.172,0.409
1692846931.237525,4.172,0.4349
1692846931.273626,4.172,0.4378
1692846931.305576,4.172,0.461
1692846931.337524,4.172,0.4527
1692846931.373770,4.172,0.479
1692846931.405523,4.172,0.3852
1692846931.437614,4.172,0.4169
1692846931.473696,4.172,0.4717
1692846931.505521,4.172,0.4056
1692846931.537576,4.178,0.4239
1692846931.573590,4.178,0.452
1692846931.605577,4.178,0.386
1692846931.637658,4.178,0.4966
1692846931.673573,4.178,0.3899
1692846931.705817,4.178,0.4244
1692846931.738010,4.178,0.3472
1692846931.773651,4.189,0.4654
1692846931.805763,4.189,0.3965
1692846931.837697,4.189,0.4197
1692846931.873634,4.189,0.3938
1692846931.905752,4.189,0.3645
1692846931.937539,4.189,0.5021
1692846931.974182,4.189,0.264
1692846932.005724,4.206,0.3701
1692846932.037725,4.206,0.4532
1692846932.074140,4.206,0.4384
1692846932.105638,4.206,0.438
1692846932.137636,4.206,0.4205
1692846932.173521,4.206,0.5363
1692846932.205586,4.228,0.4011
1692846932.237633,4.228,0.3897
1692846932.273473,4.228,0.5046
1692846932.305498,4.228,0.3814
1692846932.337499,4.228,0.3876
1692846932.374259,4.228,0.2903
1692846932.405661,4.273,0.4709
1692846932.437642,4.273,0.3898
1692846932.473666,4.273,0.4681
1692846932.505893,4.273,0.1475
1692846932.537592,4.273,0.4185
1692846932.573495,4.273,0.4629
1692846932.605547,4.34,0.4366
1692846932.637641,4.34,0.4382
1692846932.673488,4.34,0.4676
1692846932.705565,4.34,0.4233
1692846932.737513,4.34,0.4428
1692846932.773490,4.34,0.3633
1692846932.805493,4.411,0.4663
1692846932.837601,4.411,0.4351
1692846932.873509,4.411,0.4368
1692846932.905658,4.411,0.3629
1692846932.937557,4.411,0.4591
1692846932.973554,4.411,0.3959
1692846933.005563,4.47,0.5054
1692846933.037550,4.47,0.4055
1692846933.073457,4.47,0.5107
1692846933.105551,4.47,0.317
1692846933.137484,4.47,0.4785
1692846933.173531,4.47,0.4383
1692846933.205208,4.553,0.3721
1692846933.237238,4.553,0.4019
1692846933.273458,4.553,0.4416
1692846933.305702,4.553,0.4592
1692846933.337823,4.553,0.4435
1692846933.373834,4.553,0.4801
1692846933.405441,4.649,0.3628
1692846933.437424,4.649,0.3228
1692846933.473670,4.649,0.4231
1692846933.505735,4.649,0.4164
1692846933.537409,4.649,0.3761
1692846933.573487,4.649,0.4544
1692846933.605381,4.748,0.4123
1692846933.637375,4.748,0.4382
1692846933.673551,4.748,0.3714
1692846933.705441,4.748,0.4025
1692846933.737373,4.748,0.4132
1692846933.773384,4.748,0.4288
1692846933.805393,4.834,0.4266
1692846933.837379,4.834,0.4346
1692846933.873374,4.834,0.4389
1692846933.905623,4.834,0.4318
1692846933.937396,4.834,0.459
1692846933.973509,4.834,0.4648
1692846934.005481,4.947,0.3372
1692846934.037523,4.947,0.4568
1692846934.074493,4.947,0.4506
1692846934.105414,4.947,0.4586
1692846934.137726,4.947,0.5098
1692846934.173494,4.947,0.3749
1692846934.205572,5.028,0.5053
1692846934.237447,5.028,0.4048
1692846934.273702,5.028,0.3942
1692846934.305510,5.028,0.4616
1692846934.337437,5.028,0.3783
1692846934.374685,5.131,0.4173
1692846934.405722,5.131,0.4378
1692846934.438126,5.131,0.4577
1692846934.473813,5.131,0.3454
1692846934.505748,5.131,0.4525
1692846934.537539,5.131,0.4524
1692846934.573540,5.131,0.3539
1692846934.605624,5.212,0.4064
1692846934.637371,5.212,0.279
1692846934.673357,5.212,0.4946
1692846934.705547,5.212,0.48
1692846934.737395,5.212,0.3896
1692846934.773877,5.212,0.3112
1692846934.805652,5.334,0.4744
1692846934.837664,5.334,0.5727
1692846934.873460,5.334,0.4299
1692846934.905700,5.334,0.3327
1692846934.937450,5.334,0.4028
1692846934.973546,5.334,0.3984
1692846935.005569,5.334,0.375
1692846935.037724,5.434,0.3901
1692846935.073562,5.434,0.3684
1692846935.105751,5.434,0.4621
1692846935.137670,5.434,0.4269
1692846935.173472,5.434,0.4387
1692846935.205369,5.434,0.4207
1692846935.237585,5.536,0.4271
1692846935.273438,5.536,0.3664
1692846935.305478,5.536,0.4513
1692846935.337399,5.536,0.4818
1692846935.373329,5.536,0.4272
1692846935.405510,5.536,0.5964
1692846935.437507,5.615,0.4632
1692846935.473076,5.615,0.3845
1692846935.505637,5.615,0.4017
1692846935.537459,5.615,0.4262
1692846935.573694,5.615,0.3429
1692846935.605679,5.615,0.398
1692846935.637833,5.715,0.4346
1692846935.673886,5.715,0.4174
1692846935.705579,5.715,0.4883
1692846935.738745,5.715,0.4263
1692846935.773689,5.715,0.437
1692846935.805509,5.715,0.3803
1692846935.837276,5.82,0.4095
1692846935.873528,5.82,0.4396
1692846935.905533,5.82,0.4574
1692846935.937502,5.82,0.4196
1692846935.973443,5.82,0.4464
1692846936.005913,5.82,0.4374
1692846936.037452,5.923,0.4195
1692846936.073509,5.923,0.4498
1692846936.105639,5.923,0.4138
1692846936.137510,5.923,0.4166
1692846936.173962,5.923,0.2939
1692846936.205711,5.923,0.4416
1692846936.237688,6.004,0.4339
1692846936.273523,6.004,0.544
1692846936.305537,6.004,0.3866
1692846936.337472,6.004,0.3844
1692846936.374181,6.004,0.3877
1692846936.405698,6.004,0.3933
1692846936.437746,6.13,0.3559
1692846936.473829,6.13,0.5162
1692846936.505592,6.13,0.4015
1692846936.537707,6.13,0.4041
1692846936.573629,6.13,0.2915
1692846936.605682,6.13,0.436
1692846936.637511,6.13,0.4239
1692846936.673470,6.13,0.5018
1692846936.705804,6.241,0.4108
1692846936.737736,6.241,0.2843
1692846936.773706,6.241,0.4809
1692846936.806377,6.241,0.4107
1692846936.837979,6.241,0.4624
1692846936.873467,6.241,0.4779
1692846936.906136,6.33,0.472
1692846936.938076,6.33,0.4141
1692846936.973438,6.33,0.456
1692846937.005603,6.33,0.4037
1692846937.037481,6.33,0.3892
1692846937.073537,6.33,0.3782
1692846937.105519,6.447,0.4814
1692846937.137583,6.447,0.4229
1692846937.173496,6.447,0.4465
1692846937.205903,6.447,0.4219
1692846937.237788,6.447,0.4611
1692846937.273565,6.447,0.3703
1692846937.305753,6.529,0.3461
1692846937.337637,6.529,0.4248
1692846937.373569,6.529,0.4749
1692846937.405571,6.529,0.3663
1692846937.437512,6.529,0.4357
1692846937.473479,6.529,0.411
1692846937.505564,6.638,0.43
1692846937.537557,6.638,0.4091
1692846937.573481,6.638,0.4124
1692846937.605462,6.638,0.3837
1692846937.637508,6.638,0.3475
1692846937.673539,6.638,0.469
1692846937.705507,6.747,0.3391
1692846937.737597,6.747,0.3386
1692846937.773565,6.747,0.3871
1692846937.805541,6.747,0.4256
1692846937.837517,6.747,0.3191
1692846937.873503,6.747,0.3896
1692846937.905550,6.859,0.514
1692846937.937521,6.859,0.3583
1692846937.973588,6.859,0.3704
1692846938.005641,6.859,0.4537
1692846938.037608,6.859,0.3813
1692846938.073524,6.859,0.5591
1692846938.105703,6.945,0.4487
1692846938.137616,6.945,0.4754
1692846938.173527,6.945,0.3653
1692846938.205513,6.945,0.3667
1692846938.237563,6.945,0.4128
1692846938.273452,6.945,0.4158
1692846938.305570,7.058,0.2807
1692846938.337425,7.058,0.3817
1692846938.373613,7.058,0.4075
1692846938.405700,7.058,0.447
1692846938.437642,7.058,0.4519
1692846938.474011,7.058,0.3626
1692846938.505553,7.179,0.3669
1692846938.537636,7.179,0.4439
1692846938.573640,7.179,0.4122
1692846938.605653,7.179,0.4653
1692846938.637560,7.179,0.4036
1692846938.673696,7.179,0.4435
1692846938.705515,7.272,0.5666
1692846938.737483,7.272,0.4076
1692846938.773434,7.272,0.4026
1692846938.805672,7.272,0.4439
1692846938.837652,7.272,0.3412
1692846938.873661,7.272,0.4276
1692846938.905832,7.388,0.4099
1692846938.937593,7.388,0.4654
1692846938.973818,7.388,0.3775
1692846939.005687,7.388,0.3864
1692846939.038011,7.388,0.4317
1692846939.073556,7.388,0.3284
1692846939.105689,7.51,0.3995
1692846939.137612,7.51,0.4478
1692846939.173643,7.51,0.3302
1692846939.206493,7.51,0.4109
1692846939.238107,7.51,0.3642
1692846939.273706,7.51,0.3988
1692846939.305874,7.602,0.3061
1692846939.338170,7.602,0.386
1692846939.373564,7.602,0.3766
1692846939.405570,7.602,0.3828
1692846939.437579,7.602,0.4214
1692846939.473509,7.602,0.4339
1692846939.505569,7.708,0.3642
1692846939.537529,7.708,0.3271
1692846939.573592,7.708,0.3827
1692846939.605727,7.708,0.4092
1692846939.637715,7.708,0.3984
1692846939.673770,7.708,0.392
1692846939.705801,7.813,0.3617
1692846939.737570,7.813,0.4427
1692846939.773584,7.813,0.3854
1692846939.805552,7.813,0.51
1692846939.837519,7.813,0.377
1692846939.873484,7.813,0.4566
1692846939.905560,7.919,0.4225
1692846939.937484,7.919,0.4197
1692846939.973430,7.919,0.3933
1692846940.005551,7.919,0.4268
1692846940.037505,7.919,0.3874
1692846940.073664,7.919,0.5317
1692846940.105706,8.004,0.3664
1692846940.137506,8.004,0.3797
1692846940.173557,8.004,0.4213
1692846940.205720,8.004,0.4503
1692846940.237514,8.004,0.4356
1692846940.273513,8.004,0.3879
1692846940.305612,8.106,0.4174
1692846940.337491,8.106,0.3569
1692846940.373636,8.106,0.373
1692846940.405758,8.106,0.6166
1692846940.437672,8.106,0.3439
1692846940.473585,8.106,0.4252
1692846940.505802,8.203,0.4336
1692846940.537544,8.203,0.332
1692846940.573616,8.203,0.3543
1692846940.605538,8.203,0.3728
1692846940.637552,8.203,0.2785
1692846940.673567,8.203,0.3553
1692846940.705544,8.286,0.338
1692846940.737485,8.286,0.3168
1692846940.773480,8.286,0.429
1692846940.805617,8.286,0.4224
1692846940.837535,8.286,0.3994
1692846940.873528,8.286,0.4039
1692846940.905754,8.389,0.3458
1692846940.937509,8.389,0.3992
1692846940.973547,8.389,0.4226
1692846941.005771,8.389,0.4475
1692846941.037551,8.389,0.3926
1692846941.073471,8.389,0.3811
1692846941.105624,8.472,0.6044
1692846941.137580,8.472,0.4088
1692846941.173945,8.472,0.3456
1692846941.205735,8.472,0.3628
1692846941.237724,8.472,0.4285
1692846941.273659,8.472,0.3295
1692846941.305749,8.57,0.4444
1692846941.337789,8.57,0.3595
1692846941.373602,8.57,0.3814
1692846941.405774,8.57,0.3914
1692846941.437661,8.57,0.3343
1692846941.473596,8.57,0.3767
1692846941.505704,8.665,0.3761
1692846941.537643,8.665,0.4051
1692846941.573473,8.665,0.3931
1692846941.605696,8.665,0.437
1692846941.637819,8.665,0.4396
1692846941.673501,8.665,0.4459
1692846941.705617,8.762,0.3106
1692846941.738105,8.762,0.3531
1692846941.773567,8.762,0.3806
1692846941.805601,8.762,0.4597
1692846941.837937,8.762,0.3368
1692846941.873430,8.762,0.4366
1692846941.905782,8.838,0.3954
1692846941.937611,8.838,0.5702
1692846941.973949,8.838,0.343
1692846942.005722,8.838,0.3261
1692846942.037809,8.838,0.3833
1692846942.073622,8.838,0.4132
1692846942.105965,8.894,0.2724
1692846942.137567,8.894,0.3344
1692846942.173513,8.894,0.264
1692846942.205642,8.894,0.4156
1692846942.237551,8.894,0.3934
1692846942.273524,8.894,0.3953
1692846942.305620,8.903,0.4023
1692846942.337587,8.903,0.3724
1692846942.373528,8.903,0.4492
1692846942.405530,8.903,0.3709
1692846942.437511,8.903,0.4862
1692846942.473583,8.903,0.4247
1692846942.505576,8.897,0.4023
1692846942.537527,8.897,0.4623
1692846942.573508,8.897,0.3273
1692846942.605664,8.897,0.5606
1692846942.637606,8.897,0.2992
1692846942.673579,8.897,0.368
1692846942.705502,8.897,0.4293
1692846942.737575,8.895,0.3374
1692846942.773446,8.895,0.3447
1692846942.805799,8.895,0.5134
1692846942.837595,8.895,0.4575
1692846942.873558,8.895,0.3535
1692846942.905547,8.895,0.3724
1692846942.937656,8.898,0.4158
1692846942.973455,8.898,0.4245
1692846943.005507,8.898,0.4265
1692846943.037551,8.898,0.3521
1692846943.073628,8.898,0.4612
1692846943.105713,8.898,0.4007
1692846943.137579,8.898,0.4637
1692846943.173733,8.898,0.4028
1692846943.205561,8.901,0.3705
1692846943.237588,8.901,0.4043
1692846943.273122,8.901,0.2966
1692846943.305980,8.901,0.363
1692846943.337167,8.901,0.4353
1692846943.373394,8.901,0.4023
1692846943.405470,8.905,0.5084
1692846943.437343,8.905,0.4366
1692846943.473291,8.905,0.3937
1692846943.505373,8.905,0.4484
1692846943.537268,8.905,0.3504
1692846943.573257,8.905,0.3433
1692846943.605362,8.905,0.3731
1692846943.637317,8.905,0.435
1692846943.673265,8.905,0.4249
1692846943.706488,8.905,0.5017
1692846943.737623,8.905,0.3625
1692846943.773262,8.905,0.4039
1692846943.805328,8.904,0.4308
1692846943.837407,8.904,0.3899
1692846943.873501,8.904,0.3601
1692846943.905602,8.904,0.3958
1692846943.937469,8.904,0.3773
1692846943.973209,8.904,0.3111
1692846944.005479,8.902,0.4268
1692846944.037851,8.902,0.3824
1692846944.073492,8.902,0.3445
1692846944.105457,8.902,0.4251
1692846944.137713,8.902,0.3141
1692846944.173692,8.902,0.3405
1692846944.205333,8.904,0.3505
1692846944.237421,8.904,0.4068
1692846944.273660,8.904,0.6112
1692846944.305507,8.904,0.3016
1692846944.337338,8.904,0.4135
1692846944.373210,8.904,0.3779
1692846944.405336,8.904,0.3565
1692846944.437454,8.904,0.3682
1692846944.473586,8.904,0.3702
1692846944.505914,8.904,0.3583
1692846944.537793,8.904,0.4117
1692846944.573282,8.904,0.3985
1692846944.605153,8.906,0.2961
1692846944.637206,8.906,0.3322
1692846944.673833,8.906,0.3957
1692846944.705239,8.906,0.567
1692846944.737367,8.906,0.4759
1692846944.773311,8.906,0.3076
1692846944.805302,8.91,0.4047
1692846944.837322,8.91,0.369
1692846944.873214,8.91,0.5104
1692846944.905191,8.91,0.3639
1692846944.937432,8.91,0.4044
1692846944.973320,8.91,0.3535
1692846945.005330,8.913,0.3833
1692846945.037342,8.913,0.361
1692846945.073215,8.913,0.3098
1692846945.105319,8.913,0.3984
1692846945.137267,8.913,0.4454
1692846945.173873,8.913,0.3586
1692846945.205505,8.91,0.3063
1692846945.237517,8.91,0.3689
1692846945.273230,8.91,0.3919
1692846945.305331,8.91,0.3768
1692846945.337405,8.91,0.363
1692846945.373486,8.91,0.6282
1692846945.405205,8.905,0.3776
1692846945.437259,8.905,0.3362
1692846945.473480,8.905,0.262
1692846945.505336,8.905,0.3359
1692846945.537274,8.905,0.3473
1692846945.573308,8.905,0.323
1692846945.605339,8.899,0.4215
1692846945.637276,8.899,0.367
1692846945.673579,8.899,0.2855
1692846945.705408,8.899,0.3663
1692846945.737269,8.899,0.6773
1692846945.773202,8.899,0.2405
1692846945.805389,8.899,0.322
1692846945.837264,8.899,0.4144
1692846945.873237,8.899,0.3459
1692846945.905314,8.899,0.3557
1692846945.937510,8.899,0.3837
1692846945.973284,8.899,0.3331
1692846946.005300,8.898,0.3996
1692846946.037412,8.898,0.375
1692846946.073667,8.898,0.4236
1692846946.105678,8.898,0.4116
1692846946.137678,8.898,0.3425
1692846946.173291,8.898,0.3231
1692846946.205792,8.898,0.3607
1692846946.237383,8.901,0.3898
1692846946.273420,8.901,0.4565
1692846946.305447,8.901,0.4839
1692846946.337549,8.901,0.4615
1692846946.373300,8.901,0.3844
1692846946.405507,8.901,0.4321
1692846946.437591,8.905,0.4017
1692846946.473358,8.905,0.5007
1692846946.505377,8.905,0.4105
1692846946.537461,8.905,0.3877
1692846946.573988,8.905,0.4427
1692846946.605283,8.905,0.3917
1692846946.637223,8.903,0.2918
1692846946.673199,8.903,0.5108
1692846946.705256,8.903,0.3625
1692846946.737168,8.903,0.4545
1692846946.773293,8.903,0.417
1692846946.805360,8.903,0.458
1692846946.837445,8.901,0.4263
1692846946.873450,8.901,0.2977
1692846946.905433,8.901,0.3204
1692846946.937348,8.901,0.4315
1692846946.973277,8.901,0.3786
1692846947.005354,8.901,0.5006
1692846947.037439,8.897,0.4529
1692846947.073173,8.897,0.43
1692846947.105428,8.897,0.2878
1692846947.137197,8.897,0.4647
1692846947.173298,8.897,0.4337
1692846947.205202,8.897,0.441
1692846947.237244,8.9,0.4719
1692846947.273335,8.9,0.3065
1692846947.305484,8.9,0.3747
1692846947.338649,8.9,0.4209
1692846947.373516,8.9,0.4457
1692846947.405418,8.9,0.4257
1692846947.437556,8.901,0.4772
1692846947.473501,8.901,0.5067
1692846947.505533,8.901,0.5546
1692846947.537683,8.901,0.5453
1692846947.573603,8.901,0.477
1692846947.605669,8.901,0.5928
1692846947.637537,8.902,0.4621
1692846947.673391,8.902,0.4764
1692846947.705554,8.902,0.5092
1692846947.737336,8.902,0.5886
1692846947.773472,8.902,0.5189
1692846947.805538,8.902,0.4227
1692846947.837243,8.905,0.4841
1692846947.873351,8.905,0.5494
1692846947.905749,8.905,0.549
1692846947.937326,8.905,0.3896
1692846947.973341,8.905,0.4353
1692846948.005392,8.905,0.4534
1692846948.037429,8.905,0.5542
1692846948.073459,8.905,0.5446
1692846948.105348,8.909,0.5132
1692846948.137290,8.909,0.5775
1692846948.173301,8.909,0.5483
1692846948.205576,8.909,0.4811
1692846948.237170,8.909,0.5391
1692846948.273225,8.909,0.5487
1692846948.305343,8.913,0.5153
1692846948.337309,8.913,0.5331
1692846948.373391,8.913,0.5614
1692846948.405284,8.913,0.5959
1692846948.437371,8.913,0.4946
1692846948.473282,8.913,0.5912
1692846948.505460,8.913,0.6011
1692846948.537340,8.914,0.5459
1692846948.573232,8.914,0.5984
1692846948.605854,8.914,0.5487
1692846948.637414,8.914,0.5346
1692846948.673223,8.914,0.4604
1692846948.705449,8.914,0.5807
1692846948.737489,8.914,0.5896
1692846948.773276,8.919,0.5259
1692846948.805396,8.919,0.5964
1692846948.837380,8.919,0.5888
1692846948.873348,8.919,0.6031
1692846948.905202,8.919,0.6111
1692846948.937296,8.919,0.5837
1692846948.973202,8.923,0.6229
1692846949.005334,8.923,0.5695
1692846949.037241,8.923,0.607
1692846949.073276,8.923,0.6204
1692846949.105398,8.923,0.6244
1692846949.137427,8.923,0.5888
1692846949.173238,8.924,0.5895
1692846949.205411,8.924,0.4948
1692846949.237414,8.924,0.4788
1692846949.273313,8.924,0.5872
1692846949.305407,8.924,0.5941
1692846949.337344,8.929,0.5894
1692846949.373310,8.929,0.585
1692846949.405310,8.929,0.5947
1692846949.437418,8.929,0.6011
1692846949.473593,8.929,0.6286
1692846949.505481,8.929,0.5725
1692846949.538692,8.931,0.6247
1692846949.573465,8.931,0.6044
1692846949.605520,8.931,0.5945
1692846949.637456,8.931,0.666
1692846949.673322,8.931,0.6455
1692846949.705532,8.931,0.5627
1692846949.737501,8.931,0.569
1692846949.773544,8.939,0.6353
1692846949.805252,8.939,0.6346
1692846949.837269,8.939,0.639
1692846949.873224,8.939,0.6309
1692846949.905336,8.939,0.657
1692846949.937395,8.939,0.6373
1692846949.973376,8.939,0.6461
1692846950.006086,8.942,0.6086
1692846950.037561,8.942,0.6274
1692846950.073349,8.942,0.6189
1692846950.105609,8.942,0.6391
1692846950.137483,8.942,0.6693
1692846950.173477,8.942,0.6243
1692846950.205403,8.943,0.5431
1692846950.237328,8.943,0.6214
1692846950.273368,8.943,0.6519
1692846950.305490,8.943,0.6523
1692846950.337287,8.943,0.673
1692846950.373636,8.943,0.6672
1692846950.405366,8.933,0.672
1692846950.437444,8.933,0.6759
1692846950.473338,8.933,0.6947
1692846950.505395,8.933,0.67
1692846950.537323,8.933,0.6382
1692846950.573445,8.933,0.6759
1692846950.605300,8.933,0.7101
1692846950.637330,8.928,0.6158
1692846950.673414,8.928,0.6912
1692846950.705571,8.928,0.6959
1692846950.737482,8.928,0.6869
1692846950.773489,8.928,0.6868
1692846950.805609,8.928,0.7266
1692846950.837679,8.925,0.7086
1692846950.873541,8.925,0.721
1692846950.905540,8.925,0.7081
1692846950.937699,8.925,0.7188
1692846950.973364,8.925,0.7326
1692846951.005627,8.925,0.7369
1692846951.037988,8.925,0.7305
1692846951.073611,8.929,0.7076
1692846951.105588,8.929,0.638
1692846951.137652,8.929,0.6795
1692846951.173465,8.929,0.7316
1692846951.205382,8.929,0.7268
1692846951.237580,8.937,0.7062
1692846951.273448,8.937,0.7198
1692846951.305357,8.937,0.6971
1692846951.337419,8.937,0.6853
1692846951.373677,8.937,0.7432
1692846951.405435,8.937,0.724
1692846951.437481,8.94,0.7227
1692846951.473494,8.94,0.7153
1692846951.505835,8.94,0.6902
1692846951.537646,8.94,0.7106
1692846951.573670,8.94,0.7192
1692846951.606035,8.94,0.7286
1692846951.637659,8.933,0.7027
1692846951.673863,8.933,0.6755
1692846951.705694,8.933,0.7055
1692846951.737545,8.933,0.7267
1692846951.773459,8.933,0.6973
1692846951.805484,8.933,0.7031
1692846951.837763,8.933,0.6341
1692846951.873563,8.931,0.7081
1692846951.905497,8.931,0.72
1692846951.937490,8.931,0.7071
1692846951.973460,8.931,0.6883
1692846952.005522,8.931,0.6818
1692846952.037483,8.924,0.7023
1692846952.073440,8.924,0.7111
1692846952.105510,8.924,0.7152
1692846952.137441,8.924,0.7233
1692846952.173341,8.924,0.6975
1692846952.205675,8.924,0.651
1692846952.237469,8.919,0.704
1692846952.273456,8.919,0.7065
1692846952.305370,8.919,0.701
1692846952.337519,8.919,0.7218
1692846952.373771,8.919,0.689
1692846952.405761,8.919,0.7051
1692846952.438444,8.924,0.7038
1692846952.473706,8.924,0.6991
1692846952.505527,8.924,0.7088
1692846952.537550,8.924,0.7006
1692846952.573716,8.924,0.7165
1692846952.605452,8.924,0.7177
1692846952.637548,8.934,0.7155
1692846952.673409,8.934,0.7082
1692846952.705677,8.934,0.7403
1692846952.737419,8.934,0.6885
1692846952.773454,8.934,0.7276
1692846952.805659,8.934,0.7142
1692846952.837491,8.934,0.6837
1692846952.874010,8.95,0.7061
1692846952.905343,8.95,0.7111
1692846952.937400,8.95,0.6915
1692846952.973423,8.95,0.7165
1692846953.005557,8.95,0.7087
1692846953.037446,8.95,0.7008
1692846953.073329,8.951,0.7198
1692846953.105638,8.951,0.7038
1692846953.137507,8.951,0.7216
1692846953.173535,8.951,0.7238
1692846953.205393,8.951,0.7271
1692846953.238639,8.951,0.711
1692846953.273586,8.951,0.7003
1692846953.305847,8.947,0.7447
1692846953.337671,8.947,0.7329
1692846953.373372,8.947,0.7265
1692846953.405647,8.947,0.711
1692846953.437592,8.947,0.725
1692846953.473452,8.947,0.7167
1692846953.505507,8.939,0.6897
1692846953.537368,8.939,0.7324
1692846953.573498,8.939,0.7329
1692846953.605639,8.939,0.7289
1692846953.637478,8.939,0.7286
1692846953.673473,8.939,0.7417
1692846953.705483,8.949,0.7192
1692846953.740665,8.949,0.7384
1692846953.777567,8.949,0.7206
1692846953.809749,8.949,0.7357
1692846953.841847,8.949,0.7231
1692846953.872915,8.949,0.7046
1692846953.905290,8.953,0.7059
1692846953.936883,8.953,0.73
1692846953.973104,8.953,0.6935
1692846954.005370,8.953,0.7191
1692846954.037383,8.953,0.6696
1692846954.073458,8.953,0.7242
1692846954.105830,8.939,0.6911
1692846954.137463,8.939,0.6825
1692846954.173234,8.939,0.7241
1692846954.205336,8.939,0.7251
1692846954.237434,8.939,0.7216
1692846954.273186,8.939,0.6991
1692846954.305112,8.922,0.7072
1692846954.337178,8.922,0.6794
1692846954.373221,8.922,0.702
1692846954.405210,8.922,0.6717
1692846954.437264,8.922,0.6759
1692846954.473134,8.922,0.7402
1692846954.505038,8.911,0.7165
1692846954.537139,8.911,0.693
1692846954.573246,8.911,0.6902
1692846954.605250,8.911,0.6956
1692846954.637185,8.911,0.7019
1692846954.673349,8.911,0.7047
1692846954.705278,8.908,0.7302
1692846954.737268,8.908,0.7321
1692846954.773528,8.908,0.7285
1692846954.805398,8.908,0.7196
1692846954.837354,8.908,0.7119
1692846954.873258,8.908,0.6838
1692846954.905529,8.903,0.6704
1692846954.937375,8.903,0.6939
1692846954.973335,8.903,0.7209
1692846955.005423,8.903,0.7364
1692846955.037389,8.903,0.7415
1692846955.073188,8.903,0.6792
1692846955.105386,8.905,0.7028
1692846955.137088,8.905,0.6942
1692846955.173683,8.905,0.713
1692846955.205441,8.905,0.7
1692846955.237316,8.905,0.7208
1692846955.273185,8.905,0.7083
1692846955.305160,8.913,0.6939
1692846955.337083,8.913,0.6909
1692846955.373029,8.913,0.7295
1692846955.405519,8.913,0.7028
1692846955.437155,8.913,0.7371
1692846955.473238,8.913,0.738
1692846955.505545,8.919,0.7195
1692846955.537063,8.919,0.7448
1692846955.573602,8.919,0.7117
1692846955.605633,8.919,0.7392
1692846955.637287,8.919,0.6864
1692846955.673103,8.919,0.7127
1692846955.705645,8.923,0.7293
1692846955.737269,8.923,0.7381
1692846955.773314,8.923,0.7054
1692846955.805354,8.923,0.7125
1692846955.837278,8.923,0.6972
1692846955.873061,8.923,0.726
1692846955.905212,8.926,0.7439
1692846955.937288,8.926,0.7155
1692846955.973187,8.926,0.7002
1692846956.005217,8.926,0.6788
1692846956.037088,8.926,0.7009
1692846956.073421,8.926,0.7075
1692846956.105309,8.932,0.7286
1692846956.137353,8.932,0.7515
1692846956.173213,8.932,0.7347
1692846956.204977,8.932,0.7142
1692846956.237301,8.932,0.6952
1692846956.273243,8.932,0.7271
1692846956.305394,8.938,0.7268
1692846956.337470,8.938,0.7032
1692846956.373472,8.938,0.7365
1692846956.405752,8.938,0.7282
1692846956.437809,8.938,0.6616
1692846956.473720,8.938,0.7317
1692846956.505455,8.941,0.6808
1692846956.537609,8.941,0.7237
1692846956.573470,8.941,0.749
1692846956.605658,8.941,0.7259
1692846956.637467,8.941,0.7192
1692846956.673498,8.941,0.7324
1692846956.705505,8.944,0.7227
1692846956.737507,8.944,0.7292
1692846956.773536,8.944,0.7534
1692846956.805217,8.944,0.7318
1692846956.837503,8.944,0.7383
1692846956.873611,8.944,0.6912
1692846956.905531,8.939,0.6998
1692846956.937568,8.939,0.75
1692846956.973529,8.939,0.6744
1692846957.005585,8.939,0.7467
1692846957.037534,8.939,0.6652
1692846957.073836,8.939,0.6207
1692846957.105834,8.936,0.6444
1692846957.137758,8.936,0.7196
1692846957.174106,8.936,0.695
1692846957.206119,8.936,0.73
1692846957.238075,8.936,0.6343
1692846957.274375,8.936,0.6267
1692846957.305773,8.937,0.5149
1692846957.337928,8.937,0.5431
1692846957.373694,8.937,0.6251
1692846957.405960,8.937,0.6459
1692846957.437728,8.937,0.376
1692846957.473799,8.937,0.524
1692846957.505860,8.94,0.2923
1692846957.537793,8.94,0.5844
1692846957.574198,8.94,0.3556
1692846957.606041,8.94,0.5057
1692846957.638088,8.94,0.386
1692846957.674641,8.94,0.4361
1692846957.705590,8.939,0.6598
1692846957.737525,8.939,0.4334
1692846957.773554,8.939,0.5757
1692846957.805648,8.939,0.6305
1692846957.837648,8.939,0.6906
1692846957.873544,8.939,0.4818
1692846957.905625,8.936,0.4502
1692846957.937534,8.936,0.3927
1692846957.973556,8.936,0.5904
1692846958.005672,8.936,0.4117
1692846958.037630,8.936,0.3867
1692846958.073517,8.936,0.4271
1692846958.105997,8.937,0.3235
1692846958.137652,8.937,0.3584
1692846958.173493,8.937,0.3976
1692846958.205490,8.937,0.3949
1692846958.237823,8.937,0.2682
1692846958.273897,8.937,0.498
1692846958.305714,8.942,0.5941
1692846958.337763,8.942,0.5111
1692846958.373499,8.942,0.6388
1692846958.405519,8.942,0.5869
1692846958.437541,8.942,0.6676
1692846958.473598,8.942,0.7145
1692846958.505617,8.941,0.6104
1692846958.537562,8.941,0.6102
1692846958.573548,8.941,0.5296
1692846958.605560,8.941,0.3154
1692846958.637570,8.941,0.5364
1692846958.673512,8.941,0.3831
1692846958.705797,8.941,0.3626
1692846958.737616,8.941,0.4215
1692846958.773586,8.941,0.3594
1692846958.805918,8.941,0.4531
1692846958.837805,8.941,0.3644
1692846958.873582,8.941,0.4867
1692846958.905652,8.939,0.5717
1692846958.937575,8.939,0.3844
1692846958.973539,8.939,0.3456
1692846959.005570,8.939,0.3018
1692846959.037519,8.939,0.4376
1692846959.073453,8.939,0.6118
1692846959.105591,8.935,0.4589
1692846959.137569,8.935,0.4811
1692846959.173465,8.935,0.4367
1692846959.205454,8.935,0.4638
1692846959.237524,8.935,0.4701
1692846959.273543,8.935,0.5084
1692846959.305665,8.933,0.6588
1692846959.338389,8.933,0.4441
1692846959.373588,8.933,0.5548
1692846959.405583,8.933,0.5258
1692846959.437603,8.933,0.5258
1692846959.473660,8.933,0.5823
1692846959.505620,8.936,0.5569
1692846959.537546,8.936,0.5416
1692846959.573447,8.936,0.5775
1692846959.605713,8.936,0.3457
1692846959.637609,8.936,0.4156
1692846959.673661,8.936,0.5431
1692846959.706130,8.942,0.5321
1692846959.738230,8.942,0.5716
1692846959.773736,8.942,0.6445
1692846959.805512,8.942,0.3669
1692846959.837614,8.942,0.514
1692846959.873876,8.942,0.3137
1692846959.905948,8.944,0.6379
1692846959.938138,8.944,0.3735
1692846959.973819,8.944,0.6383
1692846960.037723,8.944,0.5138
1692846960.074178,8.944,0.3292
1692846960.105604,8.943,0.6144
1692846960.137540,8.943,0.5017
1692846960.173609,8.943,0.491
1692846960.205606,8.943,0.5457
1692846960.237855,8.943,0.3401
1692846960.273583,8.943,0.4105
1692846960.305927,8.939,0.6413
1692846960.337518,8.939,0.4457
1692846960.373614,8.939,0.4737
1692846960.405657,8.939,0.6555
1692846960.437653,8.939,0.4252
1692846960.473610,8.939,0.6416
1692846960.505736,8.939,0.4087
1692846960.538000,8.936,0.6285
1692846960.573541,8.936,0.3761
1692846960.605727,8.936,0.3892
1692846960.637707,8.936,0.3663
1692846960.673715,8.936,0.5495
1692846960.705526,8.936,0.3613
1692846960.737687,8.936,0.6924
1692846960.773674,8.939,0.3765
1692846960.805639,8.939,0.7042
1692846960.837665,8.939,0.4726
1692846960.873628,8.939,0.673
1692846960.905504,8.939,0.6834
1692846960.937620,8.939,0.6677
1692846960.973488,8.939,0.6048
1692846961.005562,8.945,0.7265
1692846961.037599,8.945,0.7265
1692846961.073553,8.945,0.7076
1692846961.105664,8.945,0.6178
1692846961.137839,8.945,0.7018
1692846961.173944,8.945,0.6468
1692846961.205678,8.947,0.6564
1692846961.237700,8.947,0.5694
1692846961.274016,8.947,0.638
1692846961.305895,8.947,0.6991
1692846961.337598,8.947,0.6287
1692846961.373513,8.947,0.6776
1692846961.405540,8.945,0.6016
1692846961.437563,8.945,0.4579
1692846961.473424,8.945,0.6824
1692846961.505519,8.945,0.6613
1692846961.537500,8.945,0.6972
1692846961.573797,8.945,0.4955
1692846961.605522,8.946,0.6893
1692846961.637602,8.946,0.6736
1692846961.673515,8.946,0.7021
1692846961.705542,8.946,0.6953
1692846961.737638,8.946,0.6835
1692846961.773726,8.946,0.4113
1692846961.805611,8.952,0.7294
1692846961.837543,8.952,0.7085
1692846961.873849,8.952,0.7184
1692846961.905521,8.952,0.7206
1692846961.937698,8.952,0.7124
1692846961.973895,8.952,0.6973
1692846962.005711,8.959,0.7612
1692846962.037820,8.959,0.7077
1692846962.073625,8.959,0.734
1692846962.105733,8.959,0.7468
1692846962.137693,8.959,0.7607
1692846962.173550,8.959,0.7267
1692846962.208344,8.962,0.7664
1692846962.237530,8.962,0.736
1692846962.273555,8.962,0.747
1692846962.305566,8.962,0.7575
1692846962.337901,8.962,0.7619
1692846962.374317,8.962,0.74
1692846962.406083,8.965,0.7305
1692846962.437664,8.965,0.7468
1692846962.473800,8.965,0.7006
1692846962.505862,8.965,0.7361
1692846962.537518,8.965,0.754
1692846962.573509,8.965,0.7678
1692846962.605641,8.97,0.7601
1692846962.637510,8.97,0.7535
1692846962.673554,8.97,0.7602
1692846962.705568,8.97,0.7585
1692846962.737608,8.97,0.7294
1692846962.773963,8.97,0.7764
1692846962.805564,8.977,0.7604
1692846962.837624,8.977,0.7353
1692846962.873547,8.977,0.7525
1692846962.905590,8.977,0.7236
1692846962.937589,8.977,0.771
1692846962.973481,8.977,0.7269
1692846963.005635,8.98,0.7422
1692846963.037556,8.98,0.7449
1692846963.073737,8.98,0.7393
1692846963.105493,8.98,0.7393
1692846963.137624,8.98,0.6797
1692846963.173821,8.98,0.7656
1692846963.205524,8.979,0.7686
1692846963.237518,8.979,0.7247
1692846963.273472,8.979,0.7526
1692846963.305559,8.979,0.7168
1692846963.337569,8.979,0.6876
1692846963.373511,8.979,0.7162
1692846963.405553,8.977,0.7333
1692846963.437521,8.977,0.6971
1692846963.473845,8.977,0.6834
1692846963.505585,8.977,0.6888
1692846963.537635,8.977,0.7151
1692846963.573692,8.977,0.6698
1692846963.605736,8.975,0.6952
1692846963.637751,8.975,0.5988
1692846963.673573,8.975,0.6267
1692846963.705610,8.975,0.6391
1692846963.737561,8.975,0.705
1692846963.773798,8.975,0.7203
1692846963.805566,8.968,0.6335
1692846963.837694,8.968,0.682
1692846963.873580,8.968,0.6812
1692846963.905522,8.968,0.6411
1692846963.937532,8.968,0.6894
1692846963.973591,8.968,0.7119
1692846964.005556,8.969,0.709
1692846964.037541,8.969,0.6402
1692846964.073525,8.969,0.6802
1692846964.105564,8.969,0.7332
1692846964.137515,8.969,0.7018
1692846964.173607,8.969,0.6872
1692846964.205520,8.973,0.7071
1692846964.237515,8.973,0.7343
1692846964.273602,8.973,0.7282
1692846964.305469,8.973,0.7515
1692846964.337458,8.973,0.7526
1692846964.373590,8.973,0.7198
1692846964.405629,8.969,0.7499
1692846964.437822,8.969,0.7368
1692846964.473787,8.969,0.7259
1692846964.506057,8.969,0.747
1692846964.537916,8.969,0.6875
1692846964.574263,8.969,0.7236
1692846964.605634,8.961,0.7274
1692846964.638168,8.961,0.7413
1692846964.673573,8.961,0.719
1692846964.705605,8.961,0.7388
1692846964.737606,8.961,0.7419
1692846964.773565,8.961,0.7199
1692846964.805601,8.957,0.7016
1692846964.837912,8.957,0.727
1692846964.873561,8.957,0.719
1692846964.905718,8.957,0.762
1692846964.938123,8.957,0.7693
1692846964.973477,8.957,0.7519
1692846965.005706,8.954,0.7191
1692846965.037457,8.954,0.7007
1692846965.073650,8.954,0.7286
1692846965.105796,8.954,0.7184
1692846965.137655,8.954,0.7057
1692846965.173601,8.954,0.7061
1692846965.205707,8.953,0.7292
1692846965.237743,8.953,0.7078
1692846965.273541,8.953,0.7436
1692846965.305898,8.953,0.7279
1692846965.337672,8.953,0.7363
1692846965.373440,8.953,0.7223
1692846965.405924,8.954,0.7209
1692846965.437744,8.954,0.721
1692846965.473991,8.954,0.7371
1692846965.505563,8.954,0.7001
1692846965.537565,8.954,0.7273
1692846965.573459,8.954,0.6875
1692846965.605517,8.957,0.6838
1692846965.637556,8.957,0.7121
1692846965.673837,8.957,0.7568
1692846965.705557,8.957,0.7312
1692846965.737592,8.957,0.6765
1692846965.773495,8.957,0.5666
1692846965.805516,8.963,0.6023
1692846965.837593,8.963,0.6571
1692846965.873484,8.963,0.6608
1692846965.906096,8.963,0.6306
1692846965.937593,8.963,0.605
1692846965.973514,8.963,0.4355
1692846966.005821,8.968,0.5261
1692846966.037810,8.968,0.5484
1692846966.073533,8.968,0.4965
1692846966.105722,8.968,0.4224
1692846966.137619,8.968,0.611
1692846966.173564,8.968,0.4558
1692846966.205527,8.972,0.6606
1692846966.237619,8.972,0.68
1692846966.273520,8.972,0.6838
1692846966.305523,8.972,0.6769
1692846966.337579,8.972,0.6788
1692846966.373494,8.972,0.6874
1692846966.405530,8.977,0.6702
1692846966.437624,8.977,0.6554
1692846966.473828,8.977,0.593
1692846966.505571,8.977,0.6496
1692846966.537556,8.977,0.5549
1692846966.573593,8.977,0.559
1692846966.605607,8.977,0.5152
1692846966.637486,8.979,0.6827
1692846966.673758,8.979,0.5746
1692846966.705637,8.979,0.6596
1692846966.737546,8.979,0.6663
1692846966.773699,8.979,0.656
1692846966.805720,8.979,0.5772
1692846966.837731,8.978,0.7343
1692846966.873596,8.978,0.7322
1692846966.905644,8.978,0.7081
1692846966.937749,8.978,0.6835
1692846966.973810,8.978,0.6043
1692846967.005903,8.978,0.6837
1692846967.037597,8.98,0.7
1692846967.073710,8.98,0.6055
1692846967.105971,8.98,0.6855
1692846967.137636,8.98,0.68
1692846967.173713,8.98,0.7041
1692846967.206175,8.98,0.4622
1692846967.238144,8.984,0.7183
1692846967.273844,8.984,0.4368
1692846967.305990,8.984,0.463
1692846967.337642,8.984,0.4934
1692846967.373464,8.984,0.7028
1692846967.405622,8.984,0.3416
1692846967.437495,8.984,0.5097
1692846967.473142,8.984,0.6639
1692846967.505143,8.984,0.6952
1692846967.536952,8.984,0.3339
1692846967.573262,8.984,0.5866
1692846967.605250,8.984,0.5463
1692846967.637226,8.985,0.4478
1692846967.673205,8.985,0.6186
1692846967.705457,8.985,0.6994
1692846967.737096,8.985,0.6378
1692846967.773018,8.985,0.6918
1692846967.805343,8.985,0.5573
1692846967.837341,8.988,0.6879
1692846967.873056,8.988,0.6967
1692846967.905296,8.988,0.6022
1692846967.937074,8.988,0.7218
1692846967.973014,8.988,0.5554
1692846968.005299,8.988,0.601
1692846968.037085,8.989,0.7099
1692846968.073133,8.989,0.5549
1692846968.105310,8.989,0.6664
1692846968.137144,8.989,0.6917
1692846968.173305,8.989,0.654
1692846968.205184,8.989,0.6859
1692846968.237368,8.989,0.6366
1692846968.273495,8.989,0.6872
1692846968.305349,8.989,0.7068
1692846968.337041,8.989,0.7374
1692846968.373208,8.989,0.7396
1692846968.405341,8.989,0.6887
1692846968.437466,8.989,0.7609
1692846968.473338,8.989,0.6975
1692846968.505365,8.989,0.6859
1692846968.537284,8.989,0.7457
1692846968.573051,8.989,0.6029
1692846968.605129,8.989,0.708
1692846968.637084,8.989,0.5291
1692846968.673246,8.989,0.683
1692846968.705254,8.989,0.6667
1692846968.737067,8.989,0.7342
1692846968.773389,8.989,0.7008
1692846968.805275,8.989,0.7134
1692846968.837299,8.988,0.6971
1692846968.872994,8.988,0.6932
1692846968.905142,8.988,0.6353
1692846968.937103,8.988,0.5606
1692846968.973358,8.988,0.6261
1692846969.005218,8.988,0.6052
1692846969.037284,8.985,0.4466
1692846969.073313,8.985,0.5193
1692846969.105262,8.985,0.5035
1692846969.137334,8.985,0.3837
1692846969.173756,8.985,0.6646
1692846969.205270,8.985,0.5357
1692846969.237418,8.987,0.7125
1692846969.273451,8.987,0.6402
1692846969.305593,8.987,0.4834
1692846969.337469,8.987,0.6832
1692846969.373939,8.987,0.5153
1692846969.405391,8.987,0.5863
1692846969.437465,8.989,0.3892
1692846969.473714,8.989,0.6179
1692846969.505235,8.989,0.6708
1692846969.537526,8.989,0.6026
1692846969.573297,8.989,0.6669
1692846969.605377,8.989,0.6775
1692846969.637843,8.99,0.6711
1692846969.673077,8.99,0.7455
1692846969.705524,8.99,0.6678
1692846969.737454,8.99,0.5614
1692846969.773250,8.99,0.5945
1692846969.805342,8.99,0.7333
1692846969.837323,8.992,0.6986
1692846969.873430,8.992,0.6675
1692846969.905244,8.992,0.7244
1692846969.937155,8.992,0.7161
1692846969.973301,8.992,0.6665
1692846970.005374,8.992,0.6932
1692846970.037333,8.994,0.7198
1692846970.077627,8.994,0.6656
1692846970.109648,8.994,0.7391
1692846970.141527,8.994,0.7094
1692846970.177505,8.994,0.6598
1692846970.209462,8.994,0.7355
1692846970.241551,8.995,0.5903
1692846970.277347,8.995,0.6651
1692846970.309611,8.995,0.7115
1692846970.341611,8.995,0.5919
1692846970.377317,8.995,0.7135
1692846970.404886,8.995,0.7042
1692846970.437536,8.996,0.5342
1692846970.473671,8.996,0.7154
1692846970.505574,8.996,0.7118
1692846970.537673,8.996,0.6662
1692846970.573606,8.996,0.667
1692846970.605745,8.996,0.6904
1692846970.637668,8.996,0.6627
1692846970.673651,8.996,0.7085
1692846970.705485,8.996,0.6142
1692846970.737580,8.996,0.6358
1692846970.773716,8.996,0.6074
1692846970.805730,8.996,0.6217
1692846970.837792,8.996,0.5975
1692846970.873595,8.996,0.6461
1692846970.905906,8.996,0.547
1692846970.937576,8.996,0.6094
1692846970.973655,8.996,0.6546
1692846971.005509,8.996,0.5905
1692846971.037952,8.994,0.5846
1692846971.073495,8.994,0.6597
1692846971.105790,8.994,0.59
1692846971.137815,8.994,0.5293
1692846971.173486,8.994,0.6414
1692846971.205483,8.994,0.6115
1692846971.237653,8.994,0.6077
1692846971.273754,8.994,0.5543
1692846971.305645,8.994,0.5375
1692846971.337735,8.994,0.6557
1692846971.373545,8.994,0.6127
1692846971.405563,8.994,0.6104
1692846971.437811,8.994,0.6088
1692846971.473796,8.994,0.6248
1692846971.506153,8.994,0.6367
1692846971.537702,8.994,0.7099
1692846971.573802,8.994,0.6435
1692846971.605842,8.994,0.6673
1692846971.637679,8.992,0.6613
1692846971.673731,8.992,0.6435
1692846971.705581,8.992,0.6758
1692846971.737599,8.992,0.6709
1692846971.773788,8.992,0.7425
1692846971.805603,8.992,0.7486
1692846971.837528,8.989,0.761
1692846971.873671,8.989,0.7125
1692846971.905624,8.989,0.6821
1692846971.937698,8.989,0.6968
1692846971.973611,8.989,0.6341
1692846972.006449,8.989,0.7079
1692846972.038200,8.989,0.7132
1692846972.073658,8.989,0.6933
1692846972.105647,8.989,0.6211
1692846972.137743,8.989,0.6677
1692846972.173612,8.989,0.6364
1692846972.205527,8.989,0.665
1692846972.237497,8.989,0.636
1692846972.273483,8.989,0.6685
1692846972.305900,8.988,0.6674
1692846972.337614,8.988,0.7241
1692846972.373871,8.988,0.6918
1692846972.405707,8.988,0.7087
1692846972.437568,8.988,0.6624
1692846972.473451,8.988,0.5788
1692846972.505543,8.986,0.6033
1692846972.537651,8.986,0.5001
1692846972.573685,8.986,0.6586
1692846972.605637,8.986,0.6037
1692846972.637576,8.986,0.7001
1692846972.673477,8.986,0.6093
1692846972.705765,8.988,0.6446
1692846972.737646,8.988,0.7131
1692846972.773729,8.988,0.6961
1692846972.805560,8.988,0.6381
1692846972.837598,8.988,0.7078
1692846972.873492,8.988,0.6327
1692846972.905607,8.989,0.5834
1692846972.937670,8.989,0.6876
1692846972.973505,8.989,0.7072
1692846973.005479,8.989,0.7226
1692846973.037511,8.989,0.7534
1692846973.073502,8.989,0.7568
1692846973.105548,8.988,0.7277
1692846973.137602,8.988,0.719
1692846973.173725,8.988,0.6976
1692846973.205735,8.988,0.72
1692846973.237813,8.988,0.7506
1692846973.273564,8.988,0.7465
1692846973.305925,8.987,0.7062
1692846973.337689,8.987,0.708
1692846973.373931,8.987,0.7423
1692846973.405542,8.987,0.755
1692846973.437573,8.987,0.7603
1692846973.473496,8.987,0.7486
1692846973.505647,8.993,0.7301
1692846973.537510,8.993,0.7439
1692846973.573548,8.993,0.713
1692846973.605851,8.993,0.7209
1692846973.637901,8.993,0.7016
1692846973.673862,8.993,0.7301
1692846973.705935,8.996,0.7401
1692846973.737809,8.996,0.7147
1692846973.773592,8.996,0.7517
1692846973.805876,8.996,0.7437
1692846973.837854,8.996,0.7611
1692846973.873644,8.996,0.7467
1692846973.905741,8.996,0.7308
1692846973.937787,8.996,0.7258
1692846973.973864,8.996,0.7515
1692846974.005866,8.996,0.7658
1692846974.037916,8.996,0.7317
1692846974.073541,8.996,0.7511
1692846974.105762,8.993,0.7379
1692846974.137706,8.993,0.7419
1692846974.173678,8.993,0.7416
1692846974.205868,8.993,0.7298
1692846974.237817,8.993,0.7256
1692846974.273582,8.993,0.749
1692846974.305624,8.991,0.7524
1692846974.337594,8.991,0.7503
1692846974.373568,8.991,0.7435
1692846974.406040,8.991,0.7265
1692846974.438068,8.991,0.7279
1692846974.473868,8.991,0.7344
1692846974.505704,8.992,0.7404
1692846974.538136,8.992,0.7333
1692846974.573724,8.992,0.7268
1692846974.605613,8.992,0.7249
1692846974.637557,8.992,0.7135
1692846974.673547,8.992,0.7287
1692846974.705538,8.991,0.7361
1692846974.737528,8.991,0.7046
1692846974.773754,8.991,0.7109
1692846974.805638,8.991,0.7035
1692846974.837674,8.991,0.6917
1692846974.873698,8.991,0.7022
1692846974.905527,8.99,0.707
1692846974.937581,8.99,0.6991
1692846974.973851,8.99,0.7005
1692846975.005612,8.99,0.7066
1692846975.037682,8.99,0.6947
1692846975.073494,8.99,0.7146
1692846975.105631,8.992,0.6997
1692846975.137527,8.992,0.6842
1692846975.173494,8.992,0.7239
1692846975.205518,8.992,0.7292
1692846975.237523,8.992,0.7154
1692846975.273496,8.992,0.733
1692846975.305764,8.995,0.6879
1692846975.337535,8.995,0.7028
1692846975.373756,8.995,0.7184
1692846975.405589,8.995,0.7306
1692846975.437511,8.995,0.699
1692846975.473510,8.995,0.6949
1692846975.505543,8.992,0.7336
1692846975.537577,8.992,0.6967
1692846975.574054,8.992,0.7313
1692846975.606109,8.992,0.7277
1692846975.638216,8.992,0.7098
1692846975.673732,8.992,0.716
1692846975.705805,8.986,0.7215
1692846975.737586,8.986,0.7323
1692846975.773625,8.986,0.7361
1692846975.805602,8.986,0.707
1692846975.837593,8.986,0.7221
1692846975.873500,8.986,0.7039
1692846975.905592,8.982,0.7032
1692846975.939224,8.982,0.7226
1692846975.973516,8.982,0.7287
1692846976.005619,8.982,0.7344
1692846976.037640,8.982,0.6912
1692846976.073506,8.982,0.7022
1692846976.105746,8.982,0.7244
1692846976.137825,8.974,0.7296
1692846976.173711,8.974,0.7228
1692846976.205832,8.974,0.7006
1692846976.237834,8.974,0.6942
1692846976.273493,8.974,0.6988
1692846976.305660,8.974,0.6819
1692846976.337525,8.974,0.6767
1692846976.373452,8.974,0.7053
1692846976.405559,8.966,0.7055
1692846976.437683,8.966,0.7001
1692846976.473488,8.966,0.72
1692846976.505778,8.966,0.7517
1692846976.537645,8.966,0.6892
1692846976.573625,8.966,0.6784
1692846976.605644,8.96,0.7007
1692846976.637906,8.96,0.7121
1692846976.673622,8.96,0.7336
1692846976.705661,8.96,0.7285
1692846976.737560,8.96,0.7145
1692846976.773414,8.96,0.7169
1692846976.805593,8.957,0.7362
1692846976.838156,8.957,0.7333
1692846976.873686,8.957,0.7098
1692846976.905527,8.957,0.6943
1692846976.937765,8.957,0.7122
1692846976.973794,8.957,0.726
1692846977.005782,8.953,0.7217
1692846977.037873,8.953,0.6907
1692846977.073613,8.953,0.6906
1692846977.105621,8.953,0.7076
1692846977.137661,8.953,0.7061
1692846977.174113,8.953,0.7047
1692846977.205815,8.944,0.6991
1692846977.238008,8.944,0.7132
1692846977.273774,8.944,0.6931
1692846977.305909,8.944,0.7029
1692846977.337578,8.944,0.7083
1692846977.373526,8.944,0.7268
1692846977.405759,8.937,0.7106
1692846977.437557,8.937,0.7009
1692846977.473592,8.937,0.7087
1692846977.505606,8.937,0.7032
1692846977.538118,8.937,0.7282
1692846977.573722,8.937,0.7066
1692846977.605467,8.931,0.7157
1692846977.637503,8.931,0.6865
1692846977.673544,8.931,0.7391
1692846977.705471,8.931,0.724
1692846977.737494,8.931,0.6899
1692846977.773559,8.931,0.6816
1692846977.805605,8.931,0.6616
1692846977.837485,8.928,0.7102
1692846977.873565,8.928,0.7208
1692846977.905537,8.928,0.7095
1692846977.937601,8.928,0.681
1692846977.974081,8.928,0.6834
1692846978.006035,8.928,0.6892
1692846978.038036,8.926,0.7223
1692846978.073669,8.926,0.6983
1692846978.105845,8.926,0.6865
1692846978.137532,8.926,0.6682
1692846978.173487,8.926,0.6836
1692846978.205477,8.926,0.7006
1692846978.237498,8.92,0.6822
1692846978.273517,8.92,0.6667
1692846978.305696,8.92,0.6292
1692846978.337552,8.92,0.6709
1692846978.373497,8.92,0.7081
1692846978.405708,8.92,0.7072
1692846978.437581,8.916,0.6646
1692846978.473663,8.916,0.6476
1692846978.505593,8.916,0.6557
1692846978.537666,8.916,0.6404
1692846978.573483,8.916,0.666
1692846978.605866,8.916,0.6921
1692846978.637523,8.916,0.6724
1692846978.673686,8.916,0.6241
1692846978.705652,8.919,0.6164
1692846978.737632,8.919,0.6713
1692846978.773584,8.919,0.6628
1692846978.805662,8.919,0.6627
1692846978.837740,8.919,0.6351
1692846978.873578,8.919,0.644
1692846978.906321,8.919,0.6794
1692846978.937752,8.919,0.6504
1692846978.973469,8.919,0.6852
1692846979.005746,8.919,0.6567
1692846979.037980,8.919,0.6048
1692846979.073527,8.919,0.6338
1692846979.105573,8.916,0.6393
1692846979.138151,8.916,0.6313
1692846979.178213,8.916,0.6596
1692846979.210202,8.916,0.6382
1692846979.242214,8.916,0.6222
1692846979.278023,8.916,0.6206
1692846979.310181,8.913,0.6146
1692846979.342353,8.913,0.6778
1692846979.378199,8.913,0.6311
1692846979.410222,8.913,0.7358
1692846979.442158,8.913,0.5651
1692846979.478139,8.913,0.5812
1692846979.510285,8.916,0.6694
1692846979.537063,8.916,0.6775
1692846979.573234,8.916,0.6427
1692846979.605340,8.916,0.6538
1692846979.637289,8.916,0.6507
1692846979.673275,8.916,0.7157
1692846979.705383,8.92,0.672
1692846979.737382,8.92,0.6373
1692846979.773294,8.92,0.6536
1692846979.805431,8.92,0.7144
1692846979.837499,8.92,0.7004
1692846979.873370,8.92,0.6121
1692846979.905369,8.919,0.7358
1692846979.937419,8.919,0.6423
1692846979.973322,8.919,0.6699
1692846980.005528,8.919,0.7166
1692846980.037353,8.919,0.6595
1692846980.073325,8.919,0.6447
1692846980.105620,8.92,0.7427
1692846980.137384,8.92,0.6976
1692846980.173328,8.92,0.6994
1692846980.206832,8.92,0.7012
1692846980.237435,8.92,0.6643
1692846980.273332,8.92,0.6853
1692846980.305422,8.928,0.7873
1692846980.337795,8.928,0.7455
1692846980.373468,8.928,0.7773
1692846980.405733,8.928,0.7719
1692846980.437568,8.928,0.7013
1692846980.473684,8.928,0.7112
1692846980.505585,8.932,0.6322
1692846980.537388,8.932,0.7138
1692846980.573922,8.932,0.7392
1692846980.605358,8.932,0.7456
1692846980.637442,8.932,0.6717
1692846980.673465,8.932,0.6769
1692846980.705451,8.936,0.6624
1692846980.737850,8.936,0.6269
1692846980.773470,8.936,0.6737
1692846980.805481,8.936,0.7984
1692846980.837470,8.936,0.7648
1692846980.873329,8.936,0.7104
1692846980.905646,8.937,0.6503
1692846980.937388,8.937,0.7237
1692846980.973404,8.937,0.7558
1692846981.005522,8.937,0.7149
1692846981.037388,8.937,0.7468
1692846981.073461,8.937,0.7488
1692846981.105422,8.94,0.7047
1692846981.137550,8.94,0.7086
1692846981.173305,8.94,0.7357
1692846981.205647,8.94,0.6575
1692846981.237624,8.94,0.7677
1692846981.273461,8.94,0.6917
1692846981.305597,8.949,0.6863
1692846981.337812,8.949,0.6965
1692846981.374033,8.949,0.5014
1692846981.405460,8.949,0.6672
1692846981.437584,8.949,0.7241
1692846981.473336,8.949,0.7597
1692846981.505525,8.954,0.6889
1692846981.537610,8.954,0.7879
1692846981.573416,8.954,0.6234
1692846981.605524,8.954,0.8082
1692846981.637429,8.954,0.5285
1692846981.673350,8.954,0.6751
1692846981.705368,8.952,0.737
1692846981.737548,8.952,0.7711
1692846981.773402,8.952,0.7403
1692846981.805588,8.952,0.7698
1692846981.837335,8.952,0.6359
1692846981.873281,8.952,0.7435
1692846981.905646,8.948,0.7603
1692846981.973591,8.948,0.7669
1692846982.005476,8.948,0.6909
1692846982.037381,8.948,0.7193
1692846982.074990,8.948,0.5974
1692846982.105773,8.945,0.7191
1692846982.137625,8.945,0.6569
1692846982.173414,8.945,0.7083
1692846982.205561,8.945,0.5401
1692846982.237496,8.945,0.6188
1692846982.273449,8.945,0.614
1692846982.305343,8.943,0.5809
1692846982.337535,8.943,0.6486
1692846982.373469,8.943,0.6435
1692846982.405399,8.943,0.6807
1692846982.437437,8.943,0.6674
1692846982.473469,8.943,0.7697
1692846982.505471,8.942,0.6636
1692846982.537397,8.942,0.4626
1692846982.573559,8.942,0.599
1692846982.605414,8.942,0.5057
1692846982.637372,8.942,0.7219
1692846982.673592,8.942,0.689
1692846982.705520,8.939,0.6976
1692846982.737400,8.939,0.3366
1692846982.773421,8.939,0.6487
1692846982.805816,8.939,0.6964
1692846982.837435,8.939,0.4337
1692846982.873479,8.939,0.6081
1692846982.905510,8.938,0.5335
1692846982.937496,8.938,0.4172
1692846982.978280,8.938,0.631
1692846983.010448,8.938,0.6678
1692846983.042460,8.938,0.683
1692846983.078272,8.938,0.3734
1692846983.110388,8.944,0.3586
1692846983.137151,8.944,0.5156
1692846983.173142,8.944,0.5996
1692846983.205078,8.944,0.5469
1692846983.237096,8.944,0.5784
1692846983.273012,8.944,0.6885
1692846983.305445,8.968,0.3871
1692846983.337147,8.968,0.6049
1692846983.373099,8.968,0.397
1692846983.405239,8.968,0.6414
1692846983.437093,8.968,0.5222
1692846983.473077,8.968,0.3912
1692846983.505079,9.054,0.5504
1692846983.537223,9.054,0.4482
1692846983.573651,9.054,0.3579
1692846983.606076,9.054,0.4932
1692846983.637661,9.054,0.4112
1692846983.673313,9.054,0.5509
1692846983.705452,9.054,0.5626
1692846983.737629,9.175,0.4132
1692846983.773596,9.175,0.4005
1692846983.805660,9.175,0.4388
1692846983.837665,9.175,0.4563
1692846983.873571,9.175,0.4639
1692846983.905587,9.175,0.3953
1692846983.937488,9.175,0.4283
1692846983.973314,9.175,0.3506
1692846984.005502,9.284,0.4425
1692846984.037591,9.284,0.3853
1692846984.073422,9.284,0.3757
1692846984.105412,9.284,0.4819
1692846984.137481,9.284,0.4218
1692846984.173415,9.284,0.4494
1692846984.205461,9.37,0.6185
1692846984.238708,9.37,0.4449
1692846984.273325,9.37,0.3383
1692846984.305478,9.37,0.3828
1692846984.337297,9.37,0.4143
1692846984.373433,9.37,0.4343
1692846984.405552,9.507,0.4445
1692846984.437474,9.507,0.3863
1692846984.473461,9.507,0.3432
1692846984.505606,9.507,0.5037
1692846984.537534,9.507,0.43
1692846984.573386,9.507,0.4132
1692846984.605566,9.507,0.377
1692846984.637514,9.62,0.4405
1692846984.673409,9.62,0.3963
1692846984.705500,9.62,0.4037
1692846984.737396,9.62,0.3605
1692846984.773325,9.62,0.398
1692846984.805520,9.62,0.4317
1692846984.837430,9.715,0.3588
1692846984.873483,9.715,0.4472
1692846984.905469,9.715,0.3326
1692846984.937440,9.715,0.3934
1692846984.973490,9.715,0.5882
1692846985.005378,9.715,0.3672
1692846985.037520,9.83,0.4783
1692846985.073665,9.83,0.3674
1692846985.105599,9.83,0.4017
1692846985.137579,9.83,0.3375
1692846985.173554,9.83,0.4033
1692846985.205560,9.83,0.3449
1692846985.237565,9.92,0.3693
1692846985.273441,9.92,0.4925
1692846985.305593,9.92,0.4464
1692846985.337565,9.92,0.3234
1692846985.373474,9.92,0.3419
1692846985.405446,9.92,0.4726
1692846985.437391,10.032,0.3937
1692846985.473329,10.032,0.4434
1692846985.505432,10.032,0.4457
1692846985.537457,10.032,0.2704
1692846985.573927,10.032,0.4039
1692846985.605816,10.032,0.3353
1692846985.637469,10.164,0.3859
1692846985.673666,10.164,0.5266
1692846985.705572,10.164,0.5274
1692846985.737373,10.164,0.5003
1692846985.773278,10.164,0.3775
1692846985.805436,10.164,0.3376
1692846985.837404,10.293,0.3057
1692846985.873371,10.293,0.409
1692846985.905416,10.293,0.3647
1692846985.937438,10.293,0.5785
1692846985.973784,10.293,0.4829
1692846986.005564,10.293,0.4805
1692846986.037418,10.429,0.3712
1692846986.073417,10.429,0.5601
1692846986.105555,10.429,0.5292
1692846986.137504,10.429,0.4598
1692846986.173384,10.429,0.5603
1692846986.205419,10.429,0.4629
1692846986.237553,10.429,0.4181
1692846986.273391,10.429,0.3825
1692846986.305452,10.568,0.5641
1692846986.337504,10.568,0.4734
1692846986.373493,10.568,0.4848
1692846986.405456,10.568,0.4091
1692846986.437427,10.568,0.4664
1692846986.473411,10.568,0.5568
1692846986.505464,10.68,0.501
1692846986.537462,10.68,0.6163
1692846986.573420,10.68,0.4562
1692846986.605428,10.68,0.5116
1692846986.637480,10.68,0.5828
1692846986.673259,10.68,0.5175
1692846986.705412,10.816,0.4817
1692846986.737269,10.816,0.5176
1692846986.775611,10.816,0.5709
1692846986.805509,10.816,0.4919
1692846986.837881,10.816,0.4311
1692846986.873654,10.816,0.5002
1692846986.905601,10.949,0.4674
1692846986.937622,10.949,0.3851
1692846986.973490,10.949,0.5291
1692846987.006541,10.949,0.4627
1692846987.037545,10.949,0.4225
1692846987.073351,10.949,0.4182
1692846987.105382,11.058,0.3959
1692846987.137421,11.058,0.4378
1692846987.173432,11.058,0.3697
1692846987.205554,11.058,0.3173
1692846987.237525,11.058,0.4229
1692846987.273355,11.058,0.5412
1692846987.305458,11.191,0.2984
1692846987.337471,11.191,0.4146
1692846987.373567,11.191,0.4382
1692846987.405500,11.191,0.3603
1692846987.437599,11.191,0.3782
1692846987.473471,11.191,0.3731
1692846987.505435,11.347,0.3473
1692846987.537457,11.347,0.4185
1692846987.573448,11.347,0.5443
1692846987.605847,11.347,0.3453
1692846987.637582,11.347,0.3551
1692846987.673596,11.347,0.4559
1692846987.705422,11.466,0.459
1692846987.737380,11.466,0.3525
1692846987.773499,11.466,0.3666
1692846987.805502,11.466,0.3937
1692846987.837461,11.466,0.4242
1692846987.873407,11.466,0.3821
1692846987.905752,11.616,0.4323
1692846987.937577,11.616,0.4108
1692846987.973523,11.616,0.4481
1692846988.005548,11.616,0.4368
1692846988.037472,11.616,0.3102
1692846988.073512,11.616,0.4269
1692846988.105690,11.721,0.6278
1692846988.137816,11.721,0.3847
1692846988.173356,11.721,0.4154
1692846988.205436,11.721,0.346
1692846988.237475,11.721,0.4933
1692846988.273347,11.721,0.381
1692846988.305350,11.864,0.4445
1692846988.337562,11.864,0.3121
1692846988.373458,11.864,0.3185
1692846988.405679,11.864,0.2897
1692846988.437537,11.864,0.3815
1692846988.473464,11.864,0.3105
1692846988.505779,12.001,0.308
1692846988.537541,12.001,0.3666
1692846988.573339,12.001,0.3642
1692846988.605361,12.001,0.4358
1692846988.637509,12.001,0.3833
1692846988.673506,12.001,0.3758
1692846988.705470,12.109,0.3619
1692846988.737449,12.109,0.3628
1692846988.773414,12.109,0.3918
1692846988.805597,12.109,0.5337
1692846988.837533,12.109,0.4079
1692846988.873759,12.109,0.4169
1692846988.905826,12.247,0.4535
1692846988.937696,12.247,0.4187
1692846988.973481,12.247,0.3756
1692846989.005560,12.247,0.4205
1692846989.037482,12.247,0.3799
1692846989.073382,12.247,0.4166
1692846989.105363,12.38,0.3639
1692846989.137695,12.38,0.4327
1692846989.173791,12.38,0.3078
1692846989.205487,12.38,0.3331
1692846989.237480,12.38,0.3936
1692846989.273598,12.38,0.2672
1692846989.305535,12.487,0.3907
1692846989.337436,12.487,0.4251
1692846989.373436,12.487,0.4573
1692846989.405480,12.487,0.4345
1692846989.437417,12.487,0.376
1692846989.473409,12.487,0.4139
1692846989.505569,12.624,0.3568
1692846989.537409,12.624,0.3334
1692846989.573301,12.624,0.389
1692846989.605561,12.624,0.4455
1692846989.637337,12.624,0.4624
1692846989.673453,12.624,0.3869
1692846989.705441,12.758,0.4263
1692846989.737577,12.758,0.4041
1692846989.773357,12.758,0.4035
1692846989.805468,12.758,0.4043
1692846989.837754,12.758,0.3591
1692846989.873512,12.758,0.4137
1692846989.905499,12.873,0.4311
1692846989.937421,12.873,0.3588
1692846989.973984,12.873,0.3661
1692846990.005958,12.873,0.4231
1692846990.037780,12.873,0.4523
1692846990.073501,12.873,0.436
1692846990.105659,13.009,0.4076
1692846990.137440,13.009,0.4401
1692846990.173653,13.009,0.4575
1692846990.205750,13.009,0.4583
1692846990.237461,13.009,0.4141
1692846990.273403,13.009,0.5053
1692846990.305810,13.144,0.428
1692846990.337439,13.144,0.3914
1692846990.373613,13.144,0.4895
1692846990.405394,13.144,0.4017
1692846990.437654,13.144,0.3547
1692846990.473828,13.144,0.3179
1692846990.506575,13.258,0.4475
1692846990.537457,13.258,0.4013
1692846990.573379,13.258,0.4592
1692846990.605479,13.258,0.338
1692846990.637542,13.258,0.4669
1692846990.673332,13.258,0.4075
1692846990.705453,13.392,0.4056
1692846990.737541,13.392,0.3907
1692846990.773555,13.392,0.4489
1692846990.805794,13.392,0.3819
1692846990.837513,13.392,0.3851
1692846990.873430,13.392,0.4373
1692846990.905571,13.548,0.4038
1692846990.937402,13.548,0.4181
1692846990.973368,13.548,0.5008
1692846991.004959,13.548,0.4675
1692846991.037705,13.548,0.4459
1692846991.073552,13.548,0.4798
1692846991.105615,13.548,0.4224
1692846991.137507,13.689,0.4439
1692846991.173490,13.689,0.4715
1692846991.205518,13.689,0.4354
1692846991.237669,13.689,0.4099
1692846991.273433,13.689,0.2804
1692846991.305566,13.689,0.323
1692846991.337516,13.795,0.4262
1692846991.373551,13.795,0.4129
1692846991.405693,13.795,0.4053
1692846991.437583,13.795,0.4272
1692846991.473883,13.795,0.4221
1692846991.505776,13.795,0.401
1692846991.537631,13.923,0.3409
1692846991.573849,13.923,0.4292
1692846991.605877,13.923,0.3572
1692846991.637602,13.923,0.4829
1692846991.673648,13.923,0.4651
1692846991.705612,13.923,0.4467
1692846991.737721,14.053,0.3861
1692846991.773480,14.053,0.4373
1692846991.805702,14.053,0.438
1692846991.837489,14.053,0.5965
1692846991.873476,14.053,0.4606
1692846991.908272,14.053,0.4125
1692846991.937528,14.053,0.5101
1692846991.973556,14.172,0.345
1692846992.005520,14.172,0.4982
1692846992.037608,14.172,0.512
1692846992.073529,14.172,0.4687
1692846992.105588,14.172,0.4489
1692846992.137516,14.172,0.4194
1692846992.173728,14.172,0.4299
1692846992.205506,14.303,0.5962
1692846992.237558,14.303,0.4135
1692846992.273685,14.303,0.4751
1692846992.306306,14.303,0.4694
1692846992.337679,14.303,0.5506
1692846992.373606,14.303,0.5207
1692846992.405927,14.428,0.4619
1692846992.437666,14.428,0.4758
1692846992.473984,14.428,0.4502
1692846992.505815,14.428,0.5263
1692846992.537914,14.428,0.5323
1692846992.573857,14.428,0.4716
1692846992.605532,14.53,0.4199
1692846992.637548,14.53,0.4893
1692846992.673536,14.53,0.453
1692846992.705623,14.53,0.4798
1692846992.737597,14.53,0.4046
1692846992.774219,14.53,0.4338
1692846992.806078,14.652,0.434
1692846992.838342,14.652,0.4299
1692846992.873675,14.652,0.3666
1692846992.906014,14.652,0.46
1692846992.937497,14.652,0.3654
1692846992.973366,14.652,0.422
1692846993.005586,14.77,0.4576
1692846993.037576,14.77,0.4635
1692846993.073464,14.77,0.4101
1692846993.105549,14.77,0.4495
1692846993.137517,14.77,0.4803
1692846993.173562,14.77,0.51
1692846993.205791,14.876,0.4703
1692846993.237602,14.876,0.4112
1692846993.273774,14.876,0.5257
1692846993.305844,14.876,0.4312
1692846993.337625,14.876,0.4465
1692846993.373673,14.876,0.4747
1692846993.405574,15.003,0.4514
1692846993.437612,15.003,0.5188
1692846993.473533,15.003,0.5831
1692846993.510380,15.003,0.5685
1692846993.542491,15.003,0.5387
1692846993.578357,15.003,0.4929
1692846993.610335,15.131,0.4735
1692846993.642447,15.131,0.5018
1692846993.678159,15.131,0.5432
1692846993.710256,15.131,0.5183
1692846993.742307,15.131,0.4318
1692846993.778121,15.131,0.4053
1692846993.810176,15.234,0.5591
1692846993.842397,15.234,0.5166
1692846993.878410,15.234,0.5404
1692846993.910171,15.234,0.4244
1692846993.942469,15.234,0.4216
1692846993.978392,15.234,0.3649
1692846994.010378,15.361,0.3967
1692846994.042527,15.361,0.3968
1692846994.078166,15.361,0.45
1692846994.110288,15.361,0.4226
1692846994.142254,15.361,0.6002
1692846994.178177,15.361,0.4802
1692846994.210194,15.496,0.4518
1692846994.242285,15.496,0.3428
1692846994.272997,15.496,0.401
1692846994.305158,15.496,0.4378
1692846994.336990,15.496,0.4561
1692846994.373339,15.496,0.3194
1692846994.405303,15.596,0.4304
1692846994.437542,15.596,0.4331
1692846994.473697,15.596,0.4239
1692846994.505425,15.596,0.4192
1692846994.537491,15.596,0.4946
1692846994.573566,15.596,0.5017
1692846994.605641,15.717,0.4851
1692846994.637438,15.717,0.4899
1692846994.673591,15.717,0.3777
1692846994.705703,15.717,0.4449
1692846994.737292,15.717,0.3909
1692846994.773206,15.717,0.4922
1692846994.805292,15.834,0.5143
1692846994.873453,15.834,0.4649
1692846994.905472,15.834,0.4687
1692846994.937366,15.834,0.3962
1692846994.973355,15.834,0.2632
1692846995.005529,15.926,0.3294
1692846995.037454,15.926,0.4981
1692846995.073375,15.926,0.5157
1692846995.105504,15.926,0.5018
1692846995.137458,15.926,0.5145
1692846995.173607,15.926,0.4732
1692846995.206057,16.047,0.4078
1692846995.237403,16.047,0.6018
1692846995.273457,16.047,0.4311
1692846995.305926,16.047,0.399
1692846995.337438,16.047,0.4062
1692846995.373369,16.047,0.4647
1692846995.405331,16.17,0.5054
1692846995.473284,16.17,0.5174
1692846995.505442,16.17,0.378
1692846995.537285,16.17,0.4733
1692846995.573532,16.17,0.4411
1692846995.605706,16.265,0.5632
1692846995.637401,16.265,0.5212
1692846995.673354,16.265,0.5323
1692846995.705318,16.265,0.5365
1692846995.737378,16.265,0.51
1692846995.773496,16.265,0.4077
1692846995.805305,16.386,0.5107
1692846995.837342,16.386,0.4957
1692846995.873195,16.386,0.5486
1692846995.905315,16.386,0.5637
1692846995.937267,16.386,0.6055
1692846995.973336,16.386,0.6052
1692846996.005474,16.505,0.6148
1692846996.037349,16.505,0.5888
1692846996.073354,16.505,0.5472
1692846996.105507,16.505,0.5545
1692846996.137376,16.505,0.5512
1692846996.173181,16.505,0.5943
1692846996.205517,16.602,0.5829
1692846996.237458,16.602,0.5493
1692846996.273551,16.602,0.6168
1692846996.305392,16.602,0.6161
1692846996.337384,16.602,0.6016
1692846996.373439,16.602,0.5889
1692846996.405580,16.743,0.5209
1692846996.437652,16.743,0.529
1692846996.473330,16.743,0.489
1692846996.505359,16.743,0.4427
1692846996.537496,16.743,0.4578
1692846996.573345,16.743,0.4647
1692846996.605364,16.743,0.5848
1692846996.637939,16.861,0.6107
1692846996.673416,16.861,0.5875
1692846996.705389,16.861,0.5863
1692846996.737351,16.861,0.5521
1692846996.773286,16.861,0.5146
1692846996.805412,16.861,0.4744
1692846996.837595,16.981,0.5103
1692846996.873378,16.981,0.4836
1692846996.905245,16.981,0.4733
1692846996.937242,16.981,0.4485
1692846996.973376,16.981,0.4322
1692846997.005398,16.981,0.4376
1692846997.037337,17.081,0.4175
1692846997.073450,17.081,0.4904
1692846997.105428,17.081,0.4791
1692846997.137376,17.081,0.5062
1692846997.173513,17.081,0.4714
1692846997.205472,17.081,0.5129
1692846997.238769,17.213,0.3599
1692846997.273284,17.213,0.4872
1692846997.305702,17.213,0.4062
1692846997.337443,17.213,0.4492
1692846997.373401,17.213,0.4573
1692846997.405624,17.213,0.532
1692846997.437434,17.35,0.5787
1692846997.473764,17.35,0.574
1692846997.505412,17.35,0.5189
1692846997.537429,17.35,0.4562
1692846997.573289,17.35,0.4444
1692846997.605406,17.35,0.3841
1692846997.637424,17.454,0.4018
1692846997.673335,17.454,0.5541
1692846997.705360,17.454,0.5786
1692846997.738428,17.454,0.5741
1692846997.773352,17.454,0.5612
1692846997.805432,17.454,0.5446
1692846997.837413,17.579,0.4509
1692846997.873578,17.579,0.403
1692846997.905749,17.579,0.4617
1692846997.937458,17.579,0.57
1692846997.973434,17.579,0.5959
1692846998.005391,17.579,0.5759
1692846998.037489,17.705,0.5117
1692846998.073386,17.705,0.5715
1692846998.105308,17.705,0.5579
1692846998.137242,17.705,0.5003
1692846998.173311,17.705,0.4394
1692846998.205520,17.705,0.5527
1692846998.237376,17.828,0.5563
1692846998.273481,17.828,0.6272
1692846998.305436,17.828,0.5368
1692846998.337458,17.828,0.6158
1692846998.373341,17.828,0.454
1692846998.405550,17.828,0.4878
1692846998.437365,17.828,0.4429
1692846998.473531,17.828,0.5034
1692846998.505528,17.953,0.5492
1692846998.537391,17.953,0.5171
1692846998.573250,17.953,0.5516
1692846998.605849,17.953,0.4598
1692846998.637361,17.953,0.3866
1692846998.673334,17.953,0.4395
1692846998.705442,18.078,0.4479
1692846998.737354,18.078,0.4267
1692846998.773421,18.078,0.4125
1692846998.805505,18.078,0.5711
1692846998.837508,18.078,0.6027
1692846998.873359,18.078,0.5716
1692846998.907452,18.199,0.4893
1692846998.937463,18.199,0.406
1692846998.975042,18.199,0.4849
1692846999.005417,18.199,0.5298
1692846999.037426,18.199,0.381
1692846999.073346,18.199,0.2615
1692846999.105360,18.199,0.5464
1692846999.137373,18.342,0.5831
1692846999.173367,18.342,0.5382
1692846999.205428,18.342,0.4822
1692846999.237480,18.342,0.5331
1692846999.273413,18.342,0.4487
1692846999.305409,18.342,0.4961
1692846999.337390,18.342,0.4808
1692846999.373276,18.445,0.5025
1692846999.405412,18.445,0.578
1692846999.437468,18.445,0.5865
1692846999.473432,18.445,0.5684
1692846999.505561,18.445,0.5804
1692846999.537459,18.445,0.4131
1692846999.573575,18.575,0.5312
1692846999.605491,18.575,0.4266
1692846999.637552,18.575,0.3948
1692846999.673548,18.575,0.5397
1692846999.705525,18.575,0.6015
1692846999.737480,18.575,0.5851
1692846999.773556,18.575,0.4412
1692846999.805549,18.706,0.3948
1692846999.837415,18.706,0.4234
1692846999.874244,18.706,0.4051
1692846999.905478,18.706,0.5136
1692846999.937448,18.706,0.5559
1692846999.973650,18.706,0.561
1692847000.005732,18.706,0.5002
1692847000.037790,18.791,0.5172
1692847000.073348,18.791,0.5088
1692847000.106035,18.791,0.4437
1692847000.138005,18.791,0.2907
1692847000.173285,18.791,0.4349
1692847000.205398,18.791,0.3581
1692847000.237202,18.863,0.3813
1692847000.273504,18.863,0.4988
1692847000.306768,18.863,0.3547
1692847000.337339,18.863,0.4235
1692847000.373538,18.863,0.4251
1692847000.405668,18.863,0.4457
1692847000.437461,18.863,0.4378
1692847000.473439,18.909,0.4245
1692847000.505316,18.909,0.4852
1692847000.537455,18.909,0.5624
1692847000.573350,18.909,0.498
1692847000.605465,18.909,0.3642
1692847000.637408,18.909,0.3626
1692847000.673607,18.959,0.4115
1692847000.705513,18.959,0.4259
1692847000.737468,18.959,0.2744
1692847000.773297,18.959,0.381
1692847000.805461,18.959,0.3746
1692847000.837386,19.002,0.3384
1692847000.873368,19.002,0.4097
1692847000.905607,19.002,0.5292
1692847000.937489,19.002,0.524
1692847000.973299,19.002,0.437
1692847001.005395,19.002,0.4261
1692847001.037465,19.036,0.3254
1692847001.073505,19.036,0.3743
1692847001.105400,19.036,0.3478
1692847001.137360,19.036,0.4778
1692847001.173355,19.036,0.4116
1692847001.205559,19.036,0.4206
1692847001.237484,19.036,0.4529
1692847001.273352,19.036,0.3681
1692847001.305420,19.068,0.3293
1692847001.337447,19.068,0.4281
1692847001.373374,19.068,0.3824
1692847001.405485,19.068,0.4052
1692847001.437385,19.068,0.3831
1692847001.473351,19.068,0.3796
1692847001.505474,19.093,0.3868
1692847001.537437,19.093,0.4609
1692847001.573375,19.093,0.4363
1692847001.605465,19.093,0.3983
1692847001.637447,19.093,0.4789
1692847001.673621,19.093,0.5291
1692847001.705430,19.111,0.6027
1692847001.737416,19.111,0.3913
1692847001.773527,19.111,0.3809
1692847001.805565,19.111,0.4436
1692847001.837251,19.111,0.3878
1692847001.873297,19.111,0.3791
1692847001.905420,19.134,0.4577
1692847001.937343,19.134,0.4454
1692847001.973302,19.134,0.49
1692847002.005443,19.134,0.438
1692847002.037481,19.134,0.6272
1692847002.073291,19.134,0.4952
1692847002.105803,19.149,0.5117
1692847002.137530,19.149,0.4576
1692847002.173753,19.149,0.5005
1692847002.205430,19.149,0.513
1692847002.237505,19.149,0.514
1692847002.273449,19.149,0.4722
1692847002.305593,19.153,0.4973
1692847002.337552,19.153,0.5044
1692847002.373725,19.153,0.5591
1692847002.405753,19.153,0.4748
1692847002.437876,19.153,0.5316
1692847002.473606,19.153,0.4814
1692847002.506129,19.156,0.3226
1692847002.538162,19.156,0.4874
1692847002.573269,19.156,0.42
1692847002.605464,19.156,0.407
1692847002.637457,19.156,0.389
1692847002.673146,19.156,0.4262
1692847002.705463,19.16,0.4749
1692847002.737514,19.16,0.4125
1692847002.773266,19.16,0.4865
1692847002.805406,19.16,0.4727
1692847002.837563,19.16,0.3434
1692847002.873504,19.16,0.3097
1692847002.905655,19.162,0.3296
1692847002.937410,19.162,0.4446
1692847002.973325,19.162,0.4019
1692847003.005436,19.162,0.4241
1692847003.037427,19.162,0.4013
1692847003.073246,19.162,0.3853
1692847003.105522,19.163,0.3382
1692847003.137426,19.163,0.4539
1692847003.173341,19.163,0.4925
1692847003.205403,19.163,0.3577
1692847003.237381,19.163,0.3661
1692847003.273307,19.163,0.3694
1692847003.305384,19.165,0.4484
1692847003.337246,19.165,0.4761
1692847003.373628,19.165,0.476
1692847003.405412,19.165,0.5059
1692847003.437398,19.165,0.5135
1692847003.473539,19.165,0.5135
1692847003.505537,19.168,0.5387
1692847003.537390,19.168,0.4717
1692847003.573633,19.168,0.4709
1692847003.605831,19.168,0.525
1692847003.637573,19.168,0.4844
1692847003.673516,19.168,0.519
1692847003.705436,19.173,0.5367
1692847003.737538,19.173,0.4604
1692847003.773403,19.173,0.4468
1692847003.805527,19.173,0.5621
1692847003.837212,19.173,0.5413
1692847003.873668,19.173,0.561
1692847003.905571,19.176,0.5014
1692847003.937545,19.176,0.5858
1692847003.973663,19.176,0.3726
1692847004.005771,19.176,0.5006
1692847004.037340,19.176,0.5169
1692847004.073414,19.176,0.507
1692847004.105337,19.18,0.5992
1692847004.137259,19.18,0.5646
1692847004.173446,19.18,0.5377
1692847004.207417,19.18,0.4685
1692847004.237395,19.18,0.416
1692847004.273249,19.18,0.5896
1692847004.305399,19.184,0.4785
1692847004.337358,19.184,0.5299
1692847004.373452,19.184,0.5053
1692847004.405416,19.184,0.5113
1692847004.437381,19.184,0.4703
1692847004.473425,19.184,0.3995
1692847004.505704,19.187,0.5344
1692847004.537447,19.187,0.5989
1692847004.573514,19.187,0.5083
1692847004.605466,19.187,0.5739
1692847004.637452,19.187,0.5834
1692847004.673400,19.187,0.4702
1692847004.705588,19.186,0.5393
1692847004.737535,19.186,0.6024
1692847004.773460,19.186,0.5711
1692847004.805806,19.186,0.5604
1692847004.837929,19.186,0.5152
1692847004.873466,19.186,0.5026
1692847004.905744,19.186,0.5642
1692847004.937764,19.186,0.5831
1692847004.973568,19.186,0.5389
1692847005.005534,19.186,0.4986
1692847005.037425,19.186,0.5346
1692847005.073270,19.186,0.4605
1692847005.105580,19.187,0.5852
1692847005.137236,19.187,0.5899
1692847005.173363,19.187,0.5001
1692847005.205482,19.187,0.5789
1692847005.237602,19.187,0.501
1692847005.273326,19.187,0.4372
1692847005.305427,19.19,0.4383
1692847005.337698,19.19,0.4754
1692847005.373561,19.19,0.4943
1692847005.405384,19.19,0.5268
1692847005.437441,19.19,0.5196
1692847005.473424,19.19,0.5664
1692847005.505308,19.192,0.5253
1692847005.537450,19.192,0.5549
1692847005.573409,19.192,0.5117
1692847005.605537,19.192,0.5122
1692847005.637480,19.192,0.506
1692847005.673414,19.192,0.559
1692847005.705440,19.193,0.5367
1692847005.737379,19.193,0.5616
1692847005.773356,19.193,0.5688
1692847005.805777,19.193,0.5148
1692847005.837406,19.193,0.5111
1692847005.873354,19.193,0.5872
1692847005.905302,19.194,0.5595
1692847005.937311,19.194,0.6217
1692847005.973394,19.194,0.6287
1692847006.005637,19.194,0.5921
1692847006.037413,19.194,0.4589
1692847006.073408,19.194,0.4763
1692847006.105649,19.194,0.5198
1692847006.137469,19.194,0.5371
1692847006.173252,19.194,0.6357
1692847006.205382,19.194,0.5899
1692847006.237470,19.194,0.6352
1692847006.273309,19.194,0.592
1692847006.305447,19.194,0.623
1692847006.337319,19.194,0.6267
1692847006.373574,19.194,0.5844
1692847006.405312,19.194,0.5846
1692847006.437314,19.194,0.635
1692847006.473396,19.194,0.5916
1692847006.505445,19.195,0.6068
1692847006.537359,19.195,0.6206
1692847006.573451,19.195,0.6026
1692847006.605442,19.195,0.6088
1692847006.637401,19.195,0.5093
1692847006.673415,19.195,0.5585
1692847006.705382,19.194,0.4891
1692847006.737304,19.194,0.591
1692847006.773749,19.194,0.6082
1692847006.805772,19.194,0.6211
1692847006.837769,19.194,0.6449
1692847006.873435,19.194,0.6168
1692847006.905760,19.193,0.577
1692847006.937505,19.193,0.6199
1692847006.973447,19.193,0.6459
1692847007.005657,19.193,0.597
1692847007.037460,19.193,0.6554
1692847007.073366,19.193,0.6298
1692847007.105580,19.194,0.6318
1692847007.137558,19.194,0.6156
1692847007.173420,19.194,0.5413
1692847007.205431,19.194,0.4984
1692847007.237460,19.194,0.6433
1692847007.273416,19.194,0.6266
1692847007.305435,19.193,0.6657
1692847007.337679,19.193,0.6467
1692847007.373472,19.193,0.6393
1692847007.405371,19.193,0.6497
1692847007.437363,19.193,0.5752
1692847007.473292,19.193,0.6216
1692847007.505442,19.193,0.6122
1692847007.537588,19.193,0.6359
1692847007.573324,19.193,0.6083
1692847007.605541,19.193,0.5372
1692847007.637613,19.193,0.5528
1692847007.673658,19.193,0.5549
1692847007.705411,19.193,0.5789
1692847007.737460,19.193,0.6132
1692847007.773390,19.193,0.5729
1692847007.805724,19.193,0.6073
1692847007.837555,19.193,0.6191
1692847007.873630,19.193,0.6213
1692847007.905540,19.193,0.537
1692847007.937391,19.193,0.5018
1692847007.973341,19.193,0.5102
1692847008.005487,19.193,0.5553
1692847008.037353,19.193,0.5584
1692847008.073272,19.193,0.4931
1692847008.105449,19.193,0.5032
1692847008.137323,19.193,0.6113
1692847008.173345,19.193,0.5978
1692847008.205543,19.193,0.6076
1692847008.237518,19.193,0.5303
1692847008.273539,19.193,0.564
1692847008.305618,19.194,0.5794
1692847008.337548,19.194,0.6172
1692847008.373586,19.194,0.6275
1692847008.405698,19.194,0.6293
1692847008.437603,19.194,0.5507
1692847008.473448,19.194,0.5387
1692847008.505332,19.194,0.6139
1692847008.537547,19.194,0.6363
1692847008.573630,19.194,0.6517
1692847008.605462,19.194,0.6287
1692847008.637436,19.194,0.6153
1692847008.673676,19.194,0.6124
1692847008.705599,19.192,0.5925
1692847008.737450,19.192,0.6423
1692847008.773747,19.192,0.6587
1692847008.805310,19.192,0.67
1692847008.837450,19.192,0.6023
1692847008.873714,19.192,0.5404
1692847008.905533,19.19,0.6205
1692847008.937461,19.19,0.6193
1692847008.973699,19.19,0.5875
1692847009.005630,19.19,0.6127
1692847009.037446,19.19,0.6149
1692847009.073442,19.19,0.6131
1692847009.105855,19.192,0.6211
1692847009.137540,19.192,0.638
1692847009.173537,19.192,0.6513
1692847009.205724,19.192,0.6331
1692847009.237624,19.192,0.5244
1692847009.273441,19.192,0.593
1692847009.305770,19.191,0.6159
1692847009.337470,19.191,0.6453
1692847009.373363,19.191,0.6167
1692847009.405640,19.191,0.6036
1692847009.437529,19.191,0.6161
1692847009.473569,19.191,0.6287
1692847009.505507,19.191,0.644
1692847009.537627,19.191,0.6611
1692847009.573438,19.191,0.6502
1692847009.605511,19.191,0.6154
1692847009.637502,19.191,0.5105
1692847009.673493,19.191,0.6089
1692847009.705424,19.192,0.6297
1692847009.737322,19.192,0.6
1692847009.773430,19.192,0.6104
1692847009.805505,19.192,0.6292
1692847009.837332,19.192,0.627
1692847009.873317,19.192,0.6401
1692847009.905585,19.193,0.6568
1692847009.937413,19.193,0.6716
1692847009.973487,19.193,0.6253
1692847010.005456,19.193,0.5974
1692847010.037481,19.193,0.5349
1692847010.073443,19.193,0.5823
1692847010.105824,19.197,0.6422
1692847010.137515,19.197,0.5925
1692847010.173374,19.197,0.6412
1692847010.205584,19.197,0.6445
1692847010.237488,19.197,0.5907
1692847010.273728,19.197,0.6202
1692847010.305536,19.198,0.659
1692847010.337449,19.198,0.6546
1692847010.373468,19.198,0.6834
1692847010.405459,19.198,0.6073
1692847010.437628,19.198,0.5451
1692847010.473432,19.198,0.6087
1692847010.505535,19.199,0.6133
1692847010.537387,19.199,0.6472
1692847010.573444,19.199,0.6182
1692847010.605504,19.199,0.6093
1692847010.637371,19.199,0.6067
1692847010.673407,19.199,0.6316
1692847010.705616,19.201,0.6374
1692847010.737349,19.201,0.6541
1692847010.773556,19.201,0.6648
1692847010.805723,19.201,0.6317
1692847010.837581,19.201,0.5293
1692847010.873589,19.201,0.5527
1692847010.905462,19.201,0.6129
1692847010.937503,19.201,0.619
1692847010.973699,19.201,0.6223
1692847011.005545,19.201,0.6253
1692847011.037361,19.201,0.6271
1692847011.073468,19.201,0.6335
1692847011.105502,19.199,0.6441
1692847011.137329,19.199,0.656
1692847011.173426,19.199,0.6492
1692847011.205816,19.199,0.6636
1692847011.237399,19.199,0.5939
1692847011.273609,19.199,0.5735
1692847011.306652,19.201,0.6084
1692847011.337608,19.201,0.597
1692847011.373397,19.201,0.6271
1692847011.405482,19.201,0.5696
1692847011.437468,19.201,0.6079
1692847011.473415,19.201,0.6353
1692847011.505590,19.2,0.6329
1692847011.537308,19.2,0.6107
1692847011.573982,19.2,0.6506
1692847011.605447,19.2,0.6296
1692847011.637605,19.2,0.5661
1692847011.673455,19.2,0.5856
1692847011.705463,19.196,0.561
1692847011.737597,19.196,0.6235
1692847011.773416,19.196,0.6054
1692847011.805516,19.196,0.6148
1692847011.837525,19.196,0.6113
1692847011.873509,19.196,0.628
1692847011.905559,19.197,0.629
1692847011.937596,19.197,0.6276
1692847011.973802,19.197,0.6274
1692847012.005620,19.197,0.621
1692847012.037787,19.197,0.4825
1692847012.073463,19.197,0.5616
1692847012.105567,19.197,0.5869
1692847012.137544,19.197,0.5364
1692847012.173391,19.197,0.4982
1692847012.205547,19.197,0.5047
1692847012.237379,19.197,0.4919
1692847012.273366,19.197,0.5249
1692847012.305507,19.197,0.5364
1692847012.337443,19.197,0.4843
1692847012.373653,19.197,0.4082
1692847012.405847,19.197,0.4276
1692847012.437478,19.197,0.4788
1692847012.473471,19.197,0.4722
1692847012.505570,19.197,0.4529
1692847012.537485,19.197,0.6224
1692847012.573414,19.197,0.4728
1692847012.605545,19.197,0.5671
1692847012.637414,19.197,0.4897
1692847012.673392,19.197,0.5717
1692847012.705417,19.199,0.5131
1692847012.737426,19.199,0.5974
1692847012.773410,19.199,0.4609
1692847012.805499,19.199,0.49
1692847012.837485,19.199,0.5338
1692847012.873400,19.199,0.5706
1692847012.905562,19.197,0.5234
1692847012.937553,19.197,0.3828
1692847012.973334,19.197,0.4946
1692847013.005587,19.197,0.4278
1692847013.037437,19.197,0.4058
1692847013.073320,19.197,0.407
1692847013.105492,19.197,0.3698
1692847013.137479,19.198,0.3549
1692847013.173455,19.198,0.3725
1692847013.205597,19.198,0.3741
1692847013.237570,19.198,0.4313
1692847013.273455,19.198,0.4492
1692847013.305520,19.198,0.3199
1692847013.337836,19.194,0.4396
1692847013.373472,19.194,0.4192
1692847013.405476,19.194,0.4288
1692847013.437576,19.194,0.4161
1692847013.473608,19.194,0.4983
1692847013.505398,19.194,0.3909
1692847013.537455,19.194,0.5307
1692847013.573500,19.193,0.4711
1692847013.605511,19.193,0.5137
1692847013.637432,19.193,0.5639
1692847013.673378,19.193,0.489
1692847013.705509,19.193,0.3652
1692847013.737334,19.193,0.4026
1692847013.773469,19.188,0.3745
1692847013.805480,19.188,0.2814
1692847013.837403,19.188,0.3458
1692847013.873454,19.188,0.3507
1692847013.905519,19.188,0.2934
1692847013.937391,19.188,0.4136
1692847013.973536,19.186,0.3493
1692847014.005483,19.186,0.3102
1692847014.037520,19.186,0.5684
1692847014.073813,19.186,0.4157
1692847014.105475,19.186,0.4231
1692847014.137425,19.186,0.3464
1692847014.173606,19.187,0.246
1692847014.205467,19.187,0.4554
1692847014.237544,19.187,0.3692
1692847014.273401,19.187,0.356
1692847014.305457,19.187,0.3701
1692847014.337577,19.184,0.3757
1692847014.373604,19.184,0.442
1692847014.405430,19.184,0.3488
1692847014.437565,19.184,0.3603
1692847014.473694,19.184,0.3832
1692847014.505350,19.184,0.2277
1692847014.537575,19.184,0.4545
1692847014.573424,19.184,0.4304
1692847014.605425,19.183,0.3071
1692847014.637326,19.183,0.5606
1692847014.673438,19.183,0.3965
1692847014.705450,19.183,0.3782
1692847014.737453,19.183,0.3662
1692847014.773469,19.183,0.3591
1692847014.805566,19.179,0.4001
1692847014.837445,19.179,0.4618
1692847014.873512,19.179,0.4737
1692847014.905580,19.179,0.2716
1692847014.937614,19.179,0.3312
1692847014.973466,19.179,0.3719
1692847015.005372,19.175,0.3418
1692847015.037513,19.175,0.4399
1692847015.073400,19.175,0.3986
1692847015.105573,19.175,0.414
1692847015.137441,19.175,0.3543
1692847015.173452,19.175,0.358
1692847015.205480,19.177,0.2984
1692847015.237580,19.177,0.3959
1692847015.273485,19.177,0.3432
1692847015.305496,19.177,0.394
1692847015.337493,19.177,0.4016
1692847015.373441,19.177,0.3964
1692847015.405568,19.176,0.3653
1692847015.437505,19.176,0.3173
1692847015.473886,19.176,0.4721
1692847015.505519,19.176,0.4279
1692847015.537460,19.176,0.4491
1692847015.573455,19.176,0.4492
1692847015.605774,19.172,0.3548
1692847015.637694,19.172,0.3529
1692847015.673368,19.172,0.3278
1692847015.705510,19.172,0.4521
1692847015.737541,19.172,0.3856
1692847015.773492,19.172,0.4195
1692847015.805663,19.168,0.4008
1692847015.837909,19.168,0.3665
1692847015.873688,19.168,0.29
1692847015.905861,19.168,0.3168
1692847015.937414,19.168,0.3203
1692847015.973469,19.168,0.3682
1692847016.005401,19.169,0.3169
1692847016.037847,19.169,0.3364
1692847016.073495,19.169,0.325
1692847016.105556,19.169,0.4693
1692847016.137622,19.169,0.3611
1692847016.173433,19.169,0.339
1692847016.205477,19.173,0.3692
1692847016.237954,19.173,0.4278
1692847016.273295,19.173,0.442
1692847016.305452,19.173,0.2726
1692847016.337485,19.173,0.3447
1692847016.373487,19.173,0.4984
1692847016.405488,19.174,0.3797
1692847016.437498,19.174,0.4136
1692847016.473605,19.174,0.4724
1692847016.505518,19.174,0.5983
1692847016.537699,19.174,0.5491
1692847016.573628,19.174,0.5433
1692847016.605655,19.175,0.5305
1692847016.637569,19.175,0.5615
1692847016.673384,19.175,0.5558
1692847016.705584,19.175,0.4556
1692847016.739457,19.175,0.5449
1692847016.773484,19.175,0.4141
1692847016.805596,19.175,0.398
1692847016.837423,19.175,0.54
1692847016.873308,19.175,0.58
1692847016.905542,19.175,0.5675
1692847016.937439,19.175,0.6031
1692847016.973341,19.175,0.6053
1692847017.005661,19.174,0.5552
1692847017.037437,19.174,0.5726
1692847017.073372,19.174,0.563
1692847017.105609,19.174,0.5169
1692847017.137426,19.174,0.5827
1692847017.173409,19.174,0.6371
1692847017.205581,19.176,0.5876
1692847017.237679,19.176,0.5737
1692847017.273720,19.176,0.5428
1692847017.305591,19.176,0.5584
1692847017.337704,19.176,0.5915
1692847017.373363,19.176,0.589
1692847017.406118,19.182,0.6
1692847017.437431,19.182,0.6127
1692847017.473461,19.182,0.6124
1692847017.505494,19.182,0.6162
1692847017.537491,19.182,0.6023
1692847017.573536,19.182,0.6044
1692847017.605473,19.186,0.6097
1692847017.637388,19.186,0.6116
1692847017.673472,19.186,0.5969
1692847017.705595,19.186,0.5858
1692847017.737465,19.186,0.576
1692847017.775665,19.186,0.5314
1692847017.805892,19.187,0.5752
1692847017.837602,19.187,0.6064
1692847017.873493,19.187,0.5564
1692847017.905468,19.187,0.532
1692847017.937431,19.187,0.5004
1692847017.973454,19.187,0.5473
1692847018.005504,19.185,0.5334
1692847018.037830,19.185,0.5234
1692847018.073766,19.185,0.6262
1692847018.105853,19.185,0.5508
1692847018.137758,19.185,0.6287
1692847018.173697,19.185,0.6359
1692847018.205723,19.185,0.6293
1692847018.237645,19.185,0.6646
1692847018.273481,19.185,0.6407
1692847018.305429,19.185,0.6808
1692847018.337480,19.185,0.6576
1692847018.373410,19.185,0.6668
1692847018.405700,19.188,0.5936
1692847018.437534,19.188,0.5198
1692847018.473488,19.188,0.5526
1692847018.505661,19.188,0.5907
1692847018.537344,19.188,0.6037
1692847018.573325,19.188,0.5799
1692847018.605543,19.191,0.6003
1692847018.637427,19.191,0.6126
1692847018.673364,19.191,0.6065
1692847018.705429,19.191,0.6253
1692847018.737346,19.191,0.6332
1692847018.773412,19.191,0.6201
1692847018.805572,19.193,0.581
1692847018.837528,19.193,0.6364
1692847018.873443,19.193,0.5659
1692847018.905745,19.193,0.5721
1692847018.937561,19.193,0.6175
1692847018.973365,19.193,0.5348
1692847019.005674,19.199,0.4442
1692847019.037532,19.199,0.5569
1692847019.073402,19.199,0.6094
1692847019.105532,19.199,0.6019
1692847019.137497,19.199,0.5909
1692847019.173512,19.199,0.6384
1692847019.205490,19.207,0.6588
1692847019.237485,19.207,0.6361
1692847019.273397,19.207,0.6454
1692847019.305457,19.207,0.6289
1692847019.337451,19.207,0.6152
1692847019.373495,19.207,0.5104
1692847019.405598,19.21,0.489
1692847019.437461,19.21,0.5491
1692847019.473464,19.21,0.4898
1692847019.505718,19.21,0.5408
1692847019.537373,19.21,0.5219
1692847019.573675,19.21,0.565
1692847019.605496,19.21,0.6086
1692847019.637564,19.21,0.6117
1692847019.673389,19.21,0.6072
1692847019.705481,19.21,0.5875
1692847019.737553,19.21,0.6037
1692847019.773409,19.21,0.6158
1692847019.805457,19.213,0.6021
1692847019.837558,19.213,0.5853
1692847019.873484,19.213,0.573
1692847019.905625,19.213,0.5355
1692847019.937386,19.213,0.4039
1692847019.973419,19.213,0.4884
1692847020.005554,19.213,0.4563
1692847020.037462,19.213,0.5028
1692847020.073394,19.213,0.5213
1692847020.105582,19.213,0.5477
1692847020.137353,19.213,0.5138
1692847020.173394,19.213,0.5434
1692847020.205589,19.21,0.4956
1692847020.237498,19.21,0.5106
1692847020.273416,19.21,0.4667
1692847020.305618,19.21,0.6132
1692847020.337470,19.21,0.522
1692847020.373663,19.21,0.5251
1692847020.405649,19.204,0.5303
1692847020.437925,19.204,0.5619
1692847020.473608,19.204,0.5858
1692847020.505508,19.204,0.5693
1692847020.537588,19.204,0.4817
1692847020.573475,19.204,0.5528
1692847020.605462,19.204,0.6237
1692847020.637511,19.201,0.5464
1692847020.673505,19.201,0.622
1692847020.705470,19.201,0.6146
1692847020.737473,19.201,0.6367
1692847020.774239,19.201,0.6215
1692847020.805561,19.201,0.6354
1692847020.837523,19.2,0.6044
1692847020.874256,19.2,0.5896
1692847020.905429,19.2,0.6347
1692847020.937445,19.2,0.5337
1692847020.973580,19.2,0.5665
1692847021.005471,19.2,0.506
1692847021.037600,19.2,0.5735
1692847021.073219,19.2,0.6091
1692847021.104981,19.2,0.6581
1692847021.137042,19.2,0.6584
1692847021.173363,19.2,0.667
1692847021.205426,19.2,0.6896
1692847021.237648,19.198,0.6703
1692847021.273879,19.198,0.684
1692847021.309984,19.198,0.6614
1692847021.341883,19.198,0.6687
1692847021.377764,19.198,0.6734
1692847021.409817,19.198,0.6483
1692847021.441656,19.195,0.6564
1692847021.477749,19.195,0.6702
1692847021.509781,19.195,0.6268
1692847021.541850,19.195,0.5567
1692847021.577749,19.195,0.5247
1692847021.609876,19.195,0.5834
1692847021.641876,19.196,0.5922
1692847021.677892,19.196,0.6276
1692847021.709827,19.196,0.6653
1692847021.741813,19.196,0.6446
1692847021.777747,19.196,0.6394
1692847021.808434,19.196,0.6439
1692847021.837444,19.196,0.6195
1692847021.873379,19.195,0.6223
1692847021.905357,19.195,0.6226
1692847021.937210,19.195,0.6414
1692847021.973293,19.195,0.6352
1692847022.005475,19.195,0.6478
1692847022.037459,19.198,0.6562
1692847022.073458,19.198,0.6769
1692847022.105437,19.198,0.6689
1692847022.137306,19.198,0.6518
1692847022.173478,19.198,0.6452
1692847022.205268,19.198,0.6728
1692847022.237270,19.202,0.6649
1692847022.273355,19.202,0.6724
1692847022.305288,19.202,0.6791
1692847022.337363,19.202,0.6713
1692847022.373263,19.202,0.6772
1692847022.405416,19.202,0.6801
1692847022.437324,19.202,0.6749
1692847022.473392,19.203,0.6582
1692847022.505368,19.203,0.6171
1692847022.537437,19.203,0.5261
1692847022.573314,19.203,0.6572
1692847022.605450,19.203,0.673
1692847022.637490,19.203,0.6484
1692847022.673327,19.207,0.6842
1692847022.705461,19.207,0.6558
1692847022.741929,19.207,0.6653
1692847022.777913,19.207,0.5561
1692847022.809945,19.207,0.6589
1692847022.841907,19.204,0.635
1692847022.877886,19.204,0.6248
1692847022.910028,19.204,0.5208
1692847022.941920,19.204,0.6097
1692847022.977797,19.204,0.5959
1692847023.009887,19.204,0.6006
1692847023.041922,19.204,0.6139
1692847023.077871,19.21,0.5428
1692847023.109932,19.21,0.6337
1692847023.141885,19.21,0.5897
1692847023.178154,19.21,0.6192
1692847023.209900,19.21,0.6337
1692847023.241886,19.208,0.6553
1692847023.278091,19.208,0.669
1692847023.309952,19.208,0.64
1692847023.341718,19.208,0.6165
1692847023.377689,19.208,0.6366
1692847023.404929,19.208,0.6706
1692847023.437216,19.2,0.6582
1692847023.473428,19.2,0.5525
1692847023.505352,19.2,0.6852
1692847023.537277,19.2,0.6489
1692847023.573909,19.2,0.6774
1692847023.605896,19.2,0.649
1692847023.637803,19.195,0.627
1692847023.673414,19.195,0.6335
1692847023.705488,19.195,0.6368
1692847023.737726,19.195,0.637
1692847023.773649,19.195,0.6618
1692847023.805650,19.195,0.6591
1692847023.837677,19.194,0.6208
1692847023.873572,19.194,0.5704
1692847023.905738,19.194,0.479
1692847023.937671,19.194,0.5903
1692847023.973664,19.194,0.6184
1692847024.005700,19.194,0.598
1692847024.037599,19.193,0.5735
1692847024.073590,19.193,0.595
1692847024.105675,19.193,0.5031
1692847024.137641,19.193,0.5879
1692847024.173516,19.193,0.4433
1692847024.205658,19.193,0.5487
1692847024.237515,19.182,0.5474
1692847024.273584,19.182,0.6125
1692847024.305680,19.182,0.5634
1692847024.337418,19.182,0.4532
1692847024.374215,19.182,0.5398
1692847024.406014,19.182,0.5216
1692847024.437544,19.182,0.608
1692847024.473575,19.175,0.5783
1692847024.506616,19.175,0.549
1692847024.537405,19.175,0.5292
1692847024.573395,19.175,0.4782
1692847024.605509,19.175,0.4693
1692847024.637470,19.175,0.4485
1692847024.673424,19.175,0.4955
1692847024.705547,19.174,0.4927
1692847024.737501,19.174,0.4625
1692847024.773472,19.174,0.4819
1692847024.805608,19.174,0.4821
1692847024.837470,19.174,0.4402
1692847024.873534,19.174,0.5437
1692847024.905459,19.172,0.5028
1692847024.937436,19.172,0.4712
1692847024.974607,19.172,0.5262
1692847025.005459,19.172,0.5642
1692847025.037440,19.172,0.5454
1692847025.073451,19.172,0.5262
1692847025.105519,19.17,0.5802
1692847025.137425,19.17,0.5519
1692847025.173430,19.17,0.6226
1692847025.205466,19.17,0.5811
1692847025.237655,19.17,0.592
1692847025.273633,19.17,0.6171
1692847025.305694,19.161,0.6394
1692847025.337546,19.161,0.5744
1692847025.374081,19.161,0.5486
1692847025.405542,19.161,0.6153
1692847025.437557,19.161,0.63
1692847025.473637,19.161,0.6826
1692847025.505516,19.152,0.6229
1692847025.537614,19.152,0.6331
1692847025.575068,19.152,0.6031
1692847025.605707,19.152,0.5609
1692847025.637843,19.152,0.62
1692847025.674563,19.152,0.6357
1692847025.705879,19.141,0.6688
1692847025.737475,19.141,0.6774
1692847025.773448,19.141,0.6795
1692847025.805532,19.141,0.7004
1692847025.837459,19.141,0.6662
1692847025.873337,19.141,0.6798
1692847025.905562,19.138,0.7173
1692847025.937384,19.138,0.6789
1692847025.973438,19.138,0.6887
1692847026.005621,19.138,0.5976
1692847026.038153,19.138,0.5997
1692847026.073469,19.138,0.6247
1692847026.105699,19.136,0.6796
1692847026.137535,19.136,0.6851
1692847026.173432,19.136,0.6626
1692847026.205464,19.136,0.6731
1692847026.237852,19.136,0.663
1692847026.273423,19.136,0.6707
1692847026.305441,19.131,0.6701
1692847026.337568,19.131,0.6584
1692847026.373799,19.131,0.7065
1692847026.405821,19.131,0.6599
1692847026.437867,19.131,0.6625
1692847026.473492,19.131,0.6317
1692847026.505447,19.126,0.6754
1692847026.537527,19.126,0.6782
1692847026.573421,19.126,0.6566
1692847026.605521,19.126,0.6788
1692847026.637385,19.126,0.6707
1692847026.673614,19.126,0.6819
1692847026.705423,19.123,0.6574
1692847026.737464,19.123,0.6603
1692847026.773413,19.123,0.6589
1692847026.805580,19.123,0.6655
1692847026.837523,19.123,0.6549
1692847026.873532,19.123,0.6761
1692847026.905488,19.113,0.6503
1692847026.937588,19.113,0.6483
1692847026.973533,19.113,0.5744
1692847027.005530,19.113,0.6406
1692847027.037590,19.113,0.6767
1692847027.073674,19.113,0.6402
1692847027.105669,19.089,0.6512
1692847027.137750,19.089,0.6318
1692847027.173646,19.089,0.638
1692847027.205669,19.089,0.6285
1692847027.237613,19.089,0.6829
1692847027.273650,19.089,0.6621
1692847027.305609,19.064,0.6121
1692847027.337538,19.064,0.6179
1692847027.373423,19.064,0.6765
1692847027.405470,19.064,0.6603
1692847027.437490,19.064,0.6488
1692847027.473914,19.064,0.6573
1692847027.505640,19.045,0.6841
1692847027.537493,19.045,0.6845
1692847027.573552,19.045,0.6601
1692847027.605644,19.045,0.6338
1692847027.637677,19.045,0.6344
1692847027.675264,19.045,0.6291
1692847027.705670,19.04,0.6391
1692847027.737954,19.04,0.6126
1692847027.773703,19.04,0.6643
1692847027.805539,19.04,0.6438
1692847027.837550,19.04,0.6584
1692847027.873842,19.04,0.6596
1692847027.905637,19.043,0.6593
1692847027.937548,19.043,0.6819
1692847027.975331,19.043,0.6843
1692847028.005503,19.043,0.6751
1692847028.038408,19.043,0.6839
1692847028.073498,19.043,0.6844
1692847028.105716,19.046,0.6631
1692847028.137396,19.046,0.6798
1692847028.173364,19.046,0.6652
1692847028.205889,19.046,0.6721
1692847028.237451,19.046,0.6565
1692847028.273574,19.046,0.6722
1692847028.305523,19.048,0.6767
1692847028.337419,19.048,0.6838
1692847028.373509,19.048,0.6647
1692847028.405750,19.048,0.6491
1692847028.437428,19.048,0.6759
1692847028.473791,19.048,0.6602
1692847028.505708,19.051,0.6634
1692847028.537533,19.051,0.6512
1692847028.574578,19.051,0.6654
1692847028.605570,19.051,0.6508
1692847028.637469,19.051,0.668
1692847028.673458,19.051,0.6761
1692847028.705559,19.054,0.6321
1692847028.737526,19.054,0.6455
1692847028.773459,19.054,0.6374
1692847028.805529,19.054,0.6064
1692847028.837521,19.054,0.5972
1692847028.873432,19.054,0.5574
1692847028.905558,19.056,0.6234
1692847028.937514,19.056,0.6253
1692847028.973392,19.056,0.6558
1692847029.005592,19.056,0.6571
1692847029.037419,19.056,0.6456
1692847029.073435,19.056,0.6601
1692847029.105675,19.059,0.6213
1692847029.137495,19.059,0.6178
1692847029.173555,19.059,0.6438
1692847029.205693,19.059,0.6102
1692847029.237661,19.059,0.5892
1692847029.273469,19.059,0.6109
1692847029.305697,19.067,0.6711
1692847029.337532,19.067,0.6263
1692847029.373434,19.067,0.6219
1692847029.405650,19.067,0.5919
1692847029.437538,19.067,0.6332
1692847029.473417,19.067,0.6468
1692847029.505594,19.067,0.6236
1692847029.537551,19.067,0.6521
1692847029.573601,19.067,0.6403
1692847029.605633,19.067,0.6089
1692847029.637393,19.067,0.6334
1692847029.673507,19.067,0.6025
1692847029.705524,19.064,0.6429
1692847029.737459,19.064,0.6482
1692847029.773603,19.064,0.6764
1692847029.805487,19.064,0.614
1692847029.837588,19.064,0.6655
1692847029.873456,19.064,0.6368
1692847029.905560,19.064,0.6185
1692847029.937005,19.064,0.6679
1692847029.973279,19.064,0.6545
1692847030.005492,19.064,0.6696
1692847030.037578,19.064,0.6655
1692847030.073476,19.064,0.655
1692847030.105517,19.058,0.6682
1692847030.137506,19.058,0.6735
1692847030.173494,19.058,0.6534
1692847030.205464,19.058,0.6885
1692847030.237441,19.058,0.6061
1692847030.273618,19.058,0.5606
1692847030.305591,19.053,0.5485
1692847030.337476,19.053,0.6577
1692847030.374005,19.053,0.6591
1692847030.405558,19.053,0.656
1692847030.437771,19.053,0.6734
1692847030.473609,19.053,0.6523
1692847030.506005,19.039,0.6497
1692847030.537326,19.039,0.6688
1692847030.573219,19.039,0.6434
1692847030.605492,19.039,0.6205
1692847030.637315,19.039,0.6531
1692847030.673441,19.039,0.6394
1692847030.705316,19.02,0.6145
1692847030.737295,19.02,0.6493
1692847030.773315,19.02,0.6028
1692847030.805897,19.02,0.6298
1692847030.837519,19.02,0.5596
1692847030.873530,19.02,0.5539
1692847030.905529,19.0,0.635
1692847030.937490,19.0,0.668
1692847030.973349,19.0,0.6322
1692847031.005441,19.0,0.5847
1692847031.037459,19.0,0.5749
1692847031.073374,19.0,0.5804
1692847031.105434,18.982,0.6179
1692847031.137417,18.982,0.6125
1692847031.173588,18.982,0.593
1692847031.205456,18.982,0.586
1692847031.237406,18.982,0.601
1692847031.273397,18.982,0.5373
1692847031.305605,18.963,0.601
1692847031.337422,18.963,0.5801
1692847031.373420,18.963,0.5182
1692847031.405410,18.963,0.6011
1692847031.437369,18.963,0.5373
1692847031.473356,18.963,0.577
1692847031.505536,18.946,0.5536
1692847031.537284,18.946,0.3549
1692847031.573480,18.946,0.4935
1692847031.605483,18.946,0.4986
1692847031.637619,18.946,0.4062
1692847031.673696,18.946,0.5022
1692847031.705793,18.914,0.5117
1692847031.737575,18.914,0.4376
1692847031.773438,18.914,0.436
1692847031.805496,18.914,0.551
1692847031.837410,18.914,0.5939
1692847031.873447,18.914,0.6038
1692847031.905465,18.866,0.512
1692847031.937355,18.866,0.5826
1692847031.973313,18.866,0.561
1692847032.005459,18.866,0.5357
1692847032.037357,18.866,0.5948
1692847032.073844,18.866,0.6239
1692847032.105493,18.805,0.5255
1692847032.137537,18.805,0.6387
1692847032.173408,18.805,0.4202
1692847032.205592,18.805,0.5419
1692847032.237511,18.805,0.6045
1692847032.273329,18.805,0.5211
1692847032.305389,18.747,0.3803
1692847032.337306,18.747,0.5281
1692847032.373345,18.747,0.3725
1692847032.405518,18.747,0.546
1692847032.437600,18.747,0.3891
1692847032.473563,18.747,0.3402
1692847032.505567,18.638,0.3785
1692847032.537589,18.638,0.4341
1692847032.573436,18.638,0.447
1692847032.605752,18.638,0.3869
1692847032.637375,18.638,0.413
1692847032.673524,18.638,0.3628
1692847032.705572,18.638,0.3889
1692847032.737460,18.511,0.3112
1692847032.773379,18.511,0.3213
1692847032.806307,18.511,0.4279
1692847032.837871,18.511,0.358
1692847032.873421,18.511,0.3062
1692847032.905700,18.511,0.3584
1692847032.938002,18.511,0.4181
1692847032.973241,18.409,0.3578
1692847033.005433,18.409,0.3827
1692847033.037673,18.409,0.4123
1692847033.073292,18.409,0.5272
1692847033.105468,18.409,0.321
1692847033.137434,18.409,0.3348
1692847033.173428,18.288,0.3485
1692847033.205569,18.288,0.3133
1692847033.237728,18.288,0.4395
1692847033.273458,18.288,0.3101
1692847033.305733,18.288,0.3039
1692847033.337417,18.288,0.3337
1692847033.373426,18.161,0.3525
1692847033.405488,18.161,0.3585
1692847033.437497,18.161,0.331
1692847033.473357,18.161,0.3833
1692847033.505442,18.161,0.4397
1692847033.537488,18.161,0.3358
1692847033.573384,18.161,0.2843
1692847033.605481,18.029,0.5181
1692847033.637459,18.029,0.3409
1692847033.673340,18.029,0.4092
1692847033.705430,18.029,0.337
1692847033.737486,18.029,0.4143
1692847033.773391,18.029,0.4288
1692847033.805496,17.928,0.482
1692847033.837349,17.928,0.3101
1692847033.873419,17.928,0.3147
1692847033.905464,17.928,0.445
1692847033.937408,17.928,0.2742
1692847033.973420,17.928,0.3939
1692847034.005596,17.796,0.5245
1692847034.037620,17.796,0.4889
1692847034.073386,17.796,0.4017
1692847034.105433,17.796,0.5811
1692847034.137567,17.796,0.3423
1692847034.173605,17.796,0.3749
1692847034.205508,17.659,0.4319
1692847034.237410,17.659,0.3768
1692847034.273426,17.659,0.5432
1692847034.305654,17.659,0.5647
1692847034.337350,17.659,0.6072
1692847034.373396,17.659,0.6168
1692847034.405399,17.485,0.5435
1692847034.437758,17.485,0.55
1692847034.473403,17.485,0.5102
1692847034.505964,17.485,0.4668
1692847034.537512,17.485,0.6328
1692847034.573749,17.485,0.5747
1692847034.605572,17.485,0.6578
1692847034.637417,17.485,0.6201
1692847034.673656,17.363,0.6628
1692847034.705456,17.363,0.6515
1692847034.737444,17.363,0.6249
1692847034.773341,17.363,0.5295
1692847034.805560,17.363,0.6165
1692847034.837867,17.196,0.6212
1692847034.873524,17.196,0.6246
1692847034.905415,17.196,0.5804
1692847034.937700,17.196,0.575
1692847034.974999,17.196,0.6119
1692847035.005992,17.196,0.5641
1692847035.037991,17.013,0.5915
1692847035.073621,17.013,0.5054
1692847035.105584,17.013,0.6166
1692847035.137411,17.013,0.6266
1692847035.173393,17.013,0.6479
1692847035.205991,17.013,0.6286
1692847035.237694,17.013,0.6045
1692847035.273416,16.876,0.5921
1692847035.305470,16.876,0.6146
1692847035.337595,16.876,0.6275
1692847035.373946,16.876,0.6009
1692847035.405895,16.876,0.5811
1692847035.437832,16.699,0.703
1692847035.473603,16.699,0.6799
1692847035.505570,16.699,0.6614
1692847035.537307,16.699,0.6564
1692847035.573415,16.699,0.6415
1692847035.605486,16.699,0.6506
1692847035.637587,16.699,0.6746
1692847035.673487,16.546,0.6764
1692847035.705474,16.546,0.6722
1692847035.737568,16.546,0.671
1692847035.773677,16.546,0.6532
1692847035.805560,16.546,0.593
1692847035.837493,16.546,0.6158
1692847035.873443,16.369,0.5833
1692847035.905437,16.369,0.6515
1692847035.937517,16.369,0.6661
1692847035.973323,16.369,0.6813
1692847036.005390,16.369,0.6725
1692847036.037494,16.188,0.6729
1692847036.073441,16.188,0.6705
1692847036.105533,16.188,0.6792
1692847036.137404,16.188,0.6512
1692847036.173566,16.188,0.6505
1692847036.205526,16.188,0.6424
1692847036.237516,16.03,0.6517
1692847036.273266,16.03,0.6466
1692847036.305473,16.03,0.6411
1692847036.337407,16.03,0.5938
1692847036.373330,16.03,0.6414
1692847036.405568,16.03,0.6483
1692847036.437556,16.03,0.6863
1692847036.473496,15.844,0.6672
1692847036.505542,15.844,0.6895
1692847036.537401,15.844,0.6656
1692847036.573479,15.844,0.6795
1692847036.605444,15.844,0.6767
1692847036.637405,15.683,0.6821
1692847036.673336,15.683,0.6579
1692847036.705477,15.683,0.6642
1692847036.737346,15.683,0.6212
1692847036.773571,15.683,0.6344
1692847036.805553,15.683,0.6155
1692847036.837384,15.683,0.6147
1692847036.873769,15.491,0.613
1692847036.905572,15.491,0.6254
1692847036.937562,15.491,0.5932
1692847036.973655,15.491,0.6174
1692847037.005513,15.491,0.5568
1692847037.037496,15.491,0.641
1692847037.073273,15.296,0.6465
1692847037.105559,15.296,0.6601
1692847037.137279,15.296,0.6714
1692847037.173506,15.296,0.6817
1692847037.205532,15.296,0.6453
1692847037.238634,15.094,0.6762
1692847037.273559,15.094,0.6565
1692847037.305475,15.094,0.6762
1692847037.337642,15.094,0.6834
1692847037.373328,15.094,0.6705
1692847037.405502,15.094,0.6884
1692847037.437510,15.094,0.6487
1692847037.473409,14.939,0.6954
1692847037.505682,14.939,0.7011
1692847037.537473,14.939,0.6918
1692847037.573460,14.939,0.7182
1692847037.605757,14.939,0.6904
1692847037.637870,14.734,0.7088
1692847037.673361,14.734,0.6998
1692847037.705451,14.734,0.6766
1692847037.737612,14.734,0.707
1692847037.773432,14.734,0.6806
1692847037.805637,14.734,0.6838
1692847037.837373,14.527,0.7047
1692847037.873291,14.527,0.7021
1692847037.905326,14.527,0.6625
1692847037.937311,14.527,0.6783
1692847037.973319,14.527,0.6895
1692847038.005429,14.527,0.6953
1692847038.037481,14.366,0.7087
1692847038.073649,14.366,0.7067
1692847038.105618,14.366,0.7113
1692847038.137496,14.366,0.7065
1692847038.173370,14.366,0.7085
1692847038.205455,14.366,0.7159
1692847038.237468,14.366,0.6875
1692847038.273357,14.178,0.689
1692847038.305396,14.178,0.7024
1692847038.337355,14.178,0.6875
1692847038.373486,14.178,0.6293
1692847038.405400,14.178,0.6601
1692847038.437395,14.178,0.628
1692847038.473457,13.942,0.6133
1692847038.505396,13.942,0.6779
1692847038.537423,13.942,0.6802
1692847038.573283,13.942,0.7074
1692847038.605615,13.942,0.6599
1692847038.637346,13.942,0.6981
1692847038.673293,13.942,0.7037
1692847038.705493,13.78,0.7057
1692847038.737366,13.78,0.7084
1692847038.773291,13.78,0.6769
1692847038.805576,13.78,0.6914
1692847038.837383,13.78,0.6594
1692847038.873364,13.78,0.6554
1692847038.905494,13.567,0.6318
1692847038.937427,13.567,0.6737
1692847038.973690,13.567,0.6776
1692847039.005469,13.567,0.6997
1692847039.037451,13.567,0.7088
1692847039.073269,13.567,0.7147
1692847039.105489,13.353,0.7184
1692847039.137431,13.353,0.7211
1692847039.173467,13.353,0.7191
1692847039.205704,13.353,0.7093
1692847039.237483,13.353,0.7219
1692847039.273478,13.353,0.6999
1692847039.305610,13.183,0.6884
1692847039.337390,13.183,0.7109
1692847039.373411,13.183,0.6716
1692847039.405491,13.183,0.7199
1692847039.437478,13.183,0.7227
1692847039.473457,13.183,0.7028
1692847039.505556,12.998,0.7291
1692847039.537512,12.998,0.7451
1692847039.573441,12.998,0.7251
1692847039.605678,12.998,0.7146
1692847039.637509,12.998,0.7399
1692847039.673369,12.998,0.7241
1692847039.705505,12.926,0.6942
1692847039.737870,12.926,0.668
1692847039.773348,12.926,0.6918
1692847039.805672,12.926,0.6917
1692847039.837536,12.926,0.7142
1692847039.873404,12.926,0.709
1692847039.905705,12.919,0.7156
1692847039.937482,12.919,0.7151
1692847039.973446,12.919,0.7252
1692847040.005397,12.919,0.7223
1692847040.037473,12.919,0.7307
1692847040.073496,12.919,0.7471
1692847040.105380,12.924,0.7394
1692847040.137498,12.924,0.7239
1692847040.173460,12.924,0.7188
1692847040.205554,12.924,0.7055
1692847040.237237,12.924,0.7236
1692847040.273441,12.924,0.727
1692847040.305481,12.931,0.7375
1692847040.337326,12.931,0.7338
1692847040.373410,12.931,0.7281
1692847040.405713,12.931,0.7377
1692847040.437486,12.931,0.7431
1692847040.473373,12.931,0.7424
1692847040.505564,12.93,0.7599
1692847040.537560,12.93,0.745
1692847040.573678,12.93,0.7635
1692847040.605467,12.93,0.7538
1692847040.637483,12.93,0.7426
1692847040.673559,12.93,0.7551
1692847040.705506,12.922,0.7332
1692847040.737346,12.922,0.7384
1692847040.774957,12.922,0.7406
1692847040.805480,12.922,0.7346
1692847040.837543,12.922,0.743
1692847040.873449,12.922,0.7328
1692847040.905461,12.917,0.7271
1692847040.937346,12.917,0.7337
1692847040.973464,12.917,0.7353
1692847041.005430,12.917,0.7293
1692847041.037349,12.917,0.7249
1692847041.073363,12.917,0.7566
1692847041.105482,12.917,0.7443
1692847041.137419,12.917,0.74
1692847041.173402,12.917,0.7507
1692847041.205510,12.917,0.7258
1692847041.237541,12.917,0.7326
1692847041.273481,12.917,0.736
1692847041.305577,12.917,0.7503
1692847041.337587,12.917,0.7534
1692847041.373354,12.917,0.7357
1692847041.405487,12.917,0.7208
1692847041.437435,12.917,0.7529
1692847041.473377,12.917,0.7673
1692847041.505371,12.918,0.7562
1692847041.537378,12.918,0.74
1692847041.573292,12.918,0.7397
1692847041.605199,12.918,0.7519
1692847041.637240,12.918,0.7416
1692847041.673116,12.918,0.7279
1692847041.705122,12.917,0.732
1692847041.737172,12.917,0.7393
1692847041.773132,12.917,0.7525
1692847041.805342,12.917,0.7556
1692847041.837296,12.917,0.733
1692847041.873372,12.917,0.7266
1692847041.905371,12.923,0.7297
1692847041.937396,12.923,0.731
1692847041.973287,12.923,0.7215
1692847042.005465,12.923,0.7385
1692847042.037442,12.923,0.7375
1692847042.073544,12.923,0.7298
1692847042.105658,12.929,0.7129
1692847042.137559,12.929,0.7206
1692847042.173071,12.929,0.7304
1692847042.205508,12.929,0.691
1692847042.237251,12.929,0.7146
1692847042.273225,12.929,0.7373
1692847042.305284,12.932,0.7426
1692847042.337343,12.932,0.7257
1692847042.373349,12.932,0.7257
1692847042.405376,12.932,0.7211
1692847042.437796,12.932,0.7153
1692847042.473230,12.932,0.6852
1692847042.505247,12.936,0.7009
1692847042.537358,12.936,0.7262
1692847042.573255,12.936,0.7134
1692847042.605375,12.936,0.7108
1692847042.637238,12.936,0.702
1692847042.673152,12.936,0.7101
1692847042.705233,12.941,0.6964
1692847042.737194,12.941,0.6949
1692847042.773164,12.941,0.7252
1692847042.805426,12.941,0.7391
1692847042.837377,12.941,0.7154
1692847042.873368,12.941,0.7027
1692847042.905706,12.945,0.7097
1692847042.937553,12.945,0.7096
1692847042.973410,12.945,0.7065
1692847043.005522,12.945,0.7112
1692847043.037504,12.945,0.6735
1692847043.077173,12.945,0.5748
1692847043.110310,12.945,0.6346
1692847043.137368,12.945,0.6835
1692847043.173409,12.945,0.6907
1692847043.205483,12.945,0.6671
1692847043.237428,12.945,0.667
1692847043.273458,12.945,0.6642
1692847043.305615,12.949,0.6692
1692847043.337428,12.949,0.6686
1692847043.373482,12.949,0.6558
1692847043.405567,12.949,0.6864
1692847043.437446,12.949,0.6889
1692847043.473509,12.949,0.6888
1692847043.505441,12.952,0.6853
1692847043.537474,12.952,0.6687
1692847043.573636,12.952,0.6856
1692847043.605688,12.952,0.6795
1692847043.637479,12.952,0.666
1692847043.675156,12.952,0.6636
1692847043.705516,12.952,0.5917
1692847043.737508,12.952,0.6643
1692847043.773422,12.952,0.6692
1692847043.805483,12.952,0.6677
1692847043.837469,12.952,0.6693
1692847043.873612,12.952,0.6812
1692847043.905468,12.953,0.6769
1692847043.937492,12.953,0.6899
1692847043.973699,12.953,0.6664
1692847044.005475,12.953,0.6556
1692847044.037505,12.953,0.6507
1692847044.073477,12.953,0.6351
1692847044.105467,12.956,0.6426
1692847044.137465,12.956,0.6608
1692847044.173515,12.956,0.6838
1692847044.205562,12.956,0.6735
1692847044.237484,12.956,0.6661
1692847044.273779,12.956,0.5814
1692847044.305534,12.959,0.6869
1692847044.337432,12.959,0.6916
1692847044.373360,12.959,0.6861
1692847044.405520,12.959,0.6872
1692847044.437550,12.959,0.6738
1692847044.473497,12.959,0.6777
1692847044.506112,12.962,0.6664
1692847044.537616,12.962,0.6869
1692847044.573430,12.962,0.6829
1692847044.605565,12.962,0.6767
1692847044.637580,12.962,0.6001
1692847044.673438,12.962,0.6552
1692847044.705546,12.962,0.6794
1692847044.737599,12.962,0.7039
1692847044.773427,12.962,0.6764
1692847044.805519,12.962,0.6679
1692847044.837665,12.962,0.6681
1692847044.873793,12.962,0.6713
1692847044.905544,12.954,0.6935
1692847044.937532,12.954,0.6776
1692847044.973546,12.954,0.6835
1692847045.005528,12.954,0.6915
1692847045.037521,12.954,0.6714
1692847045.073363,12.954,0.6918
1692847045.105442,12.951,0.6627
1692847045.137471,12.951,0.6675
1692847045.173516,12.951,0.6806
1692847045.205772,12.951,0.6836
1692847045.237480,12.951,0.628
1692847045.273479,12.951,0.5803
1692847045.305512,12.944,0.6725
1692847045.337376,12.944,0.6864
1692847045.373454,12.944,0.6628
1692847045.405539,12.944,0.6267
1692847045.437477,12.944,0.6178
1692847045.473742,12.944,0.6354
1692847045.505471,12.905,0.6498
1692847045.537472,12.905,0.6372
1692847045.573411,12.905,0.6354
1692847045.605810,12.905,0.582
1692847045.637414,12.905,0.4836
1692847045.673411,12.905,0.6427
1692847045.705530,12.829,0.6612
1692847045.737478,12.829,0.6566
1692847045.773443,12.829,0.6232
1692847045.805566,12.829,0.6127
1692847045.837493,12.829,0.6302
1692847045.873471,12.829,0.581
1692847045.905553,12.743,0.5961
1692847045.937490,12.743,0.5941
1692847045.973609,12.743,0.569
1692847046.005616,12.743,0.5876
1692847046.037502,12.743,0.6419
1692847046.073383,12.743,0.5909
1692847046.105680,12.615,0.6258
1692847046.137638,12.615,0.6015
1692847046.173600,12.615,0.6411
1692847046.205609,12.615,0.6619
1692847046.237487,12.615,0.6292
1692847046.273582,12.615,0.6175
1692847046.305845,12.473,0.5919
1692847046.337637,12.473,0.606
1692847046.373484,12.473,0.5685
1692847046.405527,12.473,0.5669
1692847046.437464,12.473,0.5797
1692847046.473408,12.473,0.6466
1692847046.505585,12.348,0.5979
1692847046.537461,12.348,0.6425
1692847046.573435,12.348,0.6822
1692847046.605488,12.348,0.6372
1692847046.637558,12.348,0.6327
1692847046.674698,12.348,0.6489
1692847046.705500,12.19,0.6499
1692847046.739080,12.19,0.6063
1692847046.773475,12.19,0.6329
1692847046.805629,12.19,0.6271
1692847046.837879,12.19,0.6189
1692847046.873393,12.19,0.664
1692847046.905485,12.02,0.6071
1692847046.937561,12.02,0.6103
1692847046.973422,12.02,0.6481
1692847047.005393,12.02,0.6699
1692847047.037436,12.02,0.6652
1692847047.073381,12.02,0.6391
1692847047.105480,11.84,0.6792
1692847047.137486,11.84,0.6238
1692847047.173358,11.84,0.6208
1692847047.205479,11.84,0.6825
1692847047.237447,11.84,0.603
1692847047.273422,11.84,0.6162
1692847047.305400,11.84,0.5755
1692847047.337349,11.649,0.5562
1692847047.373440,11.649,0.6463
1692847047.405592,11.649,0.6271
1692847047.437438,11.649,0.6287
1692847047.473385,11.649,0.6736
1692847047.505472,11.649,0.6211
1692847047.537328,11.649,0.6473
1692847047.573416,11.465,0.6329
1692847047.605593,11.465,0.6185
1692847047.637786,11.465,0.6307
1692847047.673449,11.465,0.6345
1692847047.709774,11.465,0.6213
1692847047.741672,11.465,0.6223
1692847047.777881,11.223,0.5735
1692847047.809711,11.223,0.6271
1692847047.841695,11.223,0.612
1692847047.877654,11.223,0.5753
1692847047.909642,11.223,0.646
1692847047.941764,11.223,0.6607
1692847047.977495,11.223,0.5905
1692847048.005618,11.018,0.5942
1692847048.037441,11.018,0.5718
1692847048.073649,11.018,0.5837
1692847048.105503,11.018,0.6098
1692847048.137417,11.018,0.691
1692847048.173378,11.018,0.6638
1692847048.205440,10.85,0.6555
1692847048.237457,10.85,0.6319
1692847048.273441,10.85,0.6211
1692847048.305402,10.85,0.6384
1692847048.337464,10.85,0.6414
1692847048.373485,10.85,0.6187
1692847048.405756,10.638,0.6711
1692847048.437661,10.638,0.6576
1692847048.469795,10.638,0.6674
1692847048.505672,10.638,0.6253
1692847048.537588,10.638,0.6505
1692847048.569878,10.638,0.6353
1692847048.605606,10.461,0.5972
1692847048.637494,10.461,0.6111
1692847048.670038,10.461,0.5858
1692847048.705561,10.461,0.614
1692847048.737545,10.461,0.6555
1692847048.769534,10.461,0.603
1692847048.805591,10.246,0.6007
1692847048.837884,10.246,0.6229
1692847048.869536,10.246,0.6513
1692847048.905566,10.246,0.5855
1692847048.937498,10.246,0.6161
1692847048.969606,10.246,0.6091
1692847049.005536,10.033,0.6248
1692847049.037513,10.033,0.6107
1692847049.069555,10.033,0.6143
1692847049.105635,10.033,0.6151
1692847049.137511,10.033,0.5815
1692847049.169590,10.033,0.561
1692847049.205605,9.827,0.6086
1692847049.237803,9.827,0.5384
1692847049.270309,9.827,0.5333
1692847049.305513,9.827,0.5604
1692847049.337813,9.827,0.5546
1692847049.369722,9.827,0.5515
1692847049.405543,9.655,0.5738
1692847049.437640,9.655,0.6081
1692847049.469643,9.655,0.5996
1692847049.505593,9.655,0.6167
1692847049.537537,9.655,0.5621
1692847049.569677,9.655,0.5559
1692847049.605632,9.443,0.6445
1692847049.637529,9.443,0.5939
1692847049.669572,9.443,0.5043
1692847049.705499,9.443,0.5699
1692847049.737526,9.443,0.6137
1692847049.769698,9.443,0.4435
1692847049.805487,9.273,0.4875
1692847049.837493,9.273,0.3465
1692847049.869724,9.273,0.3932
1692847049.905598,9.273,0.573
1692847049.937610,9.273,0.4329
1692847049.969688,9.273,0.4967
1692847050.005759,9.062,0.5653
1692847050.037645,9.062,0.5242
1692847050.071443,9.062,0.5871
1692847050.105717,9.062,0.5425
1692847050.137535,9.062,0.5644
1692847050.169660,9.062,0.5132
1692847050.205520,8.884,0.598
1692847050.237525,8.884,0.5704
1692847050.269546,8.884,0.5542
1692847050.305563,8.884,0.5726
1692847050.337489,8.884,0.5242
1692847050.369566,8.884,0.4637
1692847050.405553,8.625,0.5611
1692847050.437509,8.625,0.5942
1692847050.469585,8.625,0.6141
1692847050.505534,8.625,0.6205
1692847050.537512,8.625,0.6298
1692847050.571810,8.625,0.653
1692847050.605524,8.625,0.6381
1692847050.637554,8.625,0.6201
1692847050.669743,8.416,0.6329
1692847050.705508,8.416,0.6473
1692847050.737733,8.416,0.5974
1692847050.769778,8.416,0.6316
1692847050.805757,8.416,0.6266
1692847050.837929,8.2,0.6148
1692847050.870083,8.2,0.5713
1692847050.905730,8.2,0.5271
1692847050.937868,8.2,0.5958
1692847050.969858,8.2,0.6673
1692847051.005838,8.2,0.6549
1692847051.037989,8.2,0.6003
1692847051.069551,7.98,0.6538
1692847051.105544,7.98,0.6388
1692847051.137607,7.98,0.5943
1692847051.169598,7.98,0.6245
1692847051.205991,7.98,0.608
1692847051.237706,7.98,0.5923
1692847051.269741,7.807,0.6043
1692847051.305647,7.807,0.5767
1692847051.337538,7.807,0.5805
1692847051.369622,7.807,0.4853
1692847051.405572,7.807,0.472
1692847051.437504,7.6,0.5868
1692847051.469611,7.6,0.5942
1692847051.505668,7.6,0.6522
1692847051.537831,7.6,0.6273
1692847051.569830,7.6,0.6715
1692847051.605799,7.6,0.6721
1692847051.638184,7.6,0.6429
1692847051.670234,7.426,0.6256
1692847051.705765,7.426,0.6274
1692847051.737783,7.426,0.6164
1692847051.769892,7.426,0.6592
1692847051.805519,7.426,0.611
1692847051.837583,7.426,0.5785
1692847051.869631,7.224,0.5279
1692847051.905532,7.224,0.5796
1692847051.937613,7.224,0.5887
1692847051.969714,7.224,0.6428
1692847052.005572,7.224,0.6143
1692847052.037584,7.224,0.6271
1692847052.069578,7.003,0.6407
1692847052.105541,7.003,0.6572
1692847052.137520,7.003,0.6075
1692847052.169623,7.003,0.6196
1692847052.205536,7.003,0.5683
1692847052.237527,7.003,0.6215
1692847052.269567,6.782,0.6225
1692847052.305608,6.782,0.5947
1692847052.337756,6.782,0.5138
1692847052.370626,6.782,0.4732
1692847052.405704,6.782,0.5852
1692847052.438080,6.782,0.6167
1692847052.469572,6.782,0.6115
1692847052.505630,6.558,0.6157
1692847052.537509,6.558,0.6587
1692847052.569583,6.558,0.6177
1692847052.605542,6.558,0.6106
1692847052.637490,6.558,0.627
1692847052.669548,6.558,0.6328
1692847052.705478,6.324,0.6102
1692847052.737483,6.324,0.6042
1692847052.769967,6.324,0.5519
1692847052.806256,6.324,0.4716
1692847052.837517,6.324,0.5324
1692847052.869570,6.324,0.5379
1692847052.905537,6.139,0.598
1692847052.937617,6.139,0.6227
1692847052.969676,6.139,0.6335
1692847053.005594,6.139,0.6113
1692847053.037514,6.139,0.5819
1692847053.069541,6.139,0.5968
1692847053.105507,5.916,0.6049
1692847053.137602,5.916,0.6141
1692847053.169645,5.916,0.6168
1692847053.205519,5.916,0.5243
1692847053.237606,5.916,0.4959
1692847053.269833,5.916,0.5789
1692847053.305607,5.688,0.6263
1692847053.337574,5.688,0.6496
1692847053.369845,5.688,0.654
1692847053.405706,5.688,0.6469
1692847053.437634,5.688,0.6408
1692847053.469577,5.688,0.6503
1692847053.505624,5.46,0.592
1692847053.537497,5.46,0.667
1692847053.569548,5.46,0.6206
1692847053.605988,5.46,0.5716
1692847053.637543,5.46,0.4607
1692847053.669927,5.46,0.4866
1692847053.705487,5.279,0.5565
1692847053.737477,5.279,0.5833
1692847053.769672,5.279,0.6006
1692847053.805665,5.279,0.55
1692847053.837470,5.279,0.5164
1692847053.869601,5.279,0.5043
1692847053.905742,5.042,0.4919
1692847053.937518,5.042,0.528
1692847053.969940,5.042,0.4796
1692847054.005617,5.042,0.4486
1692847054.037568,5.042,0.4079
1692847054.069774,5.042,0.4523
1692847054.105546,4.802,0.4901
1692847054.137573,4.802,0.4227
1692847054.169658,4.802,0.5281
1692847054.205525,4.802,0.4877
1692847054.237511,4.802,0.4938
1692847054.269829,4.802,0.5227
1692847054.305650,4.622,0.4476
1692847054.337716,4.622,0.4363
1692847054.369781,4.622,0.5335
1692847054.405497,4.622,0.4624
1692847054.437546,4.622,0.5006
1692847054.469579,4.622,0.5748
1692847054.505462,4.395,0.4254
1692847054.537580,4.395,0.3679
1692847054.569550,4.395,0.5064
1692847054.605565,4.395,0.3318
1692847054.637528,4.395,0.6706
1692847054.669667,4.395,0.388
1692847054.705604,4.17,0.4158
1692847054.737520,4.17,0.4118
1692847054.769600,4.17,0.3443
1692847054.805590,4.17,0.3701
1692847054.837605,4.17,0.5382
1692847054.869749,4.17,0.4072
1692847054.905584,3.986,0.2413
1692847054.937493,3.986,0.3891
1692847054.969815,3.986,0.3943
1692847055.005578,3.986,0.3943
1692847055.037606,3.986,0.4336
1692847055.069581,3.986,0.3867
1692847055.105492,3.738,0.5235
1692847055.137486,3.738,0.2956
1692847055.169552,3.738,0.4349
1692847055.205529,3.738,0.3924
1692847055.237545,3.738,0.37
1692847055.269618,3.738,0.5725
1692847055.305510,3.492,0.4021
1692847055.337569,3.492,0.4724
1692847055.369811,3.492,0.3717
1692847055.405517,3.492,0.3702
1692847055.437485,3.492,0.3864
1692847055.469626,3.492,0.389
1692847055.505529,3.308,0.4103
1692847055.537489,3.308,0.4789
1692847055.569539,3.308,0.4247
1692847055.605731,3.308,0.3927
1692847055.637875,3.308,0.3667
1692847055.669818,3.308,0.3738
1692847055.705610,3.087,0.4419
1692847055.737509,3.087,0.4504
1692847055.769576,3.087,0.4328
1692847055.805587,3.087,0.4256
1692847055.837519,3.087,0.3786
1692847055.869588,3.087,0.4015
1692847055.905621,2.853,0.4799
1692847055.937560,2.853,0.4237
1692847055.969645,2.853,0.3975
1692847056.005677,2.853,0.4391
1692847056.038179,2.853,0.5088
1692847056.069854,2.853,0.3278
1692847056.105679,2.66,0.3952
1692847056.137515,2.66,0.4768
1692847056.169630,2.66,0.4434
1692847056.205604,2.66,0.416
1692847056.237515,2.66,0.4226
1692847056.269590,2.66,0.3693
1692847056.305565,2.427,0.3796
1692847056.337528,2.427,0.4017
1692847056.369629,2.427,0.4261
1692847056.405597,2.427,0.3937
1692847056.437758,2.427,0.3968
1692847056.469820,2.427,0.4318
1692847056.505582,2.177,0.4249
1692847056.537591,2.177,0.4786
1692847056.569710,2.177,0.4512
1692847056.605528,2.177,0.4179
1692847056.637530,2.177,0.4955
1692847056.669590,2.177,0.3786
1692847056.705588,1.992,0.4077
1692847056.737554,1.992,0.4044
1692847056.769660,1.992,0.4966
1692847056.805512,1.992,0.3047
1692847056.837547,1.992,0.4902
1692847056.869608,1.992,0.3293
1692847056.905633,1.772,0.4283
1692847056.937535,1.772,0.4062
1692847056.969556,1.772,0.4569
1692847057.005463,1.772,0.4182
1692847057.037483,1.772,0.4782
1692847057.069848,1.772,0.4299
1692847057.105709,1.547,0.456
1692847057.137516,1.547,0.4777
1692847057.169674,1.547,0.4518
1692847057.205757,1.547,0.4011
1692847057.237948,1.547,0.393
1692847057.269913,1.547,0.5941
1692847057.305668,1.321,0.4371
1692847057.337498,1.321,0.5652
1692847057.369692,1.321,0.5412
1692847057.405636,1.321,0.5259
1692847057.437511,1.321,0.4081
1692847057.474289,1.321,0.4102
1692847057.505491,1.136,0.336
1692847057.537557,1.136,0.3604
1692847057.569535,1.136,0.3879
1692847057.605611,1.136,0.4014
1692847057.637456,1.136,0.3439
1692847057.669525,1.136,0.3611
