img,z,conf_full1920,conf_sahi,conf_union
1692846887.841523,,0.3964,0.5878,0.5878
1692846887.873224,,0.4314,0.5375,0.5375
1692846887.905400,,0.276,0.5723,0.5723
1692846887.941594,,0.4697,0.5256,0.5256
1692846887.973160,,0.3327,0.6509,0.6509
1692846888.005300,,0.3855,0.5488,0.5488
1692846888.041198,,0.4578,0.5685,0.5685
1692846888.105356,,0.3831,0.5762,0.5762
1692846888.140991,,0.4217,0.5616,0.5616
1692846888.173160,,0.4381,0.6604,0.6604
1692846888.205341,,0.4275,0.59,0.59
1692846888.241313,,0.3918,0.6258,0.6258
1692846888.273249,,0.3974,0.5958,0.5958
1692846888.305379,,0.4014,0.6103,0.6103
1692846888.341681,,0.4013,0.5319,0.5319
1692846888.373642,,0.4199,0.6266,0.6266
1692846888.405742,,0.3795,0.5355,0.5355
1692846888.441180,,0.4387,0.6547,0.6547
1692846888.473422,,0.3118,0.636,0.636
1692846888.505390,,0.4005,0.5531,0.5531
1692846888.541217,,0.4541,0.6462,0.6462
1692846888.573079,,0.4611,0.6084,0.6084
1692846888.605267,,0.3909,0.5482,0.5482
1692846888.641296,,0.3514,0.5205,0.5205
1692846888.673200,,0.4457,0.5693,0.5693
1692846888.705256,,0.4633,0.6609,0.6609
1692846888.741496,,0.4115,0.5498,0.5498
1692846888.773661,,0.4672,0.5351,0.5351
1692846888.805602,,0.2474,0.5769,0.5769
1692846888.841176,,0.4081,0.5881,0.5881
1692846888.873158,,0.3826,0.5042,0.5042
1692846888.905260,,0.4568,0.6059,0.6059
1692846888.941070,,0.4189,0.5381,0.5381
1692846888.973110,,0.535,0.6426,0.6426
1692846889.005295,,0.5519,0.5605,0.5605
1692846889.041259,,0.452,0.6053,0.6053
1692846889.073618,,0.2193,0.5464,0.5464
1692846889.105675,,0.3236,0.5484,0.5484
1692846889.141365,,0.379,0.5385,0.5385
1692846889.173436,,0.4122,0.5896,0.5896
1692846889.205568,,0.4546,0.5837,0.5837
1692846889.241338,,0.628,0.6411,0.6411
1692846889.273396,,0.3817,0.5685,0.5685
1692846889.305521,,0.5075,0.64,0.64
1692846889.341299,,0.4162,0.6028,0.6028
1692846889.373255,,0.3966,0.6056,0.6056
1692846889.405364,,0.4201,0.5661,0.5661
1692846889.441646,,0.4747,0.6353,0.6353
1692846889.473613,,0.4221,0.606,0.606
1692846889.505655,,0.5369,0.6875,0.6875
1692846889.541479,,0.4521,0.5926,0.5926
1692846889.573248,,0.4942,0.6341,0.6341
1692846889.605316,,0.505,0.568,0.568
1692846889.641788,,0.4135,0.5789,0.5789
1692846889.673221,,0.3831,0.5069,0.5069
1692846889.705394,,0.4437,0.633,0.633
1692846889.741189,,0.4179,0.6365,0.6365
1692846889.773260,,0.3909,0.6131,0.6131
1692846889.805372,,0.4253,0.6379,0.6379
1692846889.841494,,0.3976,0.629,0.629
1692846889.873641,,0.5392,0.5729,0.5729
1692846889.905676,,0.4215,0.592,0.592
1692846889.941271,,0.4518,0.5869,0.5869
1692846889.973360,,0.3947,0.5871,0.5871
1692846890.005506,,0.5673,0.6279,0.6279
1692846890.041215,,0.3618,0.5009,0.5009
1692846890.073256,,0.4404,0.5352,0.5352
1692846890.105306,,0.4076,0.54,0.54
1692846890.141053,,0.4546,0.5551,0.5551
1692846890.173341,,0.4237,0.5863,0.5863
1692846890.205243,,0.3576,0.5496,0.5496
1692846890.241255,,0.4532,0.647,0.647
1692846890.273296,,0.3686,0.6214,0.6214
1692846890.305293,,0.3313,0.5024,0.5024
1692846890.341167,,0.4598,0.5545,0.5545
1692846890.373289,,0.3881,0.5103,0.5103
1692846890.405154,,0.5077,0.6408,0.6408
1692846890.441213,,0.4715,0.6342,0.6342
1692846890.473384,,0.4695,0.623,0.623
1692846890.505253,,0.4576,0.5449,0.5449
1692846890.541363,,0.479,0.6615,0.6615
1692846890.573167,,0.4491,0.4838,0.4838
1692846890.605331,,0.398,0.5098,0.5098
1692846890.641196,,0.4104,0.6338,0.6338
1692846890.673311,,0.4769,0.4982,0.4982
1692846890.705422,,0.3546,0.6211,0.6211
1692846890.741265,,0.4156,0.5879,0.5879
1692846890.773249,,0.4279,0.6152,0.6152
1692846890.805320,,0.4672,0.5485,0.5485
1692846890.841237,,0.4184,0.6268,0.6268
1692846890.873211,,0.4883,0.7256,0.7256
1692846890.905457,,0.4475,0.4978,0.4978
1692846890.941207,,0.4377,0.6088,0.6088
1692846890.973237,,0.4709,0.6412,0.6412
1692846891.005407,,0.3073,0.6462,0.6462
1692846891.041432,,0.4139,0.5278,0.5278
1692846891.073070,,0.392,0.6242,0.6242
1692846891.104939,,0.4174,0.6015,0.6015
1692846891.141058,,0.4129,0.5456,0.5456
1692846891.172938,,0.3396,0.5331,0.5331
1692846891.204937,,0.5097,0.671,0.671
1692846891.240995,,0.4383,0.5291,0.5291
1692846891.273056,,0.3097,0.5578,0.5578
1692846891.304939,,0.3833,0.5459,0.5459
1692846891.340928,,0.4307,0.5398,0.5398
1692846891.374068,,0.4551,0.5554,0.5554
1692846891.405012,,0.4578,0.545,0.545
1692846891.441219,,0.3903,0.5451,0.5451
1692846891.473112,,0.4102,0.6183,0.6183
1692846891.505053,,0.4085,0.59,0.59
1692846891.541082,,0.5199,0.6452,0.6452
1692846891.573462,,0.5157,0.5261,0.5261
1692846891.605494,,0.3587,0.5744,0.5744
1692846891.641807,,0.4338,0.6036,0.6036
1692846891.673554,,0.4412,0.6319,0.6319
1692846891.705489,,0.5001,0.6455,0.6455
1692846891.741276,,0.4076,0.4946,0.4946
1692846891.773446,,0.357,0.6257,0.6257
1692846891.805185,,0.4607,0.5911,0.5911
1692846891.841534,,0.3352,0.5934,0.5934
1692846891.873387,,0.4642,0.5282,0.5282
1692846891.905061,,0.4318,0.5377,0.5377
1692846891.941802,,0.306,0.5697,0.5697
1692846891.973177,,0.4887,0.6351,0.6351
1692846892.005354,,0.3405,0.5232,0.5232
1692846892.041761,,0.4082,0.568,0.568
1692846892.073185,,0.411,0.5234,0.5234
1692846892.105047,,0.4093,0.6406,0.6406
1692846892.141327,,0.375,0.6012,0.6012
1692846892.172997,,0.5813,0.6747,0.6747
1692846892.205072,,0.3455,0.5566,0.5566
1692846892.241132,,0.36,0.5572,0.5572
1692846892.272935,,0.5997,0.5972,0.5997
1692846892.305127,,0.4715,0.5559,0.5559
1692846892.341004,,0.4719,0.5492,0.5492
1692846892.373144,,0.4949,0.6546,0.6546
1692846892.405320,,0.4982,0.5948,0.5948
1692846892.441141,,0.446,0.5874,0.5874
1692846892.473359,,0.4611,0.5846,0.5846
1692846892.505258,,0.4253,0.5392,0.5392
1692846892.540977,,0.4217,0.5896,0.5896
1692846892.573120,,0.4656,0.5791,0.5791
1692846892.605304,,0.4451,0.5946,0.5946
1692846892.641099,,0.4844,0.579,0.579
1692846892.673002,,0.4672,0.6349,0.6349
1692846892.705241,,0.4612,0.6067,0.6067
1692846892.741339,,0.4684,0.5785,0.5785
1692846892.773141,,0.383,0.6417,0.6417
1692846892.805302,,0.4678,0.5714,0.5714
1692846892.841403,,0.4407,0.5928,0.5928
1692846892.873048,,0.366,0.5472,0.5472
1692846892.905265,,0.4593,0.6058,0.6058
1692846892.940987,,0.4823,0.6714,0.6714
1692846892.973081,,0.4184,0.5896,0.5896
1692846893.005000,,0.5333,0.5874,0.5874
1692846893.041284,,0.4574,0.6167,0.6167
1692846893.073389,,0.3924,0.6647,0.6647
1692846893.105629,,0.5924,0.6297,0.6297
1692846893.141699,,0.4614,0.6122,0.6122
1692846893.173340,,0.3113,0.557,0.557
1692846893.205406,,0.5529,0.5937,0.5937
1692846893.241324,,0.5947,0.6867,0.6867
1692846893.273160,,0.4385,0.5844,0.5844
1692846893.305775,,0.404,0.5599,0.5599
1692846893.341417,,0.4616,0.6295,0.6295
1692846893.373039,,0.4537,0.5564,0.5564
1692846893.405008,,0.4109,0.6448,0.6448
1692846893.441275,,0.508,0.6266,0.6266
1692846893.473444,,0.45,0.5858,0.5858
1692846893.505011,,0.5218,0.6366,0.6366
1692846893.541308,,0.37,0.5529,0.5529
1692846893.573235,,0.4878,0.6075,0.6075
1692846893.604944,,0.5836,0.7261,0.7261
1692846893.641169,,0.5423,0.637,0.637
1692846893.673287,,0.3321,0.5213,0.5213
1692846893.705225,,0.4127,0.5113,0.5113
1692846893.741231,,0.5078,0.6687,0.6687
1692846893.773278,,0.443,0.6555,0.6555
1692846893.805014,,0.4117,0.4952,0.4952
1692846893.841190,,0.4263,0.6104,0.6104
1692846893.873273,,0.4397,0.5251,0.5251
1692846893.905226,,0.5255,0.6657,0.6657
1692846893.941135,,0.3828,0.5322,0.5322
1692846893.973204,,0.4025,0.6244,0.6244
1692846894.005364,,0.5599,0.5472,0.5599
1692846894.041240,,0.4073,0.6406,0.6406
1692846894.073491,,0.4631,0.5323,0.5323
1692846894.105525,,0.3861,0.5509,0.5509
1692846894.141180,,0.2855,0.6199,0.6199
1692846894.173266,,0.4261,0.643,0.643
1692846894.205335,,0.4028,0.5204,0.5204
1692846894.241310,,0.4216,0.632,0.632
1692846894.273359,,0.5066,0.5547,0.5547
1692846894.305359,,0.4504,0.4582,0.4582
1692846894.341872,,0.4064,0.6223,0.6223
1692846894.373459,,0.4519,0.5456,0.5456
1692846894.405601,,0.4565,0.58,0.58
1692846894.441553,,0.2894,0.5003,0.5003
1692846894.473541,,0.4635,0.7022,0.7022
1692846894.505470,,0.436,0.5552,0.5552
1692846894.541350,,0.4005,0.649,0.649
1692846894.573426,,0.451,0.679,0.679
1692846894.605462,,0.4132,0.512,0.512
1692846894.641509,,0.4379,0.6003,0.6003
1692846894.673433,,0.4242,0.5814,0.5814
1692846894.705534,,0.4667,0.5385,0.5385
1692846894.741577,,0.4166,0.5168,0.5168
1692846894.773459,,0.4329,0.6328,0.6328
1692846894.805680,,0.3941,0.6939,0.6939
1692846894.841435,,0.4191,0.535,0.535
1692846894.873591,,0.437,0.6864,0.6864
1692846894.905629,,0.4392,0.6839,0.6839
1692846894.941394,,0.4464,0.5784,0.5784
1692846894.973511,,0.4119,0.6732,0.6732
1692846895.005569,,0.4978,0.5493,0.5493
1692846895.041445,,0.3778,0.5847,0.5847
1692846895.073469,,0.4383,0.6557,0.6557
1692846895.105562,,0.4309,0.6328,0.6328
1692846895.141451,,0.4346,0.6161,0.6161
1692846895.173444,,0.5436,0.6536,0.6536
1692846895.205484,,0.4044,0.6486,0.6486
1692846895.241360,,0.4635,0.5713,0.5713
1692846895.273583,,0.3916,0.5843,0.5843
1692846895.305503,,0.4487,0.6613,0.6613
1692846895.341418,,0.4149,0.5833,0.5833
1692846895.373461,,0.4113,0.5331,0.5331
1692846895.405482,,0.4432,0.5661,0.5661
1692846895.441502,,0.4593,0.5795,0.5795
1692846895.473446,,0.4371,0.549,0.549
1692846895.505476,,0.4346,0.5523,0.5523
1692846895.541345,,0.4223,0.5932,0.5932
1692846895.573448,,0.4697,0.5468,0.5468
1692846895.605452,,0.3363,0.6163,0.6163
1692846895.641467,,0.4668,0.5976,0.5976
1692846895.673487,,0.3973,0.4883,0.4883
1692846895.705469,,0.3883,0.5248,0.5248
1692846895.741351,,0.387,0.6714,0.6714
1692846895.773433,,0.3616,0.5346,0.5346
1692846895.805506,,0.4906,0.5619,0.5619
1692846895.841632,,0.4116,0.59,0.59
1692846895.873491,,0.3679,0.5564,0.5564
1692846895.905483,,0.477,0.538,0.538
1692846895.941457,,0.4149,0.5,0.5
1692846895.973340,,0.4344,0.6117,0.6117
1692846896.005494,,0.4275,0.6082,0.6082
1692846896.041436,,0.3534,0.6015,0.6015
1692846896.073111,,0.4625,0.6498,0.6498
1692846896.105037,,0.4379,0.5873,0.5873
1692846896.141147,,0.4077,0.5939,0.5939
1692846896.173104,,0.4107,0.5247,0.5247
1692846896.205101,,0.4634,0.5292,0.5292
1692846896.241238,,0.4102,0.5355,0.5355
1692846896.273247,,0.4099,0.547,0.547
1692846896.305133,,0.4895,0.5763,0.5763
1692846896.341331,,0.4338,0.5255,0.5255
1692846896.373422,,0.4655,0.5831,0.5831
1692846896.405500,,0.454,0.6464,0.6464
1692846896.441896,,0.4045,0.6105,0.6105
1692846896.473255,,0.4337,0.5344,0.5344
1692846896.505294,,0.4028,0.5704,0.5704
1692846896.541231,,0.4267,0.6618,0.6618
1692846896.573086,,0.4149,0.591,0.591
1692846896.605143,,0.4253,0.5254,0.5254
1692846896.641231,,0.4386,0.6585,0.6585
1692846896.673310,,0.3319,0.5912,0.5912
1692846896.705215,,0.406,0.5825,0.5825
1692846896.741039,,0.396,0.5616,0.5616
1692846896.775130,,0.3516,0.5634,0.5634
1692846896.805595,,0.4052,0.5449,0.5449
1692846896.841318,,0.3601,0.6458,0.6458
1692846896.874503,,0.5681,0.4854,0.5681
1692846896.905281,,0.4641,0.5175,0.5175
1692846896.941142,,0.4986,0.5264,0.5264
1692846896.973155,,0.4417,0.5924,0.5924
1692846897.005264,,0.4279,0.5405,0.5405
1692846897.041404,,0.4367,0.6173,0.6173
1692846897.073323,,0.3436,0.5324,0.5324
1692846897.105301,,0.2625,0.4177,0.4177
1692846897.141262,,0.3606,0.5938,0.5938
1692846897.173605,,0.476,0.6459,0.6459
1692846897.205322,,0.3307,0.6332,0.6332
1692846897.241205,,0.4407,0.5738,0.5738
1692846897.273434,,0.4409,0.5244,0.5244
1692846897.305493,,0.479,0.5743,0.5743
1692846897.341080,,0.3909,0.5998,0.5998
1692846897.373206,,0.3737,0.5615,0.5615
1692846897.405230,,0.3157,0.6226,0.6226
1692846897.441235,,0.3763,0.6396,0.6396
1692846897.473229,,0.498,0.5036,0.5036
1692846897.505223,,0.4807,0.5669,0.5669
1692846897.541100,,0.3543,0.6079,0.6079
1692846897.573080,,0.4182,0.5511,0.5511
1692846897.605169,,0.5316,0.6066,0.6066
1692846897.641277,,0.4433,0.5773,0.5773
1692846897.673120,,0.3987,0.5135,0.5135
1692846897.705305,,0.4561,0.5132,0.5132
1692846897.741020,,0.4663,0.5845,0.5845
1692846897.773032,,0.4255,0.5749,0.5749
1692846897.804999,,0.4122,0.5588,0.5588
1692846897.840888,,0.4624,0.6097,0.6097
1692846897.873029,,0.463,0.5292,0.5292
1692846897.905236,,0.4418,0.5972,0.5972
1692846897.941396,,0.4138,0.5993,0.5993
1692846897.973075,,0.4813,0.6049,0.6049
1692846898.005495,,0.5762,0.5545,0.5762
1692846898.041437,,0.4792,0.5699,0.5699
1692846898.073308,,0.4125,0.6347,0.6347
1692846898.105147,,0.435,0.5959,0.5959
1692846898.140879,,0.4789,0.5789,0.5789
1692846898.172930,,0.4117,0.665,0.665
1692846898.205015,,0.3812,0.5355,0.5355
1692846898.241138,,0.4475,0.624,0.624
1692846898.273193,,0.3757,0.5898,0.5898
1692846898.305021,,0.4152,0.5467,0.5467
1692846898.340911,,0.4312,0.5806,0.5806
1692846898.373208,,0.3798,0.6439,0.6439
1692846898.404986,,0.3417,0.6232,0.6232
1692846898.441046,,0.4543,0.5477,0.5477
1692846898.473171,,0.4531,0.5559,0.5559
1692846898.505112,,0.442,0.571,0.571
1692846898.540964,,0.544,0.6214,0.6214
1692846898.573585,,0.4351,0.5364,0.5364
1692846898.605143,,0.4621,0.5358,0.5358
1692846898.641009,,0.4413,0.5661,0.5661
1692846898.673198,,0.3835,0.5833,0.5833
1692846898.705031,,0.4369,0.5735,0.5735
1692846898.741218,,0.3827,0.6159,0.6159
1692846898.773548,,0.3928,0.5842,0.5842
1692846898.805651,,0.4386,0.524,0.524
1692846898.841791,,0.4022,0.5751,0.5751
1692846898.873412,,0.4344,0.5542,0.5542
1692846898.905565,,0.4235,0.4914,0.4914
1692846898.941409,,0.3921,0.5742,0.5742
1692846898.973549,,0.4529,0.5316,0.5316
1692846899.005249,,0.4096,0.5488,0.5488
1692846899.041307,,0.1262,0.6202,0.6202
1692846899.073473,,0.3824,0.49,0.49
1692846899.105267,,0.4335,0.6004,0.6004
1692846899.141163,,0.4103,0.601,0.601
1692846899.173128,,0.5017,0.7005,0.7005
1692846899.205802,,0.4828,0.5575,0.5575
1692846899.241210,,0.4472,0.6429,0.6429
1692846899.273253,,0.429,0.5948,0.5948
1692846899.305877,,0.4908,0.5472,0.5472
1692846899.340987,,0.4249,0.5684,0.5684
1692846899.372948,,0.3346,0.4849,0.4849
1692846899.405174,,0.3616,0.5846,0.5846
1692846899.441097,,0.4941,0.6793,0.6793
1692846899.473094,,0.4972,0.6063,0.6063
1692846899.505065,,0.4536,0.5783,0.5783
1692846899.541035,,0.4863,0.5311,0.5311
1692846899.573407,,0.4827,0.5982,0.5982
1692846899.605216,,0.4449,0.592,0.592
1692846899.641071,,0.4051,0.5523,0.5523
1692846899.673409,,0.4261,0.5248,0.5248
1692846899.705645,,0.4206,0.5556,0.5556
1692846899.741404,,0.3846,0.5106,0.5106
1692846899.773416,,0.4611,0.6057,0.6057
1692846899.805460,,0.4493,0.5368,0.5368
1692846899.841394,,0.4141,0.5499,0.5499
1692846899.873422,,0.3724,0.607,0.607
1692846899.905459,,0.5176,0.6584,0.6584
1692846899.941399,,0.425,0.6243,0.6243
1692846899.973100,,0.4048,0.6181,0.6181
1692846900.005342,,0.3993,0.5189,0.5189
1692846900.041186,,0.4156,0.5383,0.5383
1692846900.073269,,0.344,0.5177,0.5177
1692846900.106555,,0.4726,0.602,0.602
1692846900.141168,,0.4974,0.6502,0.6502
1692846900.173251,,0.4316,0.6209,0.6209
1692846900.205352,,0.5739,0.6371,0.6371
1692846900.241228,,0.377,0.5833,0.5833
1692846900.273224,,0.47,0.6486,0.6486
1692846900.305326,,0.4599,0.5417,0.5417
1692846900.341452,,0.4317,0.6508,0.6508
1692846900.373347,,0.4015,0.6046,0.6046
1692846900.405389,,0.4253,0.5725,0.5725
1692846900.441239,,0.4144,0.5632,0.5632
1692846900.473542,,0.4176,0.6005,0.6005
1692846900.505494,,0.4249,0.5267,0.5267
1692846900.541166,,0.4502,0.5784,0.5784
1692846900.573340,,0.4249,0.6225,0.6225
1692846900.605420,,0.3596,0.6293,0.6293
1692846900.641136,,0.3957,0.5623,0.5623
1692846900.673405,,0.4572,0.605,0.605
1692846900.705385,,0.429,0.5697,0.5697
1692846900.741164,,0.4189,0.5966,0.5966
1692846900.773269,,0.3743,0.571,0.571
1692846900.805489,,0.4127,0.5912,0.5912
1692846900.841134,,0.4491,0.5796,0.5796
1692846900.873257,,0.3711,0.6247,0.6247
1692846900.905305,,0.4574,0.6337,0.6337
1692846900.941110,,0.442,0.5498,0.5498
1692846900.973246,,0.4744,0.604,0.604
1692846901.005584,,0.2836,0.6043,0.6043
1692846901.041372,,0.3906,0.627,0.627
1692846901.073367,,0.403,0.5945,0.5945
1692846901.105343,,0.3261,0.5362,0.5362
1692846901.141254,,0.4251,0.5978,0.5978
1692846901.173270,,0.4618,0.6586,0.6586
1692846901.205605,,0.4781,0.6008,0.6008
1692846901.241303,,0.4972,0.6105,0.6105
1692846901.273467,,0.5086,0.6203,0.6203
1692846901.305626,,0.4846,0.5462,0.5462
1692846901.341369,,0.5065,0.6285,0.6285
1692846901.373642,,0.4422,0.5689,0.5689
1692846901.405449,,0.4221,0.5636,0.5636
1692846901.441199,,0.4024,0.6102,0.6102
1692846901.473499,,0.4614,0.6431,0.6431
1692846901.505472,,0.5271,0.6196,0.6196
1692846901.541201,,0.5279,0.5411,0.5411
1692846901.573483,,0.5548,0.5976,0.5976
1692846901.605566,,0.5522,0.6611,0.6611
1692846901.641939,,0.5301,0.6213,0.6213
1692846901.673351,,0.5081,0.6216,0.6216
1692846901.705815,,0.492,0.5428,0.5428
1692846901.741377,,0.4263,0.5641,0.5641
1692846901.773180,,0.5136,0.6566,0.6566
1692846901.805386,,0.4759,0.5611,0.5611
1692846901.841398,,0.5097,0.6746,0.6746
1692846901.873398,,0.5753,0.6714,0.6714
1692846901.905428,,0.353,0.5195,0.5195
1692846901.941418,,0.3878,0.5341,0.5341
1692846901.973671,,0.5513,0.7036,0.7036
1692846902.005482,,0.4818,0.6409,0.6409
1692846902.041570,,0.5973,0.621,0.621
1692846902.073603,,0.4889,0.6174,0.6174
1692846902.105521,,0.4472,0.6244,0.6244
1692846902.141476,,0.4034,0.6525,0.6525
1692846902.173522,,0.4695,0.6381,0.6381
1692846902.205378,,0.5519,0.6583,0.6583
1692846902.241413,,0.5437,0.5843,0.5843
1692846902.273517,,0.582,0.5412,0.582
1692846902.305388,,0.5783,0.6191,0.6191
1692846902.341439,,0.5736,0.6223,0.6223
1692846902.373205,,0.4942,0.6225,0.6225
1692846902.405305,,0.4204,0.6248,0.6248
1692846902.441457,,0.4667,0.6768,0.6768
1692846902.473462,,0.5814,0.6841,0.6841
1692846902.505354,,0.4687,0.6486,0.6486
1692846902.541148,,0.4493,0.6559,0.6559
1692846902.573271,,0.5215,0.695,0.695
1692846902.605414,,0.3997,0.5507,0.5507
1692846902.641203,,0.5341,0.6275,0.6275
1692846902.673262,,0.5893,0.659,0.659
1692846902.705412,,0.4686,0.6535,0.6535
1692846902.741282,,0.5914,0.6394,0.6394
1692846902.773429,,0.4847,0.5731,0.5731
1692846902.805635,,0.5165,0.5078,0.5165
1692846902.841275,,0.5755,0.6508,0.6508
1692846902.873329,,0.4323,0.5875,0.5875
1692846902.905351,,0.6008,0.6584,0.6584
1692846902.941240,,0.5005,0.5806,0.5806
1692846902.973392,,0.5856,0.6651,0.6651
1692846903.005322,,0.5514,0.5647,0.5647
1692846903.041269,,0.5669,0.6291,0.6291
1692846903.073458,,0.565,0.6445,0.6445
1692846903.105447,,0.617,0.6584,0.6584
1692846903.141479,,0.5373,0.5819,0.5819
1692846903.173270,,0.6227,0.6331,0.6331
1692846903.205273,,0.5703,0.6095,0.6095
1692846903.241334,,0.5226,0.5931,0.5931
1692846903.273509,,0.6213,0.7119,0.7119
1692846903.305441,,0.587,0.657,0.657
1692846903.341173,,0.6669,0.7063,0.7063
1692846903.373481,,0.6561,0.7046,0.7046
1692846903.405266,,0.6242,0.6944,0.6944
1692846903.441177,,0.6911,0.7382,0.7382
1692846903.473277,,0.6333,0.7061,0.7061
1692846903.505307,,0.564,0.7032,0.7032
1692846903.541273,,0.5073,0.6678,0.6678
1692846903.573910,,0.5294,0.6292,0.6292
1692846903.605435,,0.7,0.7146,0.7146
1692846903.641633,,0.658,0.6667,0.6667
1692846903.673481,,0.646,0.633,0.646
1692846903.705624,,0.6293,0.6814,0.6814
1692846903.741123,,0.6246,0.6617,0.6617
1692846903.773610,,0.6974,0.708,0.708
1692846903.805496,,0.5677,0.6123,0.6123
1692846903.841237,,0.7375,0.7472,0.7472
1692846903.873446,,0.6327,0.6841,0.6841
1692846903.905517,,0.7195,0.7292,0.7292
1692846903.941211,,0.5606,0.6869,0.6869
1692846903.973799,,0.6626,0.7101,0.7101
1692846904.005724,,0.7034,0.7153,0.7153
1692846904.041254,,0.5876,0.7225,0.7225
1692846904.073730,,0.7347,0.7476,0.7476
1692846904.106115,,0.7255,0.7155,0.7255
1692846904.141102,,0.6846,0.6894,0.6894
1692846904.173360,,0.6742,0.7608,0.7608
1692846904.205427,,0.724,0.7082,0.724
1692846904.241498,,0.7054,0.7468,0.7468
1692846904.273425,,0.6329,0.6594,0.6594
1692846904.305463,,0.6788,0.7123,0.7123
1692846904.341304,,0.724,0.7594,0.7594
1692846904.373340,,0.6717,0.7081,0.7081
1692846904.405332,,0.652,0.669,0.669
1692846904.441331,,0.672,0.6557,0.672
1692846904.473585,,0.7447,0.7534,0.7534
1692846904.505660,,0.7089,0.7059,0.7089
1692846904.541321,,0.7164,0.7519,0.7519
1692846904.573250,,0.6679,0.7329,0.7329
1692846904.605416,,0.6721,0.7071,0.7071
1692846904.641126,,0.7325,0.7513,0.7513
1692846904.673571,,0.728,0.7605,0.7605
1692846904.705427,,0.6563,0.6785,0.6785
1692846904.741307,,0.6375,0.7157,0.7157
1692846904.773241,,0.7581,0.7674,0.7674
1692846904.805321,,0.7321,0.7089,0.7321
1692846904.841361,,0.6781,0.7298,0.7298
1692846904.873538,,0.6995,0.7484,0.7484
1692846904.905201,,0.6922,0.7564,0.7564
1692846904.941176,,0.7379,0.7753,0.7753
1692846904.973381,,0.6619,0.723,0.723
1692846905.005232,,0.6998,0.7305,0.7305
1692846905.041215,,0.7673,0.799,0.799
1692846905.073331,,0.6857,0.757,0.757
1692846905.105393,,0.6063,0.7199,0.7199
1692846905.141348,,0.742,0.7846,0.7846
1692846905.173329,,0.723,0.72,0.723
1692846905.205501,,0.7706,0.8192,0.8192
1692846905.241460,,0.7473,0.7679,0.7679
1692846905.273383,,0.6924,0.7623,0.7623
1692846905.305436,,0.6411,0.6893,0.6893
1692846905.341307,,0.7415,0.8105,0.8105
1692846905.373326,,0.7371,0.7862,0.7862
1692846905.405330,,0.7157,0.7941,0.7941
1692846905.441267,,0.6924,0.772,0.772
1692846905.473466,,0.7253,0.7739,0.7739
1692846905.505289,,0.7719,0.8457,0.8457
1692846905.541338,,0.7354,0.7667,0.7667
1692846905.573160,,0.702,0.7195,0.7195
1692846905.605264,,0.7185,0.7837,0.7837
1692846905.641322,,0.7801,0.8241,0.8241
1692846905.673352,,0.7992,0.8294,0.8294
1692846905.705314,,0.7375,0.7503,0.7503
1692846905.741133,,0.7372,0.7659,0.7659
1692846905.773285,,0.7594,0.8189,0.8189
1692846905.805338,,0.7504,0.8241,0.8241
1692846905.841363,,0.7235,0.7801,0.7801
1692846905.874103,,0.7647,0.8245,0.8245
1692846905.905478,,0.7773,0.7938,0.7938
1692846905.941420,,0.7593,0.7853,0.7853
1692846905.973393,,0.7618,0.828,0.828
1692846906.005449,,0.6847,0.7877,0.7877
1692846906.041762,,0.8218,0.8314,0.8314
1692846906.074019,,0.7617,0.8295,0.8295
1692846906.105599,,0.7938,0.813,0.813
1692846906.141370,,0.7479,0.7549,0.7549
1692846906.173428,,0.7561,0.847,0.847
1692846906.205422,,0.7946,0.8426,0.8426
1692846906.241298,,0.7753,0.7841,0.7841
1692846906.273386,,0.7786,0.8047,0.8047
1692846906.305501,,0.7803,0.8063,0.8063
1692846906.341267,,0.7745,0.841,0.841
1692846906.373440,,0.7866,0.8117,0.8117
1692846906.405387,,0.7297,0.7834,0.7834
1692846906.441442,,0.8129,0.8605,0.8605
1692846906.473344,,0.786,0.8477,0.8477
1692846906.505348,,0.7559,0.8038,0.8038
1692846906.541378,,0.7861,0.7968,0.7968
1692846906.573217,,0.7897,0.8614,0.8614
1692846906.605483,,0.8237,0.8721,0.8721
1692846906.641068,,0.7871,0.8559,0.8559
1692846906.673225,,0.7888,0.8349,0.8349
1692846906.705531,,0.8629,0.8946,0.8946
1692846906.741458,,0.8325,0.8992,0.8992
1692846906.773386,,0.7948,0.8798,0.8798
1692846906.805789,,0.8218,0.8949,0.8949
1692846906.841315,,0.7615,0.8328,0.8328
1692846906.873283,,0.826,0.8689,0.8689
1692846906.905109,,0.781,0.8896,0.8896
1692846906.940990,,0.7717,0.8067,0.8067
1692846906.973035,,0.7491,0.8827,0.8827
1692846907.005066,,0.8204,0.8617,0.8617
1692846907.041041,,0.7925,0.8756,0.8756
1692846907.073025,,0.7952,0.8781,0.8781
1692846907.105013,,0.576,0.8202,0.8202
1692846907.140949,,0.7787,0.8579,0.8579
1692846907.173090,,0.7454,0.823,0.823
1692846907.205070,,0.7078,0.8082,0.8082
1692846907.241018,,0.7834,0.8188,0.8188
1692846907.273122,,0.7635,0.8411,0.8411
1692846907.305066,,0.7332,0.7459,0.7459
1692846907.340946,,0.7499,0.829,0.829
1692846907.373083,,0.777,0.8409,0.8409
1692846907.405000,,0.8187,0.8505,0.8505
1692846907.440925,,0.8511,0.8554,0.8554
1692846907.473184,,0.8298,0.8689,0.8689
1692846907.504968,,0.8127,0.8877,0.8877
1692846907.541012,,0.7904,0.8479,0.8479
1692846907.573106,,0.7875,0.8647,0.8647
1692846907.605223,,0.8302,0.8838,0.8838
1692846907.641232,,0.8028,0.87,0.87
1692846907.673096,,0.837,0.8707,0.8707
1692846907.705144,,0.7772,0.8277,0.8277
1692846907.741314,,0.8494,0.8461,0.8494
1692846907.773049,,0.8029,0.8501,0.8501
1692846907.805176,,0.8243,0.8526,0.8526
1692846907.841316,,0.8707,0.8851,0.8851
1692846907.873280,,0.8391,0.8997,0.8997
1692846907.905142,,0.8376,0.8712,0.8712
1692846907.941123,,0.8117,0.8609,0.8609
1692846907.973338,,0.7977,0.859,0.859
1692846908.005158,,0.8082,0.8559,0.8559
1692846908.041112,,0.8344,0.9029,0.9029
1692846908.073499,,0.8302,0.8925,0.8925
1692846908.105239,,0.8501,0.8887,0.8887
1692846908.141220,,0.848,0.8906,0.8906
1692846908.173262,,0.8196,0.869,0.869
1692846908.205261,,0.8318,0.867,0.867
1692846908.241427,,0.8226,0.8987,0.8987
1692846908.273414,,0.8048,0.8621,0.8621
1692846908.305321,,0.8051,0.862,0.862
1692846908.341311,,0.8381,0.889,0.889
1692846908.373264,,0.8052,0.8482,0.8482
1692846908.405433,,0.8106,0.8938,0.8938
1692846908.441525,,0.8176,0.8627,0.8627
1692846908.474490,,0.8201,0.8523,0.8523
1692846908.505598,,0.7984,0.8272,0.8272
1692846908.541245,,0.8191,0.849,0.849
1692846908.573828,,0.8274,0.8433,0.8433
1692846908.605695,,0.7879,0.8449,0.8449
1692846908.641603,,0.846,0.8926,0.8926
1692846908.673744,,0.8294,0.8876,0.8876
1692846908.705392,,0.8417,0.8833,0.8833
1692846908.741432,,0.8506,0.8663,0.8663
1692846908.773331,,0.8245,0.8582,0.8582
1692846908.806054,,0.8362,0.888,0.888
1692846908.841540,,0.7824,0.8671,0.8671
1692846908.873456,,0.8478,0.8557,0.8557
1692846908.905140,,0.8666,0.8477,0.8666
1692846908.941038,,0.8185,0.8533,0.8533
1692846908.973062,,0.856,0.8543,0.856
1692846909.005179,,0.8107,0.8467,0.8467
1692846909.040986,,0.8095,0.8643,0.8643
1692846909.073086,,0.8406,0.8825,0.8825
1692846909.105297,,0.8482,0.8753,0.8753
1692846909.141089,,0.8568,0.8934,0.8934
1692846909.173261,,0.8378,0.846,0.846
1692846909.205380,,0.804,0.8558,0.8558
1692846909.241056,,0.8428,0.8587,0.8587
1692846909.273328,,0.7987,0.8562,0.8562
1692846909.305320,,0.8426,0.8851,0.8851
1692846909.341041,,0.8422,0.8891,0.8891
1692846909.373075,,0.8403,0.8921,0.8921
1692846909.405119,,0.8366,0.8601,0.8601
1692846909.441488,,0.8259,0.8752,0.8752
1692846909.473035,,0.855,0.8942,0.8942
1692846909.505075,,0.8342,0.8894,0.8894
1692846909.541141,,0.8391,0.8721,0.8721
1692846909.573013,,0.8412,0.8879,0.8879
1692846909.605324,,0.8302,0.8687,0.8687
1692846909.641101,,0.8206,0.8748,0.8748
1692846909.673083,,0.8459,0.8833,0.8833
1692846909.705218,,0.8565,0.8854,0.8854
1692846909.741064,,0.8538,0.8804,0.8804
1692846909.773098,,0.8334,0.8817,0.8817
1692846909.805144,,0.8684,0.9048,0.9048
1692846909.841085,,0.8959,0.8983,0.8983
1692846909.873064,,0.8459,0.8885,0.8885
1692846909.905131,,0.8169,0.889,0.889
1692846909.941375,,0.7735,0.823,0.823
1692846909.973310,,0.7629,0.8741,0.8741
1692846910.005379,,0.773,0.8213,0.8213
1692846910.041257,,0.6705,0.7256,0.7256
1692846910.073280,,0.8141,0.8526,0.8526
1692846910.105084,,0.7917,0.853,0.853
1692846910.141454,,0.8319,0.8463,0.8463
1692846910.173033,,0.7625,0.7915,0.7915
1692846910.205101,,0.8014,0.874,0.874
1692846910.241599,,0.8043,0.8451,0.8451
1692846910.273120,,0.7427,0.8084,0.8084
1692846910.305133,,0.7398,0.796,0.796
1692846910.341349,,0.7681,0.8207,0.8207
1692846910.373631,,0.7932,0.8092,0.8092
1692846910.405465,,0.8076,0.8645,0.8645
1692846910.442234,,0.7842,0.8021,0.8021
1692846910.473206,,0.6726,0.6869,0.6869
1692846910.505207,,0.5842,0.793,0.793
1692846910.540998,,0.7372,0.8103,0.8103
1692846910.573149,,0.775,0.8846,0.8846
1692846910.605212,,0.8106,0.8648,0.8648
1692846910.641067,,0.7799,0.7787,0.7799
1692846910.673030,,0.8001,0.8701,0.8701
1692846910.704994,,0.7576,0.8349,0.8349
1692846910.741118,,0.7555,0.8146,0.8146
1692846910.773148,,0.7727,0.8482,0.8482
1692846910.805426,,0.7608,0.7977,0.7977
1692846910.837559,,0.6565,0.7813,0.7813
1692846910.873636,,0.7756,0.7611,0.7756
1692846910.905732,,0.7751,0.8873,0.8873
1692846910.937347,,0.7393,0.8371,0.8371
1692846910.973606,,0.6933,0.8331,0.8331
1692846911.005260,,0.5573,0.8476,0.8476
1692846911.037210,,0.697,0.8138,0.8138
1692846911.073230,,0.6738,0.8184,0.8184
1692846911.105332,,0.7275,0.7944,0.7944
1692846911.137353,,0.7248,0.8452,0.8452
1692846911.173160,,0.7462,0.8478,0.8478
1692846911.205204,,0.7054,0.873,0.873
1692846911.237935,,0.7249,0.8242,0.8242
1692846911.273094,,0.76,0.8188,0.8188
1692846911.305099,,0.7678,0.8332,0.8332
1692846911.337369,,0.7598,0.8338,0.8338
1692846911.373146,,0.7435,0.867,0.867
1692846911.405138,,0.6798,0.8215,0.8215
1692846911.437104,,0.5415,0.7398,0.7398
1692846911.473101,,0.6834,0.7906,0.7906
1692846911.505176,,0.6418,0.7426,0.7426
1692846911.537184,,0.6201,0.8694,0.8694
1692846911.573226,,0.7965,0.8591,0.8591
1692846911.605317,,0.7884,0.8809,0.8809
1692846911.637406,,0.7642,0.8781,0.8781
1692846911.673280,,0.7698,0.8439,0.8439
1692846911.705403,,0.6164,0.7107,0.7107
1692846911.737307,,0.7557,0.8479,0.8479
1692846911.773384,,0.7451,0.8631,0.8631
1692846911.805343,,0.6926,0.8578,0.8578
1692846911.837205,,0.7724,0.8578,0.8578
1692846911.873167,,0.7733,0.83,0.83
1692846911.905120,,0.7675,0.8549,0.8549
1692846911.937157,,0.7417,0.8515,0.8515
1692846911.973077,,0.7243,0.8652,0.8652
1692846912.005129,,0.7647,0.8428,0.8428
1692846912.037351,,0.7228,0.8577,0.8577
1692846912.073174,,0.6405,0.7934,0.7934
1692846912.105241,,0.7789,0.8633,0.8633
1692846912.137070,,0.7654,0.8505,0.8505
1692846912.173296,,0.6531,0.8228,0.8228
1692846912.205001,,0.7086,0.8383,0.8383
1692846912.237090,,0.7295,0.8132,0.8132
1692846912.273179,,0.6466,0.7418,0.7418
1692846912.305138,,0.6411,0.7759,0.7759
1692846912.337100,,0.7301,0.7862,0.7862
1692846912.373206,,0.6471,0.6873,0.6873
1692846912.405236,,0.7212,0.7931,0.7931
1692846912.437327,,0.7243,0.8423,0.8423
1692846912.473275,,0.6297,0.7363,0.7363
1692846912.505313,,0.7097,0.6471,0.7097
1692846912.537149,,0.7034,0.7871,0.7871
1692846912.573087,,0.7058,0.6976,0.7058
1692846912.605160,,0.7023,0.5724,0.7023
1692846912.637188,,0.5434,0.732,0.732
1692846912.673150,,0.7601,0.7861,0.7861
1692846912.705106,,0.6499,0.7973,0.7973
1692846912.737110,,0.6687,0.7571,0.7571
1692846912.773113,,0.7733,0.7875,0.7875
1692846912.805466,,0.7745,0.8228,0.8228
1692846912.837147,,0.7563,0.802,0.802
1692846912.873410,,0.6478,0.7883,0.7883
1692846912.905476,,0.7631,0.8115,0.8115
1692846912.937288,,0.7842,0.7935,0.7935
1692846912.973290,,0.8008,0.8031,0.8031
1692846913.005410,,0.8056,0.8011,0.8056
1692846913.037528,,0.7653,0.8375,0.8375
1692846913.073353,,0.8013,0.8427,0.8427
1692846913.105204,,0.8099,0.8408,0.8408
1692846913.137140,,0.8169,0.7924,0.8169
1692846913.173262,,0.8076,0.7761,0.8076
1692846913.205294,,0.7029,0.7778,0.7778
1692846913.237378,,0.8223,0.8419,0.8419
1692846913.273225,,0.7935,0.8103,0.8103
1692846913.305702,,0.7993,0.8401,0.8401
1692846913.337399,,0.7668,0.8008,0.8008
1692846913.373175,,0.797,0.8427,0.8427
1692846913.405320,,0.8171,0.8228,0.8228
1692846913.437333,,0.8303,0.8679,0.8679
1692846913.473162,,0.7974,0.8745,0.8745
1692846913.505283,,0.7938,0.7889,0.7938
1692846913.537189,,0.7948,0.842,0.842
1692846913.573018,,0.774,0.8281,0.8281
1692846913.605103,,0.8414,0.8348,0.8414
1692846913.637888,,0.8499,0.8571,0.8571
1692846913.673073,,0.877,0.8741,0.877
1692846913.705240,,0.8308,0.8805,0.8805
1692846913.737355,,0.8289,0.8375,0.8375
1692846913.773118,,0.8238,0.8611,0.8611
1692846913.805192,,0.7973,0.8873,0.8873
1692846913.837093,,0.8238,0.8872,0.8872
1692846913.873249,,0.836,0.885,0.885
1692846913.905178,,0.8225,0.8448,0.8448
1692846913.937138,,0.8278,0.8774,0.8774
1692846913.973124,,0.8132,0.8857,0.8857
1692846914.005412,,0.8473,0.8756,0.8756
1692846914.037374,,0.8243,0.8513,0.8513
1692846914.073330,,0.8167,0.8442,0.8442
1692846914.105172,,0.8577,0.8888,0.8888
1692846914.137541,,0.8563,0.882,0.882
1692846914.173159,,0.8572,0.8829,0.8829
1692846914.205194,,0.8228,0.8668,0.8668
1692846914.237200,,0.8455,0.8888,0.8888
1692846914.273226,,0.8426,0.8897,0.8897
1692846914.305233,,0.8038,0.8599,0.8599
1692846914.337320,,0.8082,0.8722,0.8722
1692846914.373130,,0.833,0.8761,0.8761
1692846914.405159,,0.8335,0.8763,0.8763
1692846914.439796,,0.8424,0.8643,0.8643
1692846914.473333,,0.832,0.8515,0.8515
1692846914.505237,,0.827,0.8909,0.8909
1692846914.537231,,0.8134,0.8581,0.8581
1692846914.573193,,0.8315,0.8685,0.8685
1692846914.605243,,0.8591,0.8752,0.8752
1692846914.637095,,0.8188,0.8313,0.8313
1692846914.675842,,0.8366,0.8751,0.8751
1692846914.705189,,0.8293,0.8828,0.8828
1692846914.737106,,0.8256,0.8943,0.8943
1692846914.773294,,0.8398,0.8891,0.8891
1692846914.805317,,0.8412,0.882,0.882
1692846914.837457,,0.866,0.8366,0.866
1692846914.873214,,0.8486,0.878,0.878
1692846914.905358,,0.8604,0.8797,0.8797
1692846914.937324,,0.8242,0.8689,0.8689
1692846914.973358,,0.8659,0.8934,0.8934
1692846915.005243,,0.8503,0.8941,0.8941
1692846915.037124,,0.8288,0.8543,0.8543
1692846915.073318,,0.868,0.8988,0.8988
1692846915.105190,,0.8221,0.8957,0.8957
1692846915.137128,,0.8381,0.8773,0.8773
1692846915.173403,,0.8554,0.8912,0.8912
1692846915.205066,,0.8273,0.883,0.883
1692846915.237117,,0.8473,0.8887,0.8887
1692846915.273307,,0.8399,0.89,0.89
1692846915.305381,,0.8336,0.8597,0.8597
1692846915.337535,,0.8047,0.8582,0.8582
1692846915.373832,,0.8009,0.8588,0.8588
1692846915.405681,,0.8273,0.8684,0.8684
1692846915.437844,,0.9051,0.872,0.9051
1692846915.473507,,0.8533,0.8584,0.8584
1692846915.505599,,0.8002,0.8132,0.8132
1692846915.537611,,0.8061,0.8366,0.8366
1692846915.573886,,0.8542,0.8782,0.8782
1692846915.605597,,0.8462,0.9019,0.9019
1692846915.637735,,0.8458,0.8934,0.8934
1692846915.673509,,0.8655,0.8721,0.8721
1692846915.705904,,0.8601,0.8867,0.8867
1692846915.737619,,0.8548,0.8634,0.8634
1692846915.773474,,0.8529,0.888,0.888
1692846915.805942,,0.848,0.8915,0.8915
1692846915.837715,,0.8248,0.8685,0.8685
1692846915.873919,,0.8276,0.8772,0.8772
1692846915.905755,,0.8038,0.8503,0.8503
1692846915.937808,,0.8309,0.8825,0.8825
1692846915.973727,,0.8196,0.9019,0.9019
1692846916.005891,,0.7946,0.8662,0.8662
1692846916.038159,,0.8395,0.8638,0.8638
1692846916.073805,,0.8316,0.8925,0.8925
1692846916.105706,,0.8114,0.8684,0.8684
1692846916.138579,,0.8459,0.8747,0.8747
1692846916.173644,,0.8284,0.8886,0.8886
1692846916.205640,,0.8363,0.8761,0.8761
1692846916.237661,,0.8333,0.8767,0.8767
1692846916.273643,,0.8429,0.8868,0.8868
1692846916.305618,,0.8186,0.8653,0.8653
1692846916.337446,,0.8391,0.8421,0.8421
1692846916.373986,,0.8435,0.8991,0.8991
1692846916.405599,,0.8125,0.833,0.833
1692846916.437583,,0.8319,0.8925,0.8925
1692846916.474006,,0.8393,0.8607,0.8607
1692846916.505938,,0.8385,0.8779,0.8779
1692846916.537551,,0.8834,0.8855,0.8855
1692846916.573748,,0.8022,0.8683,0.8683
1692846916.605847,,0.8266,0.8493,0.8493
1692846916.637681,,0.8182,0.8449,0.8449
1692846916.673792,,0.8359,0.8879,0.8879
1692846916.705539,,0.826,0.8829,0.8829
1692846916.737513,,0.784,0.8483,0.8483
1692846916.773453,,0.8221,0.8788,0.8788
1692846916.805493,,0.8432,0.8927,0.8927
1692846916.837501,,0.8361,0.8762,0.8762
1692846916.873468,,0.8202,0.8881,0.8881
1692846916.905629,,0.7807,0.8641,0.8641
1692846916.937568,,0.811,0.8308,0.8308
1692846916.973527,,0.8262,0.863,0.863
1692846917.005595,,0.8258,0.8601,0.8601
1692846917.037642,,0.8281,0.905,0.905
1692846917.073893,,0.8321,0.8679,0.8679
1692846917.105635,,0.761,0.8543,0.8543
1692846917.137581,,0.8202,0.8938,0.8938
1692846917.173692,,0.8232,0.8433,0.8433
1692846917.205747,,0.8004,0.8383,0.8383
1692846917.237737,,0.8096,0.88,0.88
1692846917.273517,,0.7977,0.8571,0.8571
1692846917.305762,,0.7981,0.82,0.82
1692846917.337727,,0.8131,0.8563,0.8563
1692846917.373568,,0.7832,0.8553,0.8553
1692846917.405604,,0.7813,0.8232,0.8232
1692846917.437836,,0.8062,0.8787,0.8787
1692846917.473557,,0.7957,0.8887,0.8887
1692846917.505604,,0.8233,0.8678,0.8678
1692846917.537506,,0.803,0.8701,0.8701
1692846917.573502,,0.799,0.8539,0.8539
1692846917.605537,,0.8074,0.8709,0.8709
1692846917.637604,,0.7707,0.8615,0.8615
1692846917.673568,,0.8111,0.8571,0.8571
1692846917.705602,,0.816,0.8706,0.8706
1692846917.737543,,0.8266,0.8942,0.8942
1692846917.773545,,0.8435,0.8868,0.8868
1692846917.805492,,0.7919,0.8648,0.8648
1692846917.837462,,0.7372,0.8678,0.8678
1692846917.873709,,0.8322,0.8865,0.8865
1692846917.905601,,0.8027,0.8626,0.8626
1692846917.937502,,0.8172,0.8486,0.8486
1692846917.973602,,0.8194,0.8605,0.8605
1692846918.005571,,0.7902,0.8816,0.8816
1692846918.037610,,0.8006,0.8809,0.8809
1692846918.073665,,0.7994,0.8373,0.8373
1692846918.105910,,0.7995,0.8706,0.8706
1692846918.137840,,0.8086,0.8805,0.8805
1692846918.173482,,0.7792,0.8622,0.8622
1692846918.205919,,0.8297,0.8483,0.8483
1692846918.237699,,0.7705,0.8449,0.8449
1692846918.273569,,0.8318,0.8821,0.8821
1692846918.305518,,0.8129,0.8518,0.8518
1692846918.337680,,0.7912,0.8805,0.8805
1692846918.373544,,0.7832,0.8188,0.8188
1692846918.405625,,0.8342,0.8667,0.8667
1692846918.437683,,0.7852,0.8656,0.8656
1692846918.473549,,0.8009,0.8404,0.8404
1692846918.505492,,0.8195,0.8645,0.8645
1692846918.537532,,0.7785,0.8561,0.8561
1692846918.573416,,0.8729,0.8823,0.8823
1692846918.605569,,0.7357,0.7891,0.7891
1692846918.637582,,0.8218,0.8438,0.8438
1692846918.673449,,0.8123,0.8911,0.8911
1692846918.705749,,0.8476,0.8693,0.8693
1692846918.737564,,0.8142,0.841,0.841
1692846918.773632,,0.813,0.8692,0.8692
1692846918.805931,,0.8263,0.8719,0.8719
1692846918.837865,,0.811,0.8492,0.8492
1692846918.873783,,0.8335,0.8477,0.8477
1692846918.905762,,0.8276,0.8608,0.8608
1692846918.937750,,0.7976,0.8552,0.8552
1692846918.973746,,0.8224,0.8525,0.8525
1692846919.005647,,0.8276,0.8541,0.8541
1692846919.037658,,0.8272,0.8761,0.8761
1692846919.073483,,0.8194,0.8392,0.8392
1692846919.105526,,0.8208,0.8531,0.8531
1692846919.137535,,0.8245,0.8649,0.8649
1692846919.173480,,0.8305,0.8461,0.8461
1692846919.205511,,0.7973,0.8144,0.8144
1692846919.237538,,0.8216,0.861,0.861
1692846919.273563,,0.8089,0.8592,0.8592
1692846919.305598,,0.8059,0.8444,0.8444
1692846919.337491,,0.8372,0.8721,0.8721
1692846919.373595,,0.6888,0.8334,0.8334
1692846919.404991,,0.8114,0.8626,0.8626
1692846919.437064,,0.8104,0.842,0.842
1692846919.473253,,0.7954,0.82,0.82
1692846919.504949,,0.8104,0.8072,0.8104
1692846919.536978,,0.7954,0.8444,0.8444
1692846919.573329,,0.8208,0.8544,0.8544
1692846919.605391,,0.8271,0.8808,0.8808
1692846919.637278,,0.801,0.7991,0.801
1692846919.673475,,0.7792,0.856,0.856
1692846919.705218,,0.7685,0.8666,0.8666
1692846919.737226,,0.8205,0.8408,0.8408
1692846919.773211,,0.7428,0.8235,0.8235
1692846919.805300,,0.7538,0.851,0.851
1692846919.837214,,0.7752,0.8149,0.8149
1692846919.873456,,0.7902,0.8234,0.8234
1692846919.905470,,0.6974,0.8474,0.8474
1692846919.937449,,0.7746,0.8504,0.8504
1692846919.973836,,0.7696,0.8465,0.8465
1692846920.005317,,0.6798,0.7965,0.7965
1692846920.037204,,0.7226,0.7924,0.7924
1692846920.073076,,0.7402,0.8514,0.8514
1692846920.105228,,0.6024,0.7251,0.7251
1692846920.137219,,0.7477,0.8126,0.8126
1692846920.173028,,0.7942,0.8714,0.8714
1692846920.205121,,0.6519,0.8334,0.8334
1692846920.237131,,0.7655,0.8047,0.8047
1692846920.273241,,0.7898,0.8381,0.8381
1692846920.305148,,0.8202,0.8929,0.8929
1692846920.337081,,0.7448,0.8607,0.8607
1692846920.373110,,0.7629,0.8238,0.8238
1692846920.405250,,0.7713,0.8559,0.8559
1692846920.437238,,0.7844,0.8472,0.8472
1692846920.473153,,0.8196,0.8427,0.8427
1692846920.505526,,0.6226,0.8054,0.8054
1692846920.537445,,0.8273,0.8843,0.8843
1692846920.573074,,0.7782,0.8737,0.8737
1692846920.605246,,0.7772,0.8427,0.8427
1692846920.637528,,0.8061,0.8543,0.8543
1692846920.673076,,0.7778,0.8737,0.8737
1692846920.705307,,0.8159,0.8776,0.8776
1692846920.737244,,0.7709,0.8282,0.8282
1692846920.773122,,0.7929,0.8746,0.8746
1692846920.805236,,0.803,0.8734,0.8734
1692846920.837187,,0.7688,0.8903,0.8903
1692846920.873239,,0.7828,0.8599,0.8599
1692846920.905073,,0.772,0.8636,0.8636
1692846920.937136,,0.8143,0.9016,0.9016
1692846920.973006,,0.8351,0.8744,0.8744
1692846921.005166,,0.7613,0.8701,0.8701
1692846921.037167,,0.8434,0.8821,0.8821
1692846921.073643,,0.8177,0.8793,0.8793
1692846921.105351,,0.7934,0.8857,0.8857
1692846921.137071,,0.787,0.874,0.874
1692846921.173114,,0.798,0.8122,0.8122
1692846921.205402,,0.805,0.8775,0.8775
1692846921.237459,,0.7973,0.8507,0.8507
1692846921.273428,,0.7898,0.8019,0.8019
1692846921.305292,,0.7719,0.8365,0.8365
1692846921.337275,,0.7804,0.7674,0.7804
1692846921.373109,,0.7616,0.7866,0.7866
1692846921.405213,,0.845,0.8683,0.8683
1692846921.437139,,0.8378,0.8422,0.8422
1692846921.473056,,0.8072,0.8448,0.8448
1692846921.505214,,0.8185,0.8287,0.8287
1692846921.537122,,0.7846,0.7571,0.7846
1692846921.573171,,0.7696,0.8109,0.8109
1692846921.605064,,0.7531,0.7961,0.7961
1692846921.637097,,0.7785,0.7815,0.7815
1692846921.673227,,0.787,0.851,0.851
1692846921.705978,,0.7698,0.8002,0.8002
1692846921.737273,,0.7919,0.8401,0.8401
1692846921.773247,,0.7473,0.7926,0.7926
1692846921.805136,,0.7965,0.8101,0.8101
1692846921.837253,,0.8363,0.8445,0.8445
1692846921.873162,,0.7903,0.8244,0.8244
1692846921.905188,,0.8018,0.8186,0.8186
1692846921.937306,,0.7771,0.7395,0.7771
1692846921.973450,,0.811,0.8287,0.8287
1692846922.005257,,0.7648,0.8149,0.8149
1692846922.037781,,0.8099,0.7729,0.8099
1692846922.073246,,0.7536,0.7909,0.7909
1692846922.105277,,0.7684,0.7768,0.7768
1692846922.137227,,0.7649,0.8517,0.8517
1692846922.173478,,0.7353,0.7036,0.7353
1692846922.205586,,0.7995,0.808,0.808
1692846922.237631,,0.7283,0.788,0.788
1692846922.273386,,0.7337,0.7006,0.7337
1692846922.305527,,0.7661,0.7807,0.7807
1692846922.338495,,0.779,0.7885,0.7885
1692846922.373733,,0.7532,0.7993,0.7993
1692846922.405319,,0.7543,0.7624,0.7624
1692846922.437250,,0.776,0.8245,0.8245
1692846922.473096,,0.7693,0.806,0.806
1692846922.505240,,0.7353,0.7945,0.7945
1692846922.537112,,0.7811,0.809,0.809
1692846922.573139,,0.7224,0.7806,0.7806
1692846922.605237,,0.7273,0.7893,0.7893
1692846922.637207,,0.7347,0.7638,0.7638
1692846922.673165,,0.7307,0.7614,0.7614
1692846922.705469,,0.7777,0.8053,0.8053
1692846922.737202,,0.6739,0.7177,0.7177
1692846922.773270,,0.771,0.7586,0.771
1692846922.805329,,0.7566,0.7881,0.7881
1692846922.837803,,0.7013,0.7444,0.7444
1692846922.873441,,0.7371,0.7592,0.7592
1692846922.905334,,0.7382,0.803,0.803
1692846922.937285,,0.7711,0.8047,0.8047
1692846922.973383,,0.7334,0.764,0.764
1692846923.005241,,0.6851,0.7466,0.7466
1692846923.037203,,0.7662,0.772,0.772
1692846923.073282,,0.7421,0.8087,0.8087
1692846923.105419,,0.7323,0.7819,0.7819
1692846923.137500,,0.7149,0.7198,0.7198
1692846923.173275,,0.7101,0.7457,0.7457
1692846923.205321,,0.7532,0.8455,0.8455
1692846923.237604,,0.6608,0.7565,0.7565
1692846923.273396,,0.7189,0.7413,0.7413
1692846923.305460,,0.6838,0.7072,0.7072
1692846923.337439,,0.7368,0.7471,0.7471
1692846923.373435,,0.7847,0.8195,0.8195
1692846923.405413,,0.7129,0.7607,0.7607
1692846923.437377,,0.7008,0.7195,0.7195
1692846923.473329,,0.7529,0.7425,0.7529
1692846923.505603,,0.5544,0.6645,0.6645
1692846923.536950,,0.7226,0.7544,0.7544
1692846923.573485,,0.7401,0.7594,0.7594
1692846923.605595,,0.7259,0.7326,0.7326
1692846923.637735,,0.762,0.7734,0.7734
1692846923.673550,,0.777,0.7721,0.777
1692846923.705753,,0.681,0.731,0.731
1692846923.737570,,0.6865,0.6958,0.6958
1692846923.773470,,0.6667,0.65,0.6667
1692846923.805606,,0.7492,0.7064,0.7492
1692846923.837565,,0.738,0.6962,0.738
1692846923.873494,,0.6777,0.6794,0.6794
1692846923.905575,,0.6971,0.772,0.772
1692846923.937859,,0.7409,0.7527,0.7527
1692846923.973479,,0.6174,0.7112,0.7112
1692846924.005633,,0.6264,0.642,0.642
1692846924.037555,,0.7299,0.6929,0.7299
1692846924.073763,,0.6646,0.6156,0.6646
1692846924.105647,,0.6602,0.6796,0.6796
1692846924.137520,,0.717,0.7167,0.717
1692846924.173467,,0.6527,0.7258,0.7258
1692846924.205520,,0.6892,0.7497,0.7497
1692846924.237532,,0.7756,0.7673,0.7756
1692846924.274077,,0.6949,0.7088,0.7088
1692846924.305691,,0.6376,0.701,0.701
1692846924.337674,,0.7197,0.7064,0.7197
1692846924.374096,,0.572,0.6486,0.6486
1692846924.405790,,0.6391,0.6809,0.6809
1692846924.438014,,0.7534,0.7474,0.7534
1692846924.473553,,0.7059,0.729,0.729
1692846924.505861,,0.7299,0.7571,0.7571
1692846924.537673,,0.7165,0.7184,0.7184
1692846924.573613,,0.5659,0.559,0.5659
1692846924.605629,,0.668,0.6251,0.668
1692846924.637678,,0.7247,0.7056,0.7247
1692846924.673866,,0.6513,0.6954,0.6954
1692846924.705560,,0.6994,0.7077,0.7077
1692846924.737662,,0.7427,0.7179,0.7427
1692846924.773549,,0.6738,0.6996,0.6996
1692846924.805808,,0.6605,0.6975,0.6975
1692846924.837537,,0.7579,0.7376,0.7579
1692846924.873417,,0.7205,0.7379,0.7379
1692846924.905568,,0.6775,0.7233,0.7233
1692846924.937598,,0.7418,0.7565,0.7565
1692846924.973392,,0.6944,0.7042,0.7042
1692846925.005560,,0.6855,0.6883,0.6883
1692846925.037625,,0.7091,0.6799,0.7091
1692846925.073403,,0.6586,0.6808,0.6808
1692846925.105643,,0.6772,0.7081,0.7081
1692846925.137498,,0.7201,0.7374,0.7374
1692846925.173584,,0.6738,0.6638,0.6738
1692846925.205511,,0.677,0.6936,0.6936
1692846925.237653,,0.6895,0.7198,0.7198
1692846925.273578,,0.642,0.7021,0.7021
1692846925.305784,,0.6953,0.7538,0.7538
1692846925.337548,,0.6566,0.7367,0.7367
1692846925.373803,,0.6323,0.6744,0.6744
1692846925.405670,,0.6504,0.7254,0.7254
1692846925.437508,,0.5572,0.5452,0.5572
1692846925.473685,,0.5711,0.6059,0.6059
1692846925.505594,,0.6043,0.6789,0.6789
1692846925.537503,,0.5268,0.6279,0.6279
1692846925.573524,,0.6306,0.6846,0.6846
1692846925.605462,,0.6737,0.7014,0.7014
1692846925.637649,,0.587,0.6284,0.6284
1692846925.673437,,0.5842,0.6653,0.6653
1692846925.705491,,0.6703,0.74,0.74
1692846925.737580,,0.608,0.6145,0.6145
1692846925.773422,,0.5081,0.5785,0.5785
1692846925.805484,,0.5694,0.6698,0.6698
1692846925.837764,,0.595,0.6615,0.6615
1692846925.873451,,0.6139,0.671,0.671
1692846925.905720,,0.4804,0.6408,0.6408
1692846925.937460,,0.4436,0.5994,0.5994
1692846925.973526,,0.607,0.6355,0.6355
1692846926.005645,,0.6125,0.6241,0.6241
1692846926.037657,,0.6019,0.6002,0.6019
1692846926.073606,,0.6122,0.6689,0.6689
1692846926.105656,,0.4884,0.6165,0.6165
1692846926.137772,,0.4751,0.561,0.561
1692846926.173469,,0.5736,0.6692,0.6692
1692846926.205693,,0.6047,0.6916,0.6916
1692846926.237622,,0.597,0.6486,0.6486
1692846926.273623,,0.5595,0.6016,0.6016
1692846926.305678,,0.4243,0.5548,0.5548
1692846926.337652,,0.4409,0.5875,0.5875
1692846926.373588,,0.5228,0.5179,0.5228
1692846926.405701,,0.5927,0.6475,0.6475
1692846926.437676,,0.5927,0.5738,0.5927
1692846926.473546,,0.5195,0.5968,0.5968
1692846926.505657,,0.5982,0.7065,0.7065
1692846926.537662,,0.477,0.6641,0.6641
1692846926.573804,,0.4731,0.6867,0.6867
1692846926.605479,,0.578,0.6168,0.6168
1692846926.637504,,0.605,0.5832,0.605
1692846926.673521,,0.5392,0.5536,0.5536
1692846926.705669,,0.5016,0.6225,0.6225
1692846926.737519,,0.4657,0.6014,0.6014
1692846926.773624,,0.3545,0.543,0.543
1692846926.806080,,0.4583,0.6398,0.6398
1692846926.837626,,0.4959,0.667,0.667
1692846926.873539,,0.5072,0.6198,0.6198
1692846926.905681,,0.5116,0.6811,0.6811
1692846926.937602,,0.5178,0.6185,0.6185
1692846926.973474,,0.5479,0.6872,0.6872
1692846927.005796,,0.5635,0.565,0.565
1692846927.037529,,0.5416,0.5864,0.5864
1692846927.073461,,0.4918,0.5948,0.5948
1692846927.105722,,0.43,0.6219,0.6219
1692846927.137519,,0.5383,0.6389,0.6389
1692846927.173515,,0.5335,0.6357,0.6357
1692846927.205631,,0.5841,0.5862,0.5862
1692846927.237907,,0.5541,0.5554,0.5554
1692846927.274413,,0.4935,0.5345,0.5345
1692846927.305651,,0.3923,0.615,0.615
1692846927.337634,,0.4326,0.5946,0.5946
1692846927.373533,,0.4668,0.5918,0.5918
1692846927.405766,,0.4334,0.545,0.545
1692846927.437647,,0.4721,0.5292,0.5292
1692846927.473508,,0.5121,0.5346,0.5346
1692846927.505559,,0.3839,0.5113,0.5113
1692846927.537557,,0.4005,0.5308,0.5308
1692846927.573579,,0.3863,0.5962,0.5962
1692846927.605688,,0.4381,0.5398,0.5398
1692846927.637734,,0.346,0.6693,0.6693
1692846927.673780,,0.4071,0.5691,0.5691
1692846927.705755,,0.3416,0.4522,0.4522
1692846927.737664,,0.6338,0.7128,0.7128
1692846927.773464,,0.3528,0.4663,0.4663
1692846927.805523,,0.3937,0.534,0.534
1692846927.837606,,0.4322,0.5719,0.5719
1692846927.873517,,0.3475,0.6356,0.6356
1692846927.905513,,0.3973,0.5981,0.5981
1692846927.937540,,0.3949,0.5838,0.5838
1692846927.973491,,0.3813,0.5612,0.5612
1692846928.005536,,0.4766,0.6374,0.6374
1692846928.037497,,0.4709,0.5322,0.5322
1692846928.073576,,0.4213,0.5398,0.5398
1692846928.105531,,0.3803,0.5395,0.5395
1692846928.137572,,0.5358,0.6955,0.6955
1692846928.173452,,0.4819,0.5444,0.5444
1692846928.205547,,0.4225,0.6386,0.6386
1692846928.237543,,0.3882,0.6418,0.6418
1692846928.273672,,0.4348,0.5062,0.5062
1692846928.305834,,0.4535,0.601,0.601
1692846928.337512,,0.4364,0.5844,0.5844
1692846928.373518,,0.4581,0.5903,0.5903
1692846928.406279,,0.4224,0.5783,0.5783
1692846928.437651,,0.4322,0.6061,0.6061
1692846928.473492,,0.4158,0.6456,0.6456
1692846928.505696,,0.4147,0.5739,0.5739
1692846928.537638,,0.4177,0.5722,0.5722
1692846928.573490,,0.4905,0.6195,0.6195
1692846928.605705,,0.3932,0.5009,0.5009
1692846928.637545,,0.2955,0.6117,0.6117
1692846928.673452,,0.4544,0.4989,0.4989
1692846928.705603,,0.3944,0.5526,0.5526
1692846928.737581,,0.4083,0.5247,0.5247
1692846928.773589,,0.3913,0.5869,0.5869
1692846928.805575,,0.4518,0.5694,0.5694
1692846928.837591,,0.4857,0.6595,0.6595
1692846928.873601,,0.4115,0.6834,0.6834
1692846928.905628,,0.4981,0.5942,0.5942
1692846928.937572,,0.4165,0.6016,0.6016
1692846928.973619,,0.4684,0.6158,0.6158
1692846929.005670,,0.4105,0.6446,0.6446
1692846929.037664,,0.3981,0.5556,0.5556
1692846929.073514,,0.4032,0.6884,0.6884
1692846929.105566,,0.3934,0.5431,0.5431
1692846929.137522,,0.4433,0.6425,0.6425
1692846929.173886,,0.4279,0.6752,0.6752
1692846929.205792,,0.4652,0.5937,0.5937
1692846929.238037,,0.525,0.7034,0.7034
1692846929.273835,,0.4753,0.6273,0.6273
1692846929.305537,,0.4453,0.7025,0.7025
1692846929.337630,,0.4541,0.6117,0.6117
1692846929.373803,,0.4147,0.7526,0.7526
1692846929.405696,,0.4038,0.6184,0.6184
1692846929.437867,,0.331,0.5296,0.5296
1692846929.473667,,0.4573,0.7125,0.7125
1692846929.505540,,0.4611,0.5369,0.5369
1692846929.537469,,0.4242,0.7332,0.7332
1692846929.574253,,0.3916,0.6777,0.6777
1692846929.605644,,0.4849,0.6958,0.6958
1692846929.637984,,0.4211,0.7131,0.7131
1692846929.673536,,0.4728,0.6981,0.6981
1692846929.705620,,0.3811,0.763,0.763
1692846929.737540,,0.4146,0.689,0.689
1692846929.773527,,0.5051,0.7037,0.7037
1692846929.805638,,0.4205,0.738,0.738
1692846929.837570,,0.3698,0.7042,0.7042
1692846929.873493,,0.4165,0.6991,0.6991
1692846929.905622,,0.3847,0.6199,0.6199
1692846929.937533,,0.4301,0.6566,0.6566
1692846929.973612,,0.4051,0.7228,0.7228
1692846930.005648,,0.4327,0.6093,0.6093
1692846930.037752,,0.4554,0.6268,0.6268
1692846930.073592,,0.3588,0.693,0.693
1692846930.105878,,0.445,0.659,0.659
1692846930.137652,,0.4248,0.7158,0.7158
1692846930.173583,,0.5451,0.6552,0.6552
1692846930.205608,,0.4064,0.6294,0.6294
1692846930.237547,,0.3613,0.6817,0.6817
1692846930.273476,,0.4618,0.7573,0.7573
1692846930.305617,,0.4732,0.6647,0.6647
1692846930.337565,,0.4514,0.6716,0.6716
1692846930.373483,,0.4151,0.7523,0.7523
1692846930.405466,,0.4646,0.7685,0.7685
1692846930.437614,,0.4613,0.7575,0.7575
1692846930.473431,,0.4435,0.5268,0.5268
1692846930.505481,,0.4512,0.7661,0.7661
1692846930.537536,,0.4531,0.7712,0.7712
1692846930.573429,,0.5259,0.6818,0.6818
1692846930.605674,,0.4894,0.7296,0.7296
1692846930.638178,,0.4192,0.598,0.598
1692846930.673474,,0.4365,0.7221,0.7221
1692846930.705902,,0.5787,0.7683,0.7683
1692846930.737576,,0.4647,0.7453,0.7453
1692846930.773682,,0.3632,0.5911,0.5911
1692846930.807536,,0.4445,0.6344,0.6344
1692846930.837672,,0.3703,0.694,0.694
1692846930.873640,,0.4519,0.636,0.636
1692846930.905548,,0.3778,0.7361,0.7361
1692846930.937602,,0.45,0.7066,0.7066
1692846930.973574,,0.4339,0.7042,0.7042
1692846931.005586,,0.3929,0.5916,0.5916
1692846931.037549,,0.4041,0.6651,0.6651
1692846931.073565,,0.4307,0.6973,0.6973
1692846931.105541,,0.4393,0.7073,0.7073
1692846931.137532,,0.4257,0.6146,0.6146
1692846931.173450,,0.4261,0.6381,0.6381
1692846931.205690,,0.409,0.5949,0.5949
1692846931.237525,,0.4349,0.6797,0.6797
1692846931.273626,,0.4378,0.721,0.721
1692846931.305576,,0.461,0.6216,0.6216
1692846931.337524,,0.4527,0.5988,0.5988
1692846931.373770,,0.479,0.7575,0.7575
1692846931.405523,,0.3852,0.625,0.625
1692846931.437614,,0.4169,0.7101,0.7101
1692846931.473696,,0.4717,0.6281,0.6281
1692846931.505521,,0.4056,0.6347,0.6347
1692846931.537576,,0.4239,0.6665,0.6665
1692846931.573590,,0.452,0.7393,0.7393
1692846931.605577,,0.386,0.711,0.711
1692846931.637658,,0.4966,0.6118,0.6118
1692846931.673573,,0.3899,0.6016,0.6016
1692846931.705817,,0.4244,0.6732,0.6732
1692846931.738010,,0.3472,0.5848,0.5848
1692846931.773651,,0.4654,0.6166,0.6166
1692846931.805763,,0.3965,0.5847,0.5847
1692846931.837697,,0.4197,0.5894,0.5894
1692846931.873634,,0.3938,0.5373,0.5373
1692846931.905752,,0.3645,0.6351,0.6351
1692846931.937539,,0.5021,0.5539,0.5539
1692846931.974182,,0.264,0.5548,0.5548
1692846932.005724,,0.3701,0.5035,0.5035
1692846932.037725,,0.4532,0.5858,0.5858
1692846932.074140,,0.4384,0.6775,0.6775
1692846932.105638,,0.438,0.6563,0.6563
1692846932.137636,,0.4205,0.7357,0.7357
1692846932.173521,,0.5363,0.5894,0.5894
1692846932.205586,,0.4011,0.5861,0.5861
1692846932.237633,,0.3897,0.6044,0.6044
1692846932.273473,,0.5046,0.7366,0.7366
1692846932.305498,,0.3814,0.61,0.61
1692846932.337499,,0.3876,0.5655,0.5655
1692846932.374259,,0.2903,0.5015,0.5015
1692846932.405661,,0.4709,0.6992,0.6992
1692846932.437642,,0.3898,0.539,0.539
1692846932.473666,,0.4681,0.5296,0.5296
1692846932.505893,,0.1475,0.5238,0.5238
1692846932.537592,,0.4185,0.6499,0.6499
1692846932.573495,,0.4629,0.5787,0.5787
1692846932.605547,,0.4366,0.5603,0.5603
1692846932.637641,,0.4382,0.5992,0.5992
1692846932.673488,,0.4676,0.6814,0.6814
1692846932.705565,,0.4233,0.6129,0.6129
1692846932.737513,,0.4428,0.6047,0.6047
1692846932.773490,,0.3633,0.5311,0.5311
1692846932.805493,,0.4663,0.5374,0.5374
1692846932.837601,,0.4351,0.6966,0.6966
1692846932.873509,,0.4368,0.6971,0.6971
1692846932.905658,,0.3629,0.6424,0.6424
1692846932.937557,,0.4591,0.5471,0.5471
1692846932.973554,,0.3959,0.5932,0.5932
1692846933.005563,,0.5054,0.6532,0.6532
1692846933.037550,,0.4055,0.6232,0.6232
1692846933.073457,,0.5107,0.6176,0.6176
1692846933.105551,,0.317,0.4797,0.4797
1692846933.137484,,0.4785,0.6459,0.6459
1692846933.173531,,0.4383,0.5639,0.5639
1692846933.205208,,0.3721,0.5443,0.5443
1692846933.237238,,0.4019,0.5313,0.5313
1692846933.273458,,0.4416,0.6485,0.6485
1692846933.305702,,0.4592,0.6628,0.6628
1692846933.337823,,0.4435,0.7134,0.7134
1692846933.373834,,0.4801,0.674,0.674
1692846933.405441,,0.3628,0.5367,0.5367
1692846933.437424,,0.3228,0.5466,0.5466
1692846933.473670,,0.4231,0.6423,0.6423
1692846933.505735,,0.4164,0.5303,0.5303
1692846933.537409,,0.3761,0.6736,0.6736
1692846933.573487,,0.4544,0.5704,0.5704
1692846933.605381,,0.4123,0.7128,0.7128
1692846933.637375,,0.4382,0.5879,0.5879
1692846933.673551,,0.3714,0.6195,0.6195
1692846933.705441,,0.4025,0.6015,0.6015
1692846933.737373,,0.4132,0.4705,0.4705
1692846933.773384,,0.4288,0.565,0.565
1692846933.805393,,0.4266,0.5871,0.5871
1692846933.837379,,0.4346,0.702,0.702
1692846933.873374,,0.4389,0.6032,0.6032
1692846933.905623,,0.4318,0.6108,0.6108
1692846933.937396,,0.459,0.6531,0.6531
1692846933.973509,,0.4648,0.6629,0.6629
1692846934.005481,,0.3372,0.5509,0.5509
1692846934.037523,,0.4568,0.6345,0.6345
1692846934.074493,,0.4506,0.5674,0.5674
1692846934.105414,,0.4586,0.6141,0.6141
1692846934.137726,,0.5098,0.667,0.667
1692846934.173494,,0.3749,0.6306,0.6306
1692846934.205572,,0.5053,0.6391,0.6391
1692846934.237447,,0.4048,0.6778,0.6778
1692846934.273702,,0.3942,0.6447,0.6447
1692846934.305510,,0.4616,0.6943,0.6943
1692846934.337437,,0.3783,0.6781,0.6781
1692846934.374685,,0.4173,0.6785,0.6785
1692846934.405722,,0.4378,0.686,0.686
1692846934.438126,,0.4577,0.6052,0.6052
1692846934.473813,,0.3454,0.6881,0.6881
1692846934.505748,,0.4525,0.7366,0.7366
1692846934.537539,,0.4524,0.638,0.638
1692846934.573540,,0.3539,0.718,0.718
1692846934.605624,,0.4064,0.7101,0.7101
1692846934.637371,,0.279,0.6395,0.6395
1692846934.673357,,0.4946,0.7597,0.7597
1692846934.705547,,0.48,0.7106,0.7106
1692846934.737395,,0.3896,0.6958,0.6958
1692846934.773877,,0.3112,0.6816,0.6816
1692846934.805652,,0.4744,0.6346,0.6346
1692846934.837664,,0.5727,0.7314,0.7314
1692846934.873460,,0.4299,0.6945,0.6945
1692846934.905700,,0.3327,0.6682,0.6682
1692846934.937450,,0.4028,0.6374,0.6374
1692846934.973546,,0.3984,0.5803,0.5803
1692846935.005569,,0.375,0.6851,0.6851
1692846935.037724,,0.3901,0.7625,0.7625
1692846935.073562,,0.3684,0.6109,0.6109
1692846935.105751,,0.4621,0.7283,0.7283
1692846935.137670,,0.4269,0.7242,0.7242
1692846935.173472,,0.4387,0.6092,0.6092
1692846935.205369,,0.4207,0.6922,0.6922
1692846935.237585,,0.4271,0.6135,0.6135
1692846935.273438,,0.3664,0.7186,0.7186
1692846935.305478,,0.4513,0.6366,0.6366
1692846935.337399,,0.4818,0.763,0.763
1692846935.373329,,0.4272,0.6589,0.6589
1692846935.405510,,0.5964,0.62,0.62
1692846935.437507,,0.4632,0.7204,0.7204
1692846935.473076,,0.3845,0.6209,0.6209
1692846935.505637,,0.4017,0.754,0.754
1692846935.537459,,0.4262,0.7219,0.7219
1692846935.573694,,0.3429,0.5801,0.5801
1692846935.605679,,0.398,0.6865,0.6865
1692846935.637833,,0.4346,0.5825,0.5825
1692846935.673886,,0.4174,0.6863,0.6863
1692846935.705579,,0.4883,0.6442,0.6442
1692846935.738745,,0.4263,0.5891,0.5891
1692846935.773689,,0.437,0.6713,0.6713
1692846935.805509,,0.3803,0.6234,0.6234
1692846935.837276,,0.4095,0.694,0.694
1692846935.873528,,0.4396,0.6392,0.6392
1692846935.905533,,0.4574,0.6858,0.6858
1692846935.937502,,0.4196,0.5762,0.5762
1692846935.973443,,0.4464,0.6511,0.6511
1692846936.005913,,0.4374,0.56,0.56
1692846936.037452,,0.4195,0.5974,0.5974
1692846936.073509,,0.4498,0.5435,0.5435
1692846936.105639,,0.4138,0.6315,0.6315
1692846936.137510,,0.4166,0.6556,0.6556
1692846936.173962,,0.2939,0.6018,0.6018
1692846936.205711,,0.4416,0.5369,0.5369
1692846936.237688,,0.4339,0.61,0.61
1692846936.273523,,0.544,0.5698,0.5698
1692846936.305537,,0.3866,0.7338,0.7338
1692846936.337472,,0.3844,0.5355,0.5355
1692846936.374181,,0.3877,0.5499,0.5499
1692846936.405698,,0.3933,0.5177,0.5177
1692846936.437746,,0.3559,0.5253,0.5253
1692846936.473829,,0.5162,0.5998,0.5998
1692846936.505592,,0.4015,0.5827,0.5827
1692846936.537707,,0.4041,0.5269,0.5269
1692846936.573629,,0.2915,0.5495,0.5495
1692846936.605682,,0.436,0.477,0.477
1692846936.637511,,0.4239,0.5392,0.5392
1692846936.673470,,0.5018,0.4712,0.5018
1692846936.705804,,0.4108,0.5654,0.5654
1692846936.737736,,0.2843,0.5747,0.5747
1692846936.773706,,0.4809,0.6701,0.6701
1692846936.806377,,0.4107,0.5343,0.5343
1692846936.837979,,0.4624,0.6036,0.6036
1692846936.873467,,0.4779,0.5581,0.5581
1692846936.906136,,0.472,0.6406,0.6406
1692846936.938076,,0.4141,0.5722,0.5722
1692846936.973438,,0.456,0.6167,0.6167
1692846937.005603,,0.4037,0.5597,0.5597
1692846937.037481,,0.3892,0.5097,0.5097
1692846937.073537,,0.3782,0.5387,0.5387
1692846937.105519,,0.4814,0.5599,0.5599
1692846937.137583,,0.4229,0.5629,0.5629
1692846937.173496,,0.4465,0.5589,0.5589
1692846937.205903,,0.4219,0.5583,0.5583
1692846937.237788,,0.4611,0.605,0.605
1692846937.273565,,0.3703,0.4053,0.4053
1692846937.305753,,0.3461,0.5225,0.5225
1692846937.337637,,0.4248,0.6308,0.6308
1692846937.373569,,0.4749,0.5736,0.5736
1692846937.405571,,0.3663,0.4913,0.4913
1692846937.437512,,0.4357,0.496,0.496
1692846937.473479,,0.411,0.6246,0.6246
1692846937.505564,,0.43,0.5139,0.5139
1692846937.537557,,0.4091,0.4818,0.4818
1692846937.573481,,0.4124,0.6405,0.6405
1692846937.605462,,0.3837,0.4893,0.4893
1692846937.637508,,0.3475,0.5612,0.5612
1692846937.673539,,0.469,0.6432,0.6432
1692846937.705507,,0.3391,0.5765,0.5765
1692846937.737597,,0.3386,0.4788,0.4788
1692846937.773565,,0.3871,0.4595,0.4595
1692846937.805541,,0.4256,0.5296,0.5296
1692846937.837517,,0.3191,0.4796,0.4796
1692846937.873503,,0.3896,0.527,0.527
1692846937.905550,,0.514,0.5864,0.5864
1692846937.937521,,0.3583,0.5349,0.5349
1692846937.973588,,0.3704,0.5383,0.5383
1692846938.005641,,0.4537,0.5959,0.5959
1692846938.037608,,0.3813,0.617,0.617
1692846938.073524,,0.5591,0.6594,0.6594
1692846938.105703,,0.4487,0.6417,0.6417
1692846938.137616,,0.4754,0.6075,0.6075
1692846938.173527,,0.3653,0.5435,0.5435
1692846938.205513,,0.3667,0.5246,0.5246
1692846938.237563,,0.4128,0.5457,0.5457
1692846938.273452,,0.4158,0.4641,0.4641
1692846938.305570,,0.2807,0.5782,0.5782
1692846938.337425,,0.3817,0.502,0.502
1692846938.373613,,0.4075,0.5686,0.5686
1692846938.405700,,0.447,0.5193,0.5193
1692846938.437642,,0.4519,0.4768,0.4768
1692846938.474011,,0.3626,0.5293,0.5293
1692846938.505553,,0.3669,0.5874,0.5874
1692846938.537636,,0.4439,0.5143,0.5143
1692846938.573640,,0.4122,0.4323,0.4323
1692846938.605653,,0.4653,0.5245,0.5245
1692846938.637560,,0.4036,0.5306,0.5306
1692846938.673696,,0.4435,0.4822,0.4822
1692846938.705515,,0.5666,0.5363,0.5666
1692846938.737483,,0.4076,0.4987,0.4987
1692846938.773434,,0.4026,0.6634,0.6634
1692846938.805672,,0.4439,0.491,0.491
1692846938.837652,,0.3412,0.4949,0.4949
1692846938.873661,,0.4276,0.5802,0.5802
1692846938.905832,,0.4099,0.6574,0.6574
1692846938.937593,,0.4654,0.5348,0.5348
1692846938.973818,,0.3775,0.456,0.456
1692846939.005687,,0.3864,0.4944,0.4944
1692846939.038011,,0.4317,0.5072,0.5072
1692846939.073556,,0.3284,0.5521,0.5521
1692846939.105689,,0.3995,0.5323,0.5323
1692846939.137612,,0.4478,0.6153,0.6153
1692846939.173643,,0.3302,0.4712,0.4712
1692846939.206493,,0.4109,0.5331,0.5331
1692846939.238107,,0.3642,0.5549,0.5549
1692846939.273706,,0.3988,0.4576,0.4576
1692846939.305874,,0.3061,0.5376,0.5376
1692846939.338170,,0.386,0.4574,0.4574
1692846939.373564,,0.3766,0.5597,0.5597
1692846939.405570,,0.3828,0.614,0.614
1692846939.437579,,0.4214,0.6355,0.6355
1692846939.473509,,0.4339,0.5654,0.5654
1692846939.505569,,0.3642,0.6333,0.6333
1692846939.537529,,0.3271,0.446,0.446
1692846939.573592,,0.3827,0.5804,0.5804
1692846939.605727,,0.4092,0.5514,0.5514
1692846939.637715,,0.3984,0.4204,0.4204
1692846939.673770,,0.392,0.5405,0.5405
1692846939.705801,,0.3617,0.4924,0.4924
1692846939.737570,,0.4427,0.5414,0.5414
1692846939.773584,,0.3854,0.5281,0.5281
1692846939.805552,,0.51,0.548,0.548
1692846939.837519,,0.377,0.5301,0.5301
1692846939.873484,,0.4566,0.4372,0.4566
1692846939.905560,,0.4225,0.5571,0.5571
1692846939.937484,,0.4197,0.4978,0.4978
1692846939.973430,,0.3933,0.4982,0.4982
1692846940.005551,,0.4268,0.4453,0.4453
1692846940.037505,,0.3874,0.5704,0.5704
1692846940.073664,,0.5317,0.6607,0.6607
1692846940.105706,,0.3664,0.546,0.546
1692846940.137506,,0.3797,0.6406,0.6406
1692846940.173557,,0.4213,0.4735,0.4735
1692846940.205720,,0.4503,0.5464,0.5464
1692846940.237514,,0.4356,0.504,0.504
1692846940.273513,,0.3879,0.4678,0.4678
1692846940.305612,,0.4174,0.4929,0.4929
1692846940.337491,,0.3569,0.444,0.444
1692846940.373636,,0.373,0.4529,0.4529
1692846940.405758,,0.6166,0.5746,0.6166
1692846940.437672,,0.3439,0.5978,0.5978
1692846940.473585,,0.4252,0.4861,0.4861
1692846940.505802,,0.4336,0.5057,0.5057
1692846940.537544,,0.332,0.619,0.619
1692846940.573616,,0.3543,0.5938,0.5938
1692846940.605538,,0.3728,0.4399,0.4399
1692846940.637552,,0.2785,0.5391,0.5391
1692846940.673567,,0.3553,0.4951,0.4951
1692846940.705544,,0.338,0.6274,0.6274
1692846940.737485,,0.3168,0.4802,0.4802
1692846940.773480,,0.429,0.5098,0.5098
1692846940.805617,,0.4224,0.484,0.484
1692846940.837535,,0.3994,0.4633,0.4633
1692846940.873528,,0.4039,0.4764,0.4764
1692846940.905754,,0.3458,0.4775,0.4775
1692846940.937509,,0.3992,0.5988,0.5988
1692846940.973547,,0.4226,0.4931,0.4931
1692846941.005771,,0.4475,0.5864,0.5864
1692846941.037551,,0.3926,0.4911,0.4911
1692846941.073471,,0.3811,0.5471,0.5471
1692846941.105624,,0.6044,0.5467,0.6044
1692846941.137580,,0.4088,0.5695,0.5695
1692846941.173945,,0.3456,0.4642,0.4642
1692846941.205735,,0.3628,0.4803,0.4803
1692846941.237724,,0.4285,0.4449,0.4449
1692846941.273659,,0.3295,0.5971,0.5971
1692846941.305749,,0.4444,0.4861,0.4861
1692846941.337789,,0.3595,0.4426,0.4426
1692846941.373602,,0.3814,0.422,0.422
1692846941.405774,,0.3914,0.5306,0.5306
1692846941.437661,,0.3343,0.4348,0.4348
1692846941.473596,,0.3767,0.7406,0.7406
1692846941.505704,,0.3761,0.4557,0.4557
1692846941.537643,,0.4051,0.4964,0.4964
1692846941.573473,,0.3931,0.5191,0.5191
1692846941.605696,,0.437,0.4198,0.437
1692846941.637819,,0.4396,0.5066,0.5066
1692846941.673501,,0.4459,0.461,0.461
1692846941.705617,,0.3106,0.533,0.533
1692846941.738105,,0.3531,0.518,0.518
1692846941.773567,,0.3806,0.3884,0.3884
1692846941.805601,,0.4597,0.4371,0.4597
1692846941.837937,,0.3368,0.4737,0.4737
1692846941.873430,,0.4366,0.5888,0.5888
1692846941.905782,,0.3954,0.5729,0.5729
1692846941.937611,,0.5702,0.6484,0.6484
1692846941.973949,,0.343,0.4762,0.4762
1692846942.005722,,0.3261,0.5114,0.5114
1692846942.037809,,0.3833,0.4779,0.4779
1692846942.073622,,0.4132,0.5781,0.5781
1692846942.105965,,0.2724,0.6015,0.6015
1692846942.137567,,0.3344,0.47,0.47
1692846942.173513,,0.264,0.5587,0.5587
1692846942.205642,,0.4156,0.5246,0.5246
1692846942.237551,,0.3934,0.5134,0.5134
1692846942.273524,,0.3953,0.4887,0.4887
1692846942.305620,,0.4023,0.5378,0.5378
1692846942.337587,,0.3724,0.663,0.663
1692846942.373528,,0.4492,0.5648,0.5648
1692846942.405530,,0.3709,0.5162,0.5162
1692846942.437511,,0.4862,0.5246,0.5246
1692846942.473583,,0.4247,0.677,0.677
1692846942.505576,,0.4023,0.6336,0.6336
1692846942.537527,,0.4623,0.5683,0.5683
1692846942.573508,,0.3273,0.5377,0.5377
1692846942.605664,,0.5606,0.6112,0.6112
1692846942.637606,,0.2992,0.563,0.563
1692846942.673579,,0.368,0.6058,0.6058
1692846942.705502,,0.4293,0.6186,0.6186
1692846942.737575,,0.3374,0.5726,0.5726
1692846942.773446,,0.3447,0.5642,0.5642
1692846942.805799,,0.5134,0.6668,0.6668
1692846942.837595,,0.4575,0.5152,0.5152
1692846942.873558,,0.3535,0.478,0.478
1692846942.905547,,0.3724,0.5833,0.5833
1692846942.937656,,0.4158,0.6146,0.6146
1692846942.973455,,0.4245,0.6009,0.6009
1692846943.005507,,0.4265,0.5372,0.5372
1692846943.037551,,0.3521,0.3823,0.3823
1692846943.073628,,0.4612,0.523,0.523
1692846943.105713,,0.4007,0.4545,0.4545
1692846943.137579,,0.4637,0.4829,0.4829
1692846943.173733,,0.4028,0.5995,0.5995
1692846943.205561,,0.3705,0.488,0.488
1692846943.237588,,0.4043,0.5843,0.5843
1692846943.273122,,0.2966,0.5509,0.5509
1692846943.305980,,0.363,0.5815,0.5815
1692846943.337167,,0.4353,0.4993,0.4993
1692846943.373394,,0.4023,0.5605,0.5605
1692846943.405470,,0.5084,0.577,0.577
1692846943.437343,,0.4366,0.552,0.552
1692846943.473291,,0.3937,0.5202,0.5202
1692846943.505373,,0.4484,0.4841,0.4841
1692846943.537268,,0.3504,0.4005,0.4005
1692846943.573257,,0.3433,0.5313,0.5313
1692846943.605362,,0.3731,0.4831,0.4831
1692846943.637317,,0.435,0.4991,0.4991
1692846943.673265,,0.4249,0.5864,0.5864
1692846943.706488,,0.5017,0.6567,0.6567
1692846943.737623,,0.3625,0.486,0.486
1692846943.773262,,0.4039,0.5019,0.5019
1692846943.805328,,0.4308,0.5623,0.5623
1692846943.837407,,0.3899,0.6014,0.6014
1692846943.873501,,0.3601,0.5787,0.5787
1692846943.905602,,0.3958,0.6413,0.6413
1692846943.937469,,0.3773,0.4599,0.4599
1692846943.973209,,0.3111,0.4747,0.4747
1692846944.005479,,0.4268,0.48,0.48
1692846944.037851,,0.3824,0.5331,0.5331
1692846944.073492,,0.3445,0.4708,0.4708
1692846944.105457,,0.4251,0.554,0.554
1692846944.137713,,0.3141,0.5768,0.5768
1692846944.173692,,0.3405,0.5259,0.5259
1692846944.205333,,0.3505,0.4414,0.4414
1692846944.237421,,0.4068,0.5705,0.5705
1692846944.273660,,0.6112,0.658,0.658
1692846944.305507,,0.3016,0.4656,0.4656
1692846944.337338,,0.4135,0.5896,0.5896
1692846944.373210,,0.3779,0.3805,0.3805
1692846944.405336,,0.3565,0.5021,0.5021
1692846944.437454,,0.3682,0.4545,0.4545
1692846944.473586,,0.3702,0.5397,0.5397
1692846944.505914,,0.3583,0.6129,0.6129
1692846944.537793,,0.4117,0.5142,0.5142
1692846944.573282,,0.3985,0.3954,0.3985
1692846944.605153,,0.2961,0.5076,0.5076
1692846944.637206,,0.3322,0.5641,0.5641
1692846944.673833,,0.3957,0.4458,0.4458
1692846944.705239,,0.567,0.5917,0.5917
1692846944.737367,,0.4759,0.5255,0.5255
1692846944.773311,,0.3076,0.592,0.592
1692846944.805302,,0.4047,0.5006,0.5006
1692846944.837322,,0.369,0.6281,0.6281
1692846944.873214,,0.5104,0.6561,0.6561
1692846944.905191,,0.3639,0.6659,0.6659
1692846944.937432,,0.4044,0.5393,0.5393
1692846944.973320,,0.3535,0.6141,0.6141
1692846945.005330,,0.3833,0.6428,0.6428
1692846945.037342,,0.361,0.4796,0.4796
1692846945.073215,,0.3098,0.5611,0.5611
1692846945.105319,,0.3984,0.5972,0.5972
1692846945.137267,,0.4454,0.5251,0.5251
1692846945.173873,,0.3586,0.5756,0.5756
1692846945.205505,,0.3063,0.4671,0.4671
1692846945.237517,,0.3689,0.5456,0.5456
1692846945.273230,,0.3919,0.4764,0.4764
1692846945.305331,,0.3768,0.5607,0.5607
1692846945.337405,,0.363,0.5286,0.5286
1692846945.373486,,0.6282,0.5413,0.6282
1692846945.405205,,0.3776,0.6278,0.6278
1692846945.437259,,0.3362,0.4964,0.4964
1692846945.473480,,0.262,0.4556,0.4556
1692846945.505336,,0.3359,0.5725,0.5725
1692846945.537274,,0.3473,0.6268,0.6268
1692846945.573308,,0.323,0.58,0.58
1692846945.605339,,0.4215,0.5685,0.5685
1692846945.637276,,0.367,0.53,0.53
1692846945.673579,,0.2855,0.6212,0.6212
1692846945.705408,,0.3663,0.6159,0.6159
1692846945.737269,,0.6773,0.7615,0.7615
1692846945.773202,,0.2405,0.6057,0.6057
1692846945.805389,,0.322,0.5559,0.5559
1692846945.837264,,0.4144,0.6907,0.6907
1692846945.873237,,0.3459,0.6702,0.6702
1692846945.905314,,0.3557,0.6096,0.6096
1692846945.937510,,0.3837,0.654,0.654
1692846945.973284,,0.3331,0.5887,0.5887
1692846946.005300,,0.3996,0.6556,0.6556
1692846946.037412,,0.375,0.6705,0.6705
1692846946.073667,,0.4236,0.5431,0.5431
1692846946.105678,,0.4116,0.6175,0.6175
1692846946.137678,,0.3425,0.6558,0.6558
1692846946.173291,,0.3231,0.6315,0.6315
1692846946.205792,,0.3607,0.6098,0.6098
1692846946.237383,,0.3898,0.6599,0.6599
1692846946.273420,,0.4565,0.6808,0.6808
1692846946.305447,,0.4839,0.671,0.671
1692846946.337549,,0.4615,0.6324,0.6324
1692846946.373300,,0.3844,0.7042,0.7042
1692846946.405507,,0.4321,0.5665,0.5665
1692846946.437591,,0.4017,0.6592,0.6592
1692846946.473358,,0.5007,0.5808,0.5808
1692846946.505377,,0.4105,0.6444,0.6444
1692846946.537461,,0.3877,0.5889,0.5889
1692846946.573988,,0.4427,0.6837,0.6837
1692846946.605283,,0.3917,0.6128,0.6128
1692846946.637223,,0.2918,0.643,0.643
1692846946.673199,,0.5108,0.6564,0.6564
1692846946.705256,,0.3625,0.6728,0.6728
1692846946.737168,,0.4545,0.661,0.661
1692846946.773293,,0.417,0.6367,0.6367
1692846946.805360,,0.458,0.5462,0.5462
1692846946.837445,,0.4263,0.62,0.62
1692846946.873450,,0.2977,0.6992,0.6992
1692846946.905433,,0.3204,0.6377,0.6377
1692846946.937348,,0.4315,0.6472,0.6472
1692846946.973277,,0.3786,0.6427,0.6427
1692846947.005354,,0.5006,0.717,0.717
1692846947.037439,,0.4529,0.6065,0.6065
1692846947.073173,,0.43,0.6049,0.6049
1692846947.105428,,0.2878,0.6411,0.6411
1692846947.137197,,0.4647,0.6809,0.6809
1692846947.173298,,0.4337,0.6329,0.6329
1692846947.205202,,0.441,0.6549,0.6549
1692846947.237244,,0.4719,0.5633,0.5633
1692846947.273335,,0.3065,0.6964,0.6964
1692846947.305484,,0.3747,0.6617,0.6617
1692846947.338649,,0.4209,0.6286,0.6286
1692846947.373516,,0.4457,0.618,0.618
1692846947.405418,,0.4257,0.6613,0.6613
1692846947.437556,,0.4772,0.6145,0.6145
1692846947.473501,,0.5067,0.643,0.643
1692846947.505533,,0.5546,0.6343,0.6343
1692846947.537683,,0.5453,0.6721,0.6721
1692846947.573603,,0.477,0.6487,0.6487
1692846947.605669,,0.5928,0.5761,0.5928
1692846947.637537,,0.4621,0.6487,0.6487
1692846947.673391,,0.4764,0.5575,0.5575
1692846947.705554,,0.5092,0.6057,0.6057
1692846947.737336,,0.5886,0.6598,0.6598
1692846947.773472,,0.5189,0.6089,0.6089
1692846947.805538,,0.4227,0.5473,0.5473
1692846947.837243,,0.4841,0.5801,0.5801
1692846947.873351,,0.5494,0.6578,0.6578
1692846947.905749,,0.549,0.6246,0.6246
1692846947.937326,,0.3896,0.5959,0.5959
1692846947.973341,,0.4353,0.6374,0.6374
1692846948.005392,,0.4534,0.6704,0.6704
1692846948.037429,,0.5542,0.6204,0.6204
1692846948.073459,,0.5446,0.678,0.678
1692846948.105348,,0.5132,0.6182,0.6182
1692846948.137290,,0.5775,0.6549,0.6549
1692846948.173301,,0.5483,0.6502,0.6502
1692846948.205576,,0.4811,0.6393,0.6393
1692846948.237170,,0.5391,0.5845,0.5845
1692846948.273225,,0.5487,0.6169,0.6169
1692846948.305343,,0.5153,0.6203,0.6203
1692846948.337309,,0.5331,0.6868,0.6868
1692846948.373391,,0.5614,0.6062,0.6062
1692846948.405284,,0.5959,0.6386,0.6386
1692846948.437371,,0.4946,0.5751,0.5751
1692846948.473282,,0.5912,0.6207,0.6207
1692846948.505460,,0.6011,0.6457,0.6457
1692846948.537340,,0.5459,0.5791,0.5791
1692846948.573232,,0.5984,0.6289,0.6289
1692846948.605854,,0.5487,0.6337,0.6337
1692846948.637414,,0.5346,0.5912,0.5912
1692846948.673223,,0.4604,0.5714,0.5714
1692846948.705449,,0.5807,0.6326,0.6326
1692846948.737489,,0.5896,0.6725,0.6725
1692846948.773276,,0.5259,0.6472,0.6472
1692846948.805396,,0.5964,0.6207,0.6207
1692846948.837380,,0.5888,0.6026,0.6026
1692846948.873348,,0.6031,0.6386,0.6386
1692846948.905202,,0.6111,0.6039,0.6111
1692846948.937296,,0.5837,0.6355,0.6355
1692846948.973202,,0.6229,0.6565,0.6565
1692846949.005334,,0.5695,0.5736,0.5736
1692846949.037241,,0.607,0.6143,0.6143
1692846949.073276,,0.6204,0.6279,0.6279
1692846949.105398,,0.6244,0.5836,0.6244
1692846949.137427,,0.5888,0.6257,0.6257
1692846949.173238,,0.5895,0.609,0.609
1692846949.205411,,0.4948,0.5281,0.5281
1692846949.237414,,0.4788,0.5661,0.5661
1692846949.273313,,0.5872,0.5587,0.5872
1692846949.305407,,0.5941,0.5784,0.5941
1692846949.337344,,0.5894,0.5936,0.5936
1692846949.373310,,0.585,0.6018,0.6018
1692846949.405310,,0.5947,0.5691,0.5947
1692846949.437418,,0.6011,0.6227,0.6227
1692846949.473593,,0.6286,0.5777,0.6286
1692846949.505481,,0.5725,0.5789,0.5789
1692846949.538692,,0.6247,0.6116,0.6247
1692846949.573465,,0.6044,0.6108,0.6108
1692846949.605520,,0.5945,0.6493,0.6493
1692846949.637456,,0.666,0.6481,0.666
1692846949.673322,,0.6455,0.6212,0.6455
1692846949.705532,,0.5627,0.5951,0.5951
1692846949.737501,,0.569,0.617,0.617
1692846949.773544,,0.6353,0.6233,0.6353
1692846949.805252,,0.6346,0.683,0.683
1692846949.837269,,0.639,0.5825,0.639
1692846949.873224,,0.6309,0.6105,0.6309
1692846949.905336,,0.657,0.6966,0.6966
1692846949.937395,,0.6373,0.6664,0.6664
1692846949.973376,,0.6461,0.6309,0.6461
1692846950.006086,,0.6086,0.5832,0.6086
1692846950.037561,,0.6274,0.6554,0.6554
1692846950.073349,,0.6189,0.638,0.638
1692846950.105609,,0.6391,0.6351,0.6391
1692846950.137483,,0.6693,0.6713,0.6713
1692846950.173477,,0.6243,0.6695,0.6695
1692846950.205403,,0.5431,0.6293,0.6293
1692846950.237328,,0.6214,0.6532,0.6532
1692846950.273368,,0.6519,0.6634,0.6634
1692846950.305490,,0.6523,0.6621,0.6621
1692846950.337287,,0.673,0.6681,0.673
1692846950.373636,,0.6672,0.6614,0.6672
1692846950.405366,,0.672,0.6748,0.6748
1692846950.437444,,0.6759,0.7072,0.7072
1692846950.473338,,0.6947,0.6744,0.6947
1692846950.505395,,0.67,0.6787,0.6787
1692846950.537323,,0.6382,0.6564,0.6564
1692846950.573445,,0.6759,0.6198,0.6759
1692846950.605300,,0.7101,0.6927,0.7101
1692846950.637330,,0.6158,0.665,0.665
1692846950.673414,,0.6912,0.6242,0.6912
1692846950.705571,,0.6959,0.6909,0.6959
1692846950.737482,,0.6869,0.6694,0.6869
1692846950.773489,,0.6868,0.6622,0.6868
1692846950.805609,,0.7266,0.7069,0.7266
1692846950.837679,,0.7086,0.6708,0.7086
1692846950.873541,,0.721,0.7285,0.7285
1692846950.905540,,0.7081,0.687,0.7081
1692846950.937699,,0.7188,0.6793,0.7188
1692846950.973364,,0.7326,0.68,0.7326
1692846951.005627,,0.7369,0.7137,0.7369
1692846951.037988,,0.7305,0.6744,0.7305
1692846951.073611,,0.7076,0.6565,0.7076
1692846951.105588,,0.638,0.6851,0.6851
1692846951.137652,,0.6795,0.668,0.6795
1692846951.173465,,0.7316,0.7218,0.7316
1692846951.205382,,0.7268,0.7069,0.7268
1692846951.237580,,0.7062,0.661,0.7062
1692846951.273448,,0.7198,0.6986,0.7198
1692846951.305357,,0.6971,0.6595,0.6971
1692846951.337419,,0.6853,0.6068,0.6853
1692846951.373677,,0.7432,0.706,0.7432
1692846951.405435,,0.724,0.6949,0.724
1692846951.437481,,0.7227,0.6827,0.7227
1692846951.473494,,0.7153,0.6886,0.7153
1692846951.505835,,0.6902,0.706,0.706
1692846951.537646,,0.7106,0.6537,0.7106
1692846951.573670,,0.7192,0.6205,0.7192
1692846951.606035,,0.7286,0.6951,0.7286
1692846951.637659,,0.7027,0.6566,0.7027
1692846951.673863,,0.6755,0.6434,0.6755
1692846951.705694,,0.7055,0.686,0.7055
1692846951.737545,,0.7267,0.6903,0.7267
1692846951.773459,,0.6973,0.6685,0.6973
1692846951.805484,,0.7031,0.6564,0.7031
1692846951.837763,,0.6341,0.6459,0.6459
1692846951.873563,,0.7081,0.698,0.7081
1692846951.905497,,0.72,0.7075,0.72
1692846951.937490,,0.7071,0.6925,0.7071
1692846951.973460,,0.6883,0.6749,0.6883
1692846952.005522,,0.6818,0.7162,0.7162
1692846952.037483,,0.7023,0.7297,0.7297
1692846952.073440,,0.7111,0.689,0.7111
1692846952.105510,,0.7152,0.6823,0.7152
1692846952.137441,,0.7233,0.715,0.7233
1692846952.173341,,0.6975,0.7009,0.7009
1692846952.205675,,0.651,0.6875,0.6875
1692846952.237469,,0.704,0.7268,0.7268
1692846952.273456,,0.7065,0.7029,0.7065
1692846952.305370,,0.701,0.7044,0.7044
1692846952.337519,,0.7218,0.7216,0.7218
1692846952.373771,,0.689,0.6814,0.689
1692846952.405761,,0.7051,0.6923,0.7051
1692846952.438444,,0.7038,0.7014,0.7038
1692846952.473706,,0.6991,0.7254,0.7254
1692846952.505527,,0.7088,0.7346,0.7346
1692846952.537550,,0.7006,0.7296,0.7296
1692846952.573716,,0.7165,0.7296,0.7296
1692846952.605452,,0.7177,0.7253,0.7253
1692846952.637548,,0.7155,0.6691,0.7155
1692846952.673409,,0.7082,0.6867,0.7082
1692846952.705677,,0.7403,0.7395,0.7403
1692846952.737419,,0.6885,0.6963,0.6963
1692846952.773454,,0.7276,0.7493,0.7493
1692846952.805659,,0.7142,0.6984,0.7142
1692846952.837491,,0.6837,0.6951,0.6951
1692846952.874010,,0.7061,0.7321,0.7321
1692846952.905343,,0.7111,0.676,0.7111
1692846952.937400,,0.6915,0.6883,0.6915
1692846952.973423,,0.7165,0.7406,0.7406
1692846953.005557,,0.7087,0.7238,0.7238
1692846953.037446,,0.7008,0.6581,0.7008
1692846953.073329,,0.7198,0.6743,0.7198
1692846953.105638,,0.7038,0.7005,0.7038
1692846953.137507,,0.7216,0.6966,0.7216
1692846953.173535,,0.7238,0.7427,0.7427
1692846953.205393,,0.7271,0.7287,0.7287
1692846953.238639,,0.711,0.6898,0.711
1692846953.273586,,0.7003,0.6196,0.7003
1692846953.305847,,0.7447,0.7192,0.7447
1692846953.337671,,0.7329,0.7404,0.7404
1692846953.373372,,0.7265,0.6795,0.7265
1692846953.405647,,0.711,0.6956,0.711
1692846953.437592,,0.725,0.6865,0.725
1692846953.473452,,0.7167,0.6868,0.7167
1692846953.505507,,0.6897,0.666,0.6897
1692846953.537368,,0.7324,0.6617,0.7324
1692846953.573498,,0.7329,0.6926,0.7329
1692846953.605639,,0.7289,0.7247,0.7289
1692846953.637478,,0.7286,0.7099,0.7286
1692846953.673473,,0.7417,0.7246,0.7417
1692846953.705483,,0.7192,0.6725,0.7192
1692846953.740665,,0.7384,0.6754,0.7384
1692846953.777567,,0.7206,0.6789,0.7206
1692846953.809749,,0.7357,0.7183,0.7357
1692846953.841847,,0.7231,0.7167,0.7231
1692846953.872915,,0.7046,0.69,0.7046
1692846953.905290,,0.7059,0.6574,0.7059
1692846953.936883,,0.73,0.6741,0.73
1692846953.973104,,0.6935,0.6167,0.6935
1692846954.005370,,0.7191,0.6873,0.7191
1692846954.037383,,0.6696,0.6854,0.6854
1692846954.073458,,0.7242,0.6838,0.7242
1692846954.105830,,0.6911,0.6746,0.6911
1692846954.137463,,0.6825,0.6774,0.6825
1692846954.173234,,0.7241,0.672,0.7241
1692846954.205336,,0.7251,0.6909,0.7251
1692846954.237434,,0.7216,0.6944,0.7216
1692846954.273186,,0.6991,0.6979,0.6991
1692846954.305112,,0.7072,0.6788,0.7072
1692846954.337178,,0.6794,0.6931,0.6931
1692846954.373221,,0.702,0.6805,0.702
1692846954.405210,,0.6717,0.6965,0.6965
1692846954.437264,,0.6759,0.7015,0.7015
1692846954.473134,,0.7402,0.7349,0.7402
1692846954.505038,,0.7165,0.7068,0.7165
1692846954.537139,,0.693,0.662,0.693
1692846954.573246,,0.6902,0.7291,0.7291
1692846954.605250,,0.6956,0.7313,0.7313
1692846954.637185,,0.7019,0.7308,0.7308
1692846954.673349,,0.7047,0.7206,0.7206
1692846954.705278,,0.7302,0.7376,0.7376
1692846954.737268,,0.7321,0.7151,0.7321
1692846954.773528,,0.7285,0.7603,0.7603
1692846954.805398,,0.7196,0.7577,0.7577
1692846954.837354,,0.7119,0.7445,0.7445
1692846954.873258,,0.6838,0.7325,0.7325
1692846954.905529,,0.6704,0.6701,0.6704
1692846954.937375,,0.6939,0.7099,0.7099
1692846954.973335,,0.7209,0.7238,0.7238
1692846955.005423,,0.7364,0.7486,0.7486
1692846955.037389,,0.7415,0.751,0.751
1692846955.073188,,0.6792,0.7151,0.7151
1692846955.105386,,0.7028,0.7419,0.7419
1692846955.137088,,0.6942,0.7179,0.7179
1692846955.173683,,0.713,0.7052,0.713
1692846955.205441,,0.7,0.7058,0.7058
1692846955.237316,,0.7208,0.6081,0.7208
1692846955.273185,,0.7083,0.6946,0.7083
1692846955.305160,,0.6939,0.6869,0.6939
1692846955.337083,,0.6909,0.7126,0.7126
1692846955.373029,,0.7295,0.6961,0.7295
1692846955.405519,,0.7028,0.6896,0.7028
1692846955.437155,,0.7371,0.6984,0.7371
1692846955.473238,,0.738,0.7481,0.7481
1692846955.505545,,0.7195,0.7246,0.7246
1692846955.537063,,0.7448,0.7459,0.7459
1692846955.573602,,0.7117,0.744,0.744
1692846955.605633,,0.7392,0.7361,0.7392
1692846955.637287,,0.6864,0.7165,0.7165
1692846955.673103,,0.7127,0.7082,0.7127
1692846955.705645,,0.7293,0.7153,0.7293
1692846955.737269,,0.7381,0.7446,0.7446
1692846955.773314,,0.7054,0.707,0.707
1692846955.805354,,0.7125,0.7329,0.7329
1692846955.837278,,0.6972,0.7276,0.7276
1692846955.873061,,0.726,0.7833,0.7833
1692846955.905212,,0.7439,0.8227,0.8227
1692846955.937288,,0.7155,0.8121,0.8121
1692846955.973187,,0.7002,0.8348,0.8348
1692846956.005217,,0.6788,0.602,0.6788
1692846956.037088,,0.7009,0.7567,0.7567
1692846956.073421,,0.7075,0.8367,0.8367
1692846956.105309,,0.7286,0.8322,0.8322
1692846956.137353,,0.7515,0.8208,0.8208
1692846956.173213,,0.7347,0.8171,0.8171
1692846956.204977,,0.7142,0.7968,0.7968
1692846956.237301,,0.6952,0.803,0.803
1692846956.273243,,0.7271,0.8178,0.8178
1692846956.305394,,0.7268,0.7993,0.7993
1692846956.337470,,0.7032,0.7852,0.7852
1692846956.373472,,0.7365,0.8262,0.8262
1692846956.405752,,0.7282,0.8282,0.8282
1692846956.437809,,0.6616,0.7834,0.7834
1692846956.473720,,0.7317,0.8267,0.8267
1692846956.505455,,0.6808,0.8121,0.8121
1692846956.537609,,0.7237,0.7858,0.7858
1692846956.573470,,0.749,0.8405,0.8405
1692846956.605658,,0.7259,0.7791,0.7791
1692846956.637467,,0.7192,0.8211,0.8211
1692846956.673498,,0.7324,0.813,0.813
1692846956.705505,,0.7227,0.8133,0.8133
1692846956.737507,,0.7292,0.787,0.787
1692846956.773536,,0.7534,0.8168,0.8168
1692846956.805217,,0.7318,0.7835,0.7835
1692846956.837503,,0.7383,0.8037,0.8037
1692846956.873611,,0.6912,0.769,0.769
1692846956.905531,,0.6998,0.7519,0.7519
1692846956.937568,,0.75,0.799,0.799
1692846956.973529,,0.6744,0.7424,0.7424
1692846957.005585,,0.7467,0.8283,0.8283
1692846957.037534,,0.6652,0.7582,0.7582
1692846957.073836,,0.6207,0.7814,0.7814
1692846957.105834,,0.6444,0.8083,0.8083
1692846957.137758,,0.7196,0.7765,0.7765
1692846957.174106,,0.695,0.7315,0.7315
1692846957.206119,,0.73,0.7906,0.7906
1692846957.238075,,0.6343,0.7506,0.7506
1692846957.274375,,0.6267,0.7342,0.7342
1692846957.305773,,0.5149,0.7481,0.7481
1692846957.337928,,0.5431,0.7602,0.7602
1692846957.373694,,0.6251,0.722,0.722
1692846957.405960,,0.6459,0.7148,0.7148
1692846957.437728,,0.376,0.4831,0.4831
1692846957.473799,,0.524,0.771,0.771
1692846957.505860,,0.2923,0.6057,0.6057
1692846957.537793,,0.5844,0.6172,0.6172
1692846957.574198,,0.3556,0.5662,0.5662
1692846957.606041,,0.5057,0.7427,0.7427
1692846957.638088,,0.386,0.5389,0.5389
1692846957.674641,,0.4361,0.6774,0.6774
1692846957.705590,,0.6598,0.7633,0.7633
1692846957.737525,,0.4334,0.5587,0.5587
1692846957.773554,,0.5757,0.7463,0.7463
1692846957.805648,,0.6305,0.7441,0.7441
1692846957.837648,,0.6906,0.6856,0.6906
1692846957.873544,,0.4818,0.6755,0.6755
1692846957.905625,,0.4502,0.5451,0.5451
1692846957.937534,,0.3927,0.6604,0.6604
1692846957.973556,,0.5904,0.6165,0.6165
1692846958.005672,,0.4117,0.5503,0.5503
1692846958.037630,,0.3867,0.7381,0.7381
1692846958.073517,,0.4271,0.664,0.664
1692846958.105997,,0.3235,0.707,0.707
1692846958.137652,,0.3584,0.6281,0.6281
1692846958.173493,,0.3976,0.7177,0.7177
1692846958.205490,,0.3949,0.7224,0.7224
1692846958.237823,,0.2682,0.7357,0.7357
1692846958.273897,,0.498,0.7376,0.7376
1692846958.305714,,0.5941,0.7784,0.7784
1692846958.337763,,0.5111,0.7757,0.7757
1692846958.373499,,0.6388,0.6989,0.6989
1692846958.405519,,0.5869,0.7955,0.7955
1692846958.437541,,0.6676,0.6996,0.6996
1692846958.473598,,0.7145,0.7449,0.7449
1692846958.505617,,0.6104,0.6927,0.6927
1692846958.537562,,0.6102,0.4723,0.6102
1692846958.573548,,0.5296,0.6788,0.6788
1692846958.605560,,0.3154,0.5672,0.5672
1692846958.637570,,0.5364,0.6027,0.6027
1692846958.673512,,0.3831,0.5814,0.5814
1692846958.705797,,0.3626,0.4751,0.4751
1692846958.737616,,0.4215,0.6047,0.6047
1692846958.773586,,0.3594,0.4917,0.4917
1692846958.805918,,0.4531,0.5527,0.5527
1692846958.837805,,0.3644,0.5261,0.5261
1692846958.873582,,0.4867,0.5883,0.5883
1692846958.905652,,0.5717,0.7201,0.7201
1692846958.937575,,0.3844,0.6006,0.6006
1692846958.973539,,0.3456,0.5713,0.5713
1692846959.005570,,0.3018,0.5549,0.5549
1692846959.037519,,0.4376,0.5663,0.5663
1692846959.073453,,0.6118,0.7453,0.7453
1692846959.105591,,0.4589,0.6436,0.6436
1692846959.137569,,0.4811,0.7177,0.7177
1692846959.173465,,0.4367,0.7122,0.7122
1692846959.205454,,0.4638,0.7469,0.7469
1692846959.237524,,0.4701,0.4793,0.4793
1692846959.273543,,0.5084,0.6748,0.6748
1692846959.305665,,0.6588,0.7559,0.7559
1692846959.338389,,0.4441,0.5178,0.5178
1692846959.373588,,0.5548,0.7403,0.7403
1692846959.405583,,0.5258,0.7186,0.7186
1692846959.437603,,0.5258,0.7529,0.7529
1692846959.473660,,0.5823,0.7821,0.7821
1692846959.505620,,0.5569,0.6184,0.6184
1692846959.537546,,0.5416,0.7463,0.7463
1692846959.573447,,0.5775,0.7646,0.7646
1692846959.605713,,0.3457,0.6722,0.6722
1692846959.637609,,0.4156,0.7703,0.7703
1692846959.673661,,0.5431,0.7388,0.7388
1692846959.706130,,0.5321,0.7084,0.7084
1692846959.738230,,0.5716,0.7195,0.7195
1692846959.773736,,0.6445,0.7547,0.7547
1692846959.805512,,0.3669,0.7152,0.7152
1692846959.837614,,0.514,0.7708,0.7708
1692846959.873876,,0.3137,0.5984,0.5984
1692846959.905948,,0.6379,0.7576,0.7576
1692846959.938138,,0.3735,0.5893,0.5893
1692846959.973819,,0.6383,0.746,0.746
1692846960.037723,,0.5138,0.7474,0.7474
1692846960.074178,,0.3292,0.634,0.634
1692846960.105604,,0.6144,0.6549,0.6549
1692846960.137540,,0.5017,0.7036,0.7036
1692846960.173609,,0.491,0.6671,0.6671
1692846960.205606,,0.5457,0.7031,0.7031
1692846960.237855,,0.3401,0.577,0.577
1692846960.273583,,0.4105,0.7588,0.7588
1692846960.305927,,0.6413,0.7637,0.7637
1692846960.337518,,0.4457,0.5446,0.5446
1692846960.373614,,0.4737,0.7231,0.7231
1692846960.405657,,0.6555,0.7607,0.7607
1692846960.437653,,0.4252,0.5061,0.5061
1692846960.473610,,0.6416,0.7724,0.7724
1692846960.505736,,0.4087,0.5993,0.5993
1692846960.538000,,0.6285,0.7679,0.7679
1692846960.573541,,0.3761,0.6702,0.6702
1692846960.605727,,0.3892,0.6901,0.6901
1692846960.637707,,0.3663,0.6295,0.6295
1692846960.673715,,0.5495,0.6948,0.6948
1692846960.705526,,0.3613,0.7396,0.7396
1692846960.737687,,0.6924,0.7634,0.7634
1692846960.773674,,0.3765,0.7889,0.7889
1692846960.805639,,0.7042,0.7717,0.7717
1692846960.837665,,0.4726,0.7564,0.7564
1692846960.873628,,0.673,0.7652,0.7652
1692846960.905504,,0.6834,0.7788,0.7788
1692846960.937620,,0.6677,0.7504,0.7504
1692846960.973488,,0.6048,0.7549,0.7549
1692846961.005562,,0.7265,0.7586,0.7586
1692846961.037599,,0.7265,0.7646,0.7646
1692846961.073553,,0.7076,0.773,0.773
1692846961.105664,,0.6178,0.7353,0.7353
1692846961.137839,,0.7018,0.7543,0.7543
1692846961.173944,,0.6468,0.7792,0.7792
1692846961.205678,,0.6564,0.742,0.742
1692846961.237700,,0.5694,0.689,0.689
1692846961.274016,,0.638,0.7411,0.7411
1692846961.305895,,0.6991,0.7439,0.7439
1692846961.337598,,0.6287,0.7121,0.7121
1692846961.373513,,0.6776,0.7216,0.7216
1692846961.405540,,0.6016,0.7625,0.7625
1692846961.437563,,0.4579,0.6126,0.6126
1692846961.473424,,0.6824,0.7696,0.7696
1692846961.505519,,0.6613,0.7262,0.7262
1692846961.537500,,0.6972,0.7166,0.7166
1692846961.573797,,0.4955,0.7113,0.7113
1692846961.605522,,0.6893,0.5872,0.6893
1692846961.637602,,0.6736,0.7875,0.7875
1692846961.673515,,0.7021,0.7724,0.7724
1692846961.705542,,0.6953,0.7601,0.7601
1692846961.737638,,0.6835,0.7535,0.7535
1692846961.773726,,0.4113,0.5947,0.5947
1692846961.805611,,0.7294,0.7251,0.7294
1692846961.837543,,0.7085,0.7608,0.7608
1692846961.873849,,0.7184,0.6931,0.7184
1692846961.905521,,0.7206,0.7522,0.7522
1692846961.937698,,0.7124,0.7295,0.7295
1692846961.973895,,0.6973,0.7414,0.7414
1692846962.005711,,0.7612,0.7737,0.7737
1692846962.037820,,0.7077,0.698,0.7077
1692846962.073625,,0.734,0.7524,0.7524
1692846962.105733,,0.7468,0.7582,0.7582
1692846962.137693,,0.7607,0.7691,0.7691
1692846962.173550,,0.7267,0.7437,0.7437
1692846962.208344,,0.7664,0.7583,0.7664
1692846962.237530,,0.736,0.7603,0.7603
1692846962.273555,,0.747,0.7732,0.7732
1692846962.305566,,0.7575,0.7757,0.7757
1692846962.337901,,0.7619,0.7895,0.7895
1692846962.374317,,0.74,0.7711,0.7711
1692846962.406083,,0.7305,0.6931,0.7305
1692846962.437664,,0.7468,0.7801,0.7801
1692846962.473800,,0.7006,0.6837,0.7006
1692846962.505862,,0.7361,0.7713,0.7713
1692846962.537518,,0.754,0.7842,0.7842
1692846962.573509,,0.7678,0.6484,0.7678
1692846962.605641,,0.7601,0.7727,0.7727
1692846962.637510,,0.7535,0.7338,0.7535
1692846962.673554,,0.7602,0.771,0.771
1692846962.705568,,0.7585,0.7843,0.7843
1692846962.737608,,0.7294,0.6732,0.7294
1692846962.773963,,0.7764,0.7391,0.7764
1692846962.805564,,0.7604,0.7485,0.7604
1692846962.837624,,0.7353,0.7429,0.7429
1692846962.873547,,0.7525,0.7556,0.7556
1692846962.905590,,0.7236,0.7632,0.7632
1692846962.937589,,0.771,0.8086,0.8086
1692846962.973481,,0.7269,0.7773,0.7773
1692846963.005635,,0.7422,0.7565,0.7565
1692846963.037556,,0.7449,0.77,0.77
1692846963.073737,,0.7393,0.7686,0.7686
1692846963.105493,,0.7393,0.7912,0.7912
1692846963.137624,,0.6797,0.7234,0.7234
1692846963.173821,,0.7656,0.7938,0.7938
1692846963.205524,,0.7686,0.7835,0.7835
1692846963.237518,,0.7247,0.7337,0.7337
1692846963.273472,,0.7526,0.7601,0.7601
1692846963.305559,,0.7168,0.7362,0.7362
1692846963.337569,,0.6876,0.7329,0.7329
1692846963.373511,,0.7162,0.7251,0.7251
1692846963.405553,,0.7333,0.7352,0.7352
1692846963.437521,,0.6971,0.7023,0.7023
1692846963.473845,,0.6834,0.7313,0.7313
1692846963.505585,,0.6888,0.7538,0.7538
1692846963.537635,,0.7151,0.7623,0.7623
1692846963.573692,,0.6698,0.7687,0.7687
1692846963.605736,,0.6952,0.7778,0.7778
1692846963.637751,,0.5988,0.6718,0.6718
1692846963.673573,,0.6267,0.6851,0.6851
1692846963.705610,,0.6391,0.6854,0.6854
1692846963.737561,,0.705,0.7435,0.7435
1692846963.773798,,0.7203,0.7582,0.7582
1692846963.805566,,0.6335,0.7505,0.7505
1692846963.837694,,0.682,0.782,0.782
1692846963.873580,,0.6812,0.7825,0.7825
1692846963.905522,,0.6411,0.7454,0.7454
1692846963.937532,,0.6894,0.7558,0.7558
1692846963.973591,,0.7119,0.7578,0.7578
1692846964.005556,,0.709,0.7629,0.7629
1692846964.037541,,0.6402,0.7291,0.7291
1692846964.073525,,0.6802,0.7561,0.7561
1692846964.105564,,0.7332,0.7536,0.7536
1692846964.137515,,0.7018,0.6948,0.7018
1692846964.173607,,0.6872,0.7796,0.7796
1692846964.205520,,0.7071,0.7776,0.7776
1692846964.237515,,0.7343,0.8065,0.8065
1692846964.273602,,0.7282,0.7926,0.7926
1692846964.305469,,0.7515,0.7865,0.7865
1692846964.337458,,0.7526,0.7353,0.7526
1692846964.373590,,0.7198,0.6963,0.7198
1692846964.405629,,0.7499,0.7394,0.7499
1692846964.437822,,0.7368,0.7545,0.7545
1692846964.473787,,0.7259,0.7506,0.7506
1692846964.506057,,0.747,0.7551,0.7551
1692846964.537916,,0.6875,0.7498,0.7498
1692846964.574263,,0.7236,0.7537,0.7537
1692846964.605634,,0.7274,0.7425,0.7425
1692846964.638168,,0.7413,0.7098,0.7413
1692846964.673573,,0.719,0.722,0.722
1692846964.705605,,0.7388,0.7683,0.7683
1692846964.737606,,0.7419,0.7901,0.7901
1692846964.773565,,0.7199,0.7734,0.7734
1692846964.805601,,0.7016,0.7196,0.7196
1692846964.837912,,0.727,0.7689,0.7689
1692846964.873561,,0.719,0.7575,0.7575
1692846964.905718,,0.762,0.7702,0.7702
1692846964.938123,,0.7693,0.7753,0.7753
1692846964.973477,,0.7519,0.7653,0.7653
1692846965.005706,,0.7191,0.7691,0.7691
1692846965.037457,,0.7007,0.7382,0.7382
1692846965.073650,,0.7286,0.7583,0.7583
1692846965.105796,,0.7184,0.7812,0.7812
1692846965.137655,,0.7057,0.7886,0.7886
1692846965.173601,,0.7061,0.7489,0.7489
1692846965.205707,,0.7292,0.7488,0.7488
1692846965.237743,,0.7078,0.7552,0.7552
1692846965.273541,,0.7436,0.7521,0.7521
1692846965.305898,,0.7279,0.7571,0.7571
1692846965.337672,,0.7363,0.7539,0.7539
1692846965.373440,,0.7223,0.7699,0.7699
1692846965.405924,,0.7209,0.7435,0.7435
1692846965.437744,,0.721,0.7595,0.7595
1692846965.473991,,0.7371,0.7831,0.7831
1692846965.505563,,0.7001,0.7829,0.7829
1692846965.537565,,0.7273,0.7662,0.7662
1692846965.573459,,0.6875,0.7159,0.7159
1692846965.605517,,0.6838,0.7173,0.7173
1692846965.637556,,0.7121,0.708,0.7121
1692846965.673837,,0.7568,0.6818,0.7568
1692846965.705557,,0.7312,0.7114,0.7312
1692846965.737592,,0.6765,0.7317,0.7317
1692846965.773495,,0.5666,0.7178,0.7178
1692846965.805516,,0.6023,0.7168,0.7168
1692846965.837593,,0.6571,0.6928,0.6928
1692846965.873484,,0.6608,0.7335,0.7335
1692846965.906096,,0.6306,0.7582,0.7582
1692846965.937593,,0.605,0.7424,0.7424
1692846965.973514,,0.4355,0.5328,0.5328
1692846966.005821,,0.5261,0.647,0.647
1692846966.037810,,0.5484,0.702,0.702
1692846966.073533,,0.4965,0.701,0.701
1692846966.105722,,0.4224,0.6621,0.6621
1692846966.137619,,0.611,0.6764,0.6764
1692846966.173564,,0.4558,0.5564,0.5564
1692846966.205527,,0.6606,0.7324,0.7324
1692846966.237619,,0.68,0.7879,0.7879
1692846966.273520,,0.6838,0.7841,0.7841
1692846966.305523,,0.6769,0.7668,0.7668
1692846966.337579,,0.6788,0.7706,0.7706
1692846966.373494,,0.6874,0.7445,0.7445
1692846966.405530,,0.6702,0.7553,0.7553
1692846966.437624,,0.6554,0.772,0.772
1692846966.473828,,0.593,0.7315,0.7315
1692846966.505571,,0.6496,0.6966,0.6966
1692846966.537556,,0.5549,0.6955,0.6955
1692846966.573593,,0.559,0.7092,0.7092
1692846966.605607,,0.5152,0.731,0.731
1692846966.637486,,0.6827,0.7453,0.7453
1692846966.673758,,0.5746,0.7544,0.7544
1692846966.705637,,0.6596,0.751,0.751
1692846966.737546,,0.6663,0.734,0.734
1692846966.773699,,0.656,0.7126,0.7126
1692846966.805720,,0.5772,0.7197,0.7197
1692846966.837731,,0.7343,0.773,0.773
1692846966.873596,,0.7322,0.7632,0.7632
1692846966.905644,,0.7081,0.7608,0.7608
1692846966.937749,,0.6835,0.7591,0.7591
1692846966.973810,,0.6043,0.7578,0.7578
1692846967.005903,,0.6837,0.7282,0.7282
1692846967.037597,,0.7,0.743,0.743
1692846967.073710,,0.6055,0.6869,0.6869
1692846967.105971,,0.6855,0.7546,0.7546
1692846967.137636,,0.68,0.7561,0.7561
1692846967.173713,,0.7041,0.7757,0.7757
1692846967.206175,,0.4622,0.7415,0.7415
1692846967.238144,,0.7183,0.7448,0.7448
1692846967.273844,,0.4368,0.658,0.658
1692846967.305990,,0.463,0.7368,0.7368
1692846967.337642,,0.4934,0.6639,0.6639
1692846967.373464,,0.7028,0.7497,0.7497
1692846967.405622,,0.3416,0.6311,0.6311
1692846967.437495,,0.5097,0.7137,0.7137
1692846967.473142,,0.6639,0.6375,0.6639
1692846967.505143,,0.6952,0.7574,0.7574
1692846967.536952,,0.3339,0.5236,0.5236
1692846967.573262,,0.5866,0.7404,0.7404
1692846967.605250,,0.5463,0.7376,0.7376
1692846967.637226,,0.4478,0.7575,0.7575
1692846967.673205,,0.6186,0.7623,0.7623
1692846967.705457,,0.6994,0.785,0.785
1692846967.737096,,0.6378,0.7795,0.7795
1692846967.773018,,0.6918,0.7747,0.7747
1692846967.805343,,0.5573,0.7816,0.7816
1692846967.837341,,0.6879,0.7653,0.7653
1692846967.873056,,0.6967,0.7569,0.7569
1692846967.905296,,0.6022,0.782,0.782
1692846967.937074,,0.7218,0.7972,0.7972
1692846967.973014,,0.5554,0.766,0.766
1692846968.005299,,0.601,0.8175,0.8175
1692846968.037085,,0.7099,0.756,0.756
1692846968.073133,,0.5549,0.731,0.731
1692846968.105310,,0.6664,0.7726,0.7726
1692846968.137144,,0.6917,0.7552,0.7552
1692846968.173305,,0.654,0.7386,0.7386
1692846968.205184,,0.6859,0.7543,0.7543
1692846968.237368,,0.6366,0.7317,0.7317
1692846968.273495,,0.6872,0.7412,0.7412
1692846968.305349,,0.7068,0.7257,0.7257
1692846968.337041,,0.7374,0.7055,0.7374
1692846968.373208,,0.7396,0.7543,0.7543
1692846968.405341,,0.6887,0.7197,0.7197
1692846968.437466,,0.7609,0.7569,0.7609
1692846968.473338,,0.6975,0.7659,0.7659
1692846968.505365,,0.6859,0.7244,0.7244
1692846968.537284,,0.7457,0.7465,0.7465
1692846968.573051,,0.6029,0.7465,0.7465
1692846968.605129,,0.708,0.7691,0.7691
1692846968.637084,,0.5291,0.7002,0.7002
1692846968.673246,,0.683,0.7542,0.7542
1692846968.705254,,0.6667,0.7311,0.7311
1692846968.737067,,0.7342,0.7798,0.7798
1692846968.773389,,0.7008,0.7527,0.7527
1692846968.805275,,0.7134,0.7557,0.7557
1692846968.837299,,0.6971,0.7646,0.7646
1692846968.872994,,0.6932,0.747,0.747
1692846968.905142,,0.6353,0.7529,0.7529
1692846968.937103,,0.5606,0.7384,0.7384
1692846968.973358,,0.6261,0.7438,0.7438
1692846969.005218,,0.6052,0.6766,0.6766
1692846969.037284,,0.4466,0.6602,0.6602
1692846969.073313,,0.5193,0.7089,0.7089
1692846969.105262,,0.5035,0.5262,0.5262
1692846969.137334,,0.3837,0.5,0.5
1692846969.173756,,0.6646,0.652,0.6646
1692846969.205270,,0.5357,0.5856,0.5856
1692846969.237418,,0.7125,0.6441,0.7125
1692846969.273451,,0.6402,0.7279,0.7279
1692846969.305593,,0.4834,0.5243,0.5243
1692846969.337469,,0.6832,0.7086,0.7086
1692846969.373939,,0.5153,0.6644,0.6644
1692846969.405391,,0.5863,0.6662,0.6662
1692846969.437465,,0.3892,0.666,0.666
1692846969.473714,,0.6179,0.4824,0.6179
1692846969.505235,,0.6708,0.7243,0.7243
1692846969.537526,,0.6026,0.7411,0.7411
1692846969.573297,,0.6669,0.5847,0.6669
1692846969.605377,,0.6775,0.754,0.754
1692846969.637843,,0.6711,0.7617,0.7617
1692846969.673077,,0.7455,0.7597,0.7597
1692846969.705524,,0.6678,0.7299,0.7299
1692846969.737454,,0.5614,0.6655,0.6655
1692846969.773250,,0.5945,0.6418,0.6418
1692846969.805342,,0.7333,0.723,0.7333
1692846969.837323,,0.6986,0.7387,0.7387
1692846969.873430,,0.6675,0.7046,0.7046
1692846969.905244,,0.7244,0.7426,0.7426
1692846969.937155,,0.7161,0.7452,0.7452
1692846969.973301,,0.6665,0.6866,0.6866
1692846970.005374,,0.6932,0.7607,0.7607
1692846970.037333,,0.7198,0.7422,0.7422
1692846970.077627,,0.6656,0.7319,0.7319
1692846970.109648,,0.7391,0.7465,0.7465
1692846970.141527,,0.7094,0.7465,0.7465
1692846970.177505,,0.6598,0.7488,0.7488
1692846970.209462,,0.7355,0.755,0.755
1692846970.241551,,0.5903,0.7115,0.7115
1692846970.277347,,0.6651,0.7356,0.7356
1692846970.309611,,0.7115,0.7641,0.7641
1692846970.341611,,0.5919,0.7204,0.7204
1692846970.377317,,0.7135,0.7262,0.7262
1692846970.404886,,0.7042,0.7489,0.7489
1692846970.437536,,0.5342,0.7182,0.7182
1692846970.473671,,0.7154,0.7363,0.7363
1692846970.505574,,0.7118,0.7248,0.7248
1692846970.537673,,0.6662,0.6979,0.6979
1692846970.573606,,0.667,0.7356,0.7356
1692846970.605745,,0.6904,0.7295,0.7295
1692846970.637668,,0.6627,0.7226,0.7226
1692846970.673651,,0.7085,0.7552,0.7552
1692846970.705485,,0.6142,0.6013,0.6142
1692846970.737580,,0.6358,0.7555,0.7555
1692846970.773716,,0.6074,0.7032,0.7032
1692846970.805730,,0.6217,0.6946,0.6946
1692846970.837792,,0.5975,0.6625,0.6625
1692846970.873595,,0.6461,0.7657,0.7657
1692846970.905906,,0.547,0.6326,0.6326
1692846970.937576,,0.6094,0.6508,0.6508
1692846970.973655,,0.6546,0.7426,0.7426
1692846971.005509,,0.5905,0.5859,0.5905
1692846971.037952,,0.5846,0.6865,0.6865
1692846971.073495,,0.6597,0.6746,0.6746
1692846971.105790,,0.59,0.5099,0.59
1692846971.137815,,0.5293,0.5814,0.5814
1692846971.173486,,0.6414,0.6658,0.6658
1692846971.205483,,0.6115,0.7948,0.7948
1692846971.237653,,0.6077,0.5785,0.6077
1692846971.273754,,0.5543,0.6831,0.6831
1692846971.305645,,0.5375,0.7378,0.7378
1692846971.337735,,0.6557,0.5333,0.6557
1692846971.373545,,0.6127,0.7281,0.7281
1692846971.405563,,0.6104,0.4048,0.6104
1692846971.437811,,0.6088,0.5892,0.6088
1692846971.473796,,0.6248,0.5149,0.6248
1692846971.506153,,0.6367,0.3297,0.6367
1692846971.537702,,0.7099,0.5485,0.7099
1692846971.573802,,0.6435,0.4435,0.6435
1692846971.605842,,0.6673,0.4152,0.6673
1692846971.637679,,0.6613,0.5625,0.6613
1692846971.673731,,0.6435,0.572,0.6435
1692846971.705581,,0.6758,0.4708,0.6758
1692846971.737599,,0.6709,0.6205,0.6709
1692846971.773788,,0.7425,0.7844,0.7844
1692846971.805603,,0.7486,0.8037,0.8037
1692846971.837528,,0.761,0.7627,0.7627
1692846971.873671,,0.7125,0.7167,0.7167
1692846971.905624,,0.6821,0.7261,0.7261
1692846971.937698,,0.6968,0.5015,0.6968
1692846971.973611,,0.6341,0.49,0.6341
1692846972.006449,,0.7079,0.7438,0.7438
1692846972.038200,,0.7132,0.7692,0.7692
1692846972.073658,,0.6933,0.7474,0.7474
1692846972.105647,,0.6211,0.7342,0.7342
1692846972.137743,,0.6677,0.7528,0.7528
1692846972.173612,,0.6364,0.7519,0.7519
1692846972.205527,,0.665,0.8033,0.8033
1692846972.237497,,0.636,0.7983,0.7983
1692846972.273483,,0.6685,0.6416,0.6685
1692846972.305900,,0.6674,0.558,0.6674
1692846972.337614,,0.7241,0.7254,0.7254
1692846972.373871,,0.6918,0.666,0.6918
1692846972.405707,,0.7087,0.4541,0.7087
1692846972.437568,,0.6624,0.502,0.6624
1692846972.473451,,0.5788,0.573,0.5788
1692846972.505543,,0.6033,0.5658,0.6033
1692846972.537651,,0.5001,0.741,0.741
1692846972.573685,,0.6586,0.6555,0.6586
1692846972.605637,,0.6037,0.6523,0.6523
1692846972.637576,,0.7001,0.6571,0.7001
1692846972.673477,,0.6093,0.6368,0.6368
1692846972.705765,,0.6446,0.7263,0.7263
1692846972.737646,,0.7131,0.7408,0.7408
1692846972.773729,,0.6961,0.6459,0.6961
1692846972.805560,,0.6381,0.7647,0.7647
1692846972.837598,,0.7078,0.7756,0.7756
1692846972.873492,,0.6327,0.7734,0.7734
1692846972.905607,,0.5834,0.8042,0.8042
1692846972.937670,,0.6876,0.7243,0.7243
1692846972.973505,,0.7072,0.7931,0.7931
1692846973.005479,,0.7226,0.8207,0.8207
1692846973.037511,,0.7534,0.787,0.787
1692846973.073502,,0.7568,0.7991,0.7991
1692846973.105548,,0.7277,0.797,0.797
1692846973.137602,,0.719,0.7704,0.7704
1692846973.173725,,0.6976,0.7752,0.7752
1692846973.205735,,0.72,0.7918,0.7918
1692846973.237813,,0.7506,0.7876,0.7876
1692846973.273564,,0.7465,0.7918,0.7918
1692846973.305925,,0.7062,0.809,0.809
1692846973.337689,,0.708,0.7904,0.7904
1692846973.373931,,0.7423,0.7862,0.7862
1692846973.405542,,0.755,0.7893,0.7893
1692846973.437573,,0.7603,0.7981,0.7981
1692846973.473496,,0.7486,0.8131,0.8131
1692846973.505647,,0.7301,0.7952,0.7952
1692846973.537510,,0.7439,0.7516,0.7516
1692846973.573548,,0.713,0.7925,0.7925
1692846973.605851,,0.7209,0.8001,0.8001
1692846973.637901,,0.7016,0.7819,0.7819
1692846973.673862,,0.7301,0.7971,0.7971
1692846973.705935,,0.7401,0.7447,0.7447
1692846973.737809,,0.7147,0.7704,0.7704
1692846973.773592,,0.7517,0.7808,0.7808
1692846973.805876,,0.7437,0.8007,0.8007
1692846973.837854,,0.7611,0.8105,0.8105
1692846973.873644,,0.7467,0.806,0.806
1692846973.905741,,0.7308,0.8089,0.8089
1692846973.937787,,0.7258,0.8055,0.8055
1692846973.973864,,0.7515,0.8096,0.8096
1692846974.005866,,0.7658,0.7667,0.7667
1692846974.037916,,0.7317,0.7556,0.7556
1692846974.073541,,0.7511,0.7507,0.7511
1692846974.105762,,0.7379,0.7475,0.7475
1692846974.137706,,0.7419,0.7397,0.7419
1692846974.173678,,0.7416,0.7318,0.7416
1692846974.205868,,0.7298,0.7304,0.7304
1692846974.237817,,0.7256,0.6995,0.7256
1692846974.273582,,0.749,0.7561,0.7561
1692846974.305624,,0.7524,0.7671,0.7671
1692846974.337594,,0.7503,0.7653,0.7653
1692846974.373568,,0.7435,0.7245,0.7435
1692846974.406040,,0.7265,0.7024,0.7265
1692846974.438068,,0.7279,0.748,0.748
1692846974.473868,,0.7344,0.7376,0.7376
1692846974.505704,,0.7404,0.7198,0.7404
1692846974.538136,,0.7333,0.7575,0.7575
1692846974.573724,,0.7268,0.7537,0.7537
1692846974.605613,,0.7249,0.7353,0.7353
1692846974.637557,,0.7135,0.6949,0.7135
1692846974.673547,,0.7287,0.6736,0.7287
1692846974.705538,,0.7361,0.7287,0.7361
1692846974.737528,,0.7046,0.7215,0.7215
1692846974.773754,,0.7109,0.7353,0.7353
1692846974.805638,,0.7035,0.7019,0.7035
1692846974.837674,,0.6917,0.7087,0.7087
1692846974.873698,,0.7022,0.6613,0.7022
1692846974.905527,,0.707,0.6521,0.707
1692846974.937581,,0.6991,0.6834,0.6991
1692846974.973851,,0.7005,0.7058,0.7058
1692846975.005612,,0.7066,0.7352,0.7352
1692846975.037682,,0.6947,0.708,0.708
1692846975.073494,,0.7146,0.67,0.7146
1692846975.105631,,0.6997,0.6422,0.6997
1692846975.137527,,0.6842,0.7157,0.7157
1692846975.173494,,0.7239,0.7571,0.7571
1692846975.205518,,0.7292,0.7523,0.7523
1692846975.237523,,0.7154,0.7246,0.7246
1692846975.273496,,0.733,0.7191,0.733
1692846975.305764,,0.6879,0.6911,0.6911
1692846975.337535,,0.7028,0.7267,0.7267
1692846975.373756,,0.7184,0.7269,0.7269
1692846975.405589,,0.7306,0.7354,0.7354
1692846975.437511,,0.699,0.7397,0.7397
1692846975.473510,,0.6949,0.7266,0.7266
1692846975.505543,,0.7336,0.7055,0.7336
1692846975.537577,,0.6967,0.6569,0.6967
1692846975.574054,,0.7313,0.7219,0.7313
1692846975.606109,,0.7277,0.7246,0.7277
1692846975.638216,,0.7098,0.7168,0.7168
1692846975.673732,,0.716,0.7179,0.7179
1692846975.705805,,0.7215,0.7078,0.7215
1692846975.737586,,0.7323,0.712,0.7323
1692846975.773625,,0.7361,0.7411,0.7411
1692846975.805602,,0.707,0.7125,0.7125
1692846975.837593,,0.7221,0.6441,0.7221
1692846975.873500,,0.7039,0.627,0.7039
1692846975.905592,,0.7032,0.6805,0.7032
1692846975.939224,,0.7226,0.7086,0.7226
1692846975.973516,,0.7287,0.7194,0.7287
1692846976.005619,,0.7344,0.6387,0.7344
1692846976.037640,,0.6912,0.6109,0.6912
1692846976.073506,,0.7022,0.6302,0.7022
1692846976.105746,,0.7244,0.6949,0.7244
1692846976.137825,,0.7296,0.7138,0.7296
1692846976.173711,,0.7228,0.6973,0.7228
1692846976.205832,,0.7006,0.6413,0.7006
1692846976.237834,,0.6942,0.6292,0.6942
1692846976.273493,,0.6988,0.6135,0.6988
1692846976.305660,,0.6819,0.6961,0.6961
1692846976.337525,,0.6767,0.6997,0.6997
1692846976.373452,,0.7053,0.7026,0.7053
1692846976.405559,,0.7055,0.6755,0.7055
1692846976.437683,,0.7001,0.6813,0.7001
1692846976.473488,,0.72,0.6769,0.72
1692846976.505778,,0.7517,0.6965,0.7517
1692846976.537645,,0.6892,0.6885,0.6892
1692846976.573625,,0.6784,0.6644,0.6784
1692846976.605644,,0.7007,0.6942,0.7007
1692846976.637906,,0.7121,0.6796,0.7121
1692846976.673622,,0.7336,0.7213,0.7336
1692846976.705661,,0.7285,0.7092,0.7285
1692846976.737560,,0.7145,0.7008,0.7145
1692846976.773414,,0.7169,0.6975,0.7169
1692846976.805593,,0.7362,0.6793,0.7362
1692846976.838156,,0.7333,0.6866,0.7333
1692846976.873686,,0.7098,0.6668,0.7098
1692846976.905527,,0.6943,0.6496,0.6943
1692846976.937765,,0.7122,0.702,0.7122
1692846976.973794,,0.726,0.7206,0.726
1692846977.005782,,0.7217,0.6878,0.7217
1692846977.037873,,0.6907,0.6337,0.6907
1692846977.073613,,0.6906,0.6366,0.6906
1692846977.105621,,0.7076,0.6736,0.7076
1692846977.137661,,0.7061,0.7019,0.7061
1692846977.174113,,0.7047,0.6737,0.7047
1692846977.205815,,0.6991,0.6734,0.6991
1692846977.238008,,0.7132,0.6622,0.7132
1692846977.273774,,0.6931,0.6723,0.6931
1692846977.305909,,0.7029,0.6836,0.7029
1692846977.337578,,0.7083,0.7083,0.7083
1692846977.373526,,0.7268,0.6959,0.7268
1692846977.405759,,0.7106,0.706,0.7106
1692846977.437557,,0.7009,0.7066,0.7066
1692846977.473592,,0.7087,0.7017,0.7087
1692846977.505606,,0.7032,0.7069,0.7069
1692846977.538118,,0.7282,0.6972,0.7282
1692846977.573722,,0.7066,0.6692,0.7066
1692846977.605467,,0.7157,0.6938,0.7157
1692846977.637503,,0.6865,0.695,0.695
1692846977.673544,,0.7391,0.7295,0.7391
1692846977.705471,,0.724,0.7222,0.724
1692846977.737494,,0.6899,0.6969,0.6969
1692846977.773559,,0.6816,0.6947,0.6947
1692846977.805605,,0.6616,0.6286,0.6616
1692846977.837485,,0.7102,0.7087,0.7102
1692846977.873565,,0.7208,0.7122,0.7208
1692846977.905537,,0.7095,0.7051,0.7095
1692846977.937601,,0.681,0.6972,0.6972
1692846977.974081,,0.6834,0.6994,0.6994
1692846978.006035,,0.6892,0.6922,0.6922
1692846978.038036,,0.7223,0.7225,0.7225
1692846978.073669,,0.6983,0.711,0.711
1692846978.105845,,0.6865,0.7063,0.7063
1692846978.137532,,0.6682,0.6858,0.6858
1692846978.173487,,0.6836,0.7063,0.7063
1692846978.205477,,0.7006,0.6989,0.7006
1692846978.237498,,0.6822,0.7045,0.7045
1692846978.273517,,0.6667,0.6383,0.6667
1692846978.305696,,0.6292,0.6809,0.6809
1692846978.337552,,0.6709,0.684,0.684
1692846978.373497,,0.7081,0.7026,0.7081
1692846978.405708,,0.7072,0.7028,0.7072
1692846978.437581,,0.6646,0.6877,0.6877
1692846978.473663,,0.6476,0.6826,0.6826
1692846978.505593,,0.6557,0.6774,0.6774
1692846978.537666,,0.6404,0.6551,0.6551
1692846978.573483,,0.666,0.6695,0.6695
1692846978.605866,,0.6921,0.695,0.695
1692846978.637523,,0.6724,0.6484,0.6724
1692846978.673686,,0.6241,0.6253,0.6253
1692846978.705652,,0.6164,0.6552,0.6552
1692846978.737632,,0.6713,0.6608,0.6713
1692846978.773584,,0.6628,0.6839,0.6839
1692846978.805662,,0.6627,0.6718,0.6718
1692846978.837740,,0.6351,0.6637,0.6637
1692846978.873578,,0.644,0.6418,0.644
1692846978.906321,,0.6794,0.6588,0.6794
1692846978.937752,,0.6504,0.567,0.6504
1692846978.973469,,0.6852,0.6623,0.6852
1692846979.005746,,0.6567,0.6849,0.6849
1692846979.037980,,0.6048,0.669,0.669
1692846979.073527,,0.6338,0.6735,0.6735
1692846979.105573,,0.6393,0.632,0.6393
1692846979.138151,,0.6313,0.6317,0.6317
1692846979.178213,,0.6596,0.6184,0.6596
1692846979.210202,,0.6382,0.6701,0.6701
1692846979.242214,,0.6222,0.6546,0.6546
1692846979.278023,,0.6206,0.6364,0.6364
1692846979.310181,,0.6146,0.6589,0.6589
1692846979.342353,,0.6778,0.6595,0.6778
1692846979.378199,,0.6311,0.6667,0.6667
1692846979.410222,,0.7358,0.6148,0.7358
1692846979.442158,,0.5651,0.598,0.598
1692846979.478139,,0.5812,0.6376,0.6376
1692846979.510285,,0.6694,0.5667,0.6694
1692846979.537063,,0.6775,0.5715,0.6775
1692846979.573234,,0.6427,0.5677,0.6427
1692846979.605340,,0.6538,0.599,0.6538
1692846979.637289,,0.6507,0.5935,0.6507
1692846979.673275,,0.7157,0.5957,0.7157
1692846979.705383,,0.672,0.6068,0.672
1692846979.737382,,0.6373,0.5974,0.6373
1692846979.773294,,0.6536,0.608,0.6536
1692846979.805431,,0.7144,0.5918,0.7144
1692846979.837499,,0.7004,0.5746,0.7004
1692846979.873370,,0.6121,0.6102,0.6121
1692846979.905369,,0.7358,0.6471,0.7358
1692846979.937419,,0.6423,0.5047,0.6423
1692846979.973322,,0.6699,0.5199,0.6699
1692846980.005528,,0.7166,0.5056,0.7166
1692846980.037353,,0.6595,0.6292,0.6595
1692846980.073325,,0.6447,0.543,0.6447
1692846980.105620,,0.7427,0.5585,0.7427
1692846980.137384,,0.6976,0.5614,0.6976
1692846980.173328,,0.6994,0.5981,0.6994
1692846980.206832,,0.7012,0.4485,0.7012
1692846980.237435,,0.6643,0.5205,0.6643
1692846980.273332,,0.6853,0.449,0.6853
1692846980.305422,,0.7873,0.5621,0.7873
1692846980.337795,,0.7455,0.5826,0.7455
1692846980.373468,,0.7773,0.5852,0.7773
1692846980.405733,,0.7719,0.5828,0.7719
1692846980.437568,,0.7013,0.5986,0.7013
1692846980.473684,,0.7112,0.5981,0.7112
1692846980.505585,,0.6322,0.5782,0.6322
1692846980.537388,,0.7138,0.6248,0.7138
1692846980.573922,,0.7392,0.5711,0.7392
1692846980.605358,,0.7456,0.5219,0.7456
1692846980.637442,,0.6717,0.5259,0.6717
1692846980.673465,,0.6769,0.474,0.6769
1692846980.705451,,0.6624,0.5604,0.6624
1692846980.737850,,0.6269,0.571,0.6269
1692846980.773470,,0.6737,0.5788,0.6737
1692846980.805481,,0.7984,0.5828,0.7984
1692846980.837470,,0.7648,0.5597,0.7648
1692846980.873329,,0.7104,0.6284,0.7104
1692846980.905646,,0.6503,0.5899,0.6503
1692846980.937388,,0.7237,0.3966,0.7237
1692846980.973404,,0.7558,0.493,0.7558
1692846981.005522,,0.7149,0.4978,0.7149
1692846981.037388,,0.7468,0.6389,0.7468
1692846981.073461,,0.7488,0.5385,0.7488
1692846981.105422,,0.7047,0.5826,0.7047
1692846981.137550,,0.7086,0.4555,0.7086
1692846981.173305,,0.7357,0.5179,0.7357
1692846981.205647,,0.6575,0.4923,0.6575
1692846981.237624,,0.7677,0.5373,0.7677
1692846981.273461,,0.6917,0.4859,0.6917
1692846981.305597,,0.6863,0.588,0.6863
1692846981.337812,,0.6965,0.5519,0.6965
1692846981.374033,,0.5014,0.5324,0.5324
1692846981.405460,,0.6672,0.5686,0.6672
1692846981.437584,,0.7241,0.4802,0.7241
1692846981.473336,,0.7597,0.606,0.7597
1692846981.505525,,0.6889,0.4813,0.6889
1692846981.537610,,0.7879,0.5857,0.7879
1692846981.573416,,0.6234,0.5351,0.6234
1692846981.605524,,0.8082,0.3665,0.8082
1692846981.637429,,0.5285,0.5661,0.5661
1692846981.673350,,0.6751,0.5498,0.6751
1692846981.705368,,0.737,0.5007,0.737
1692846981.737548,,0.7711,0.7095,0.7711
1692846981.773402,,0.7403,0.5562,0.7403
1692846981.805588,,0.7698,0.5073,0.7698
1692846981.837335,,0.6359,0.5531,0.6359
1692846981.873281,,0.7435,0.5779,0.7435
1692846981.905646,,0.7603,0.6387,0.7603
1692846981.973591,,0.7669,0.6074,0.7669
1692846982.005476,,0.6909,0.4537,0.6909
1692846982.037381,,0.7193,0.5759,0.7193
1692846982.074990,,0.5974,0.5348,0.5974
1692846982.105773,,0.7191,0.5723,0.7191
1692846982.137625,,0.6569,0.4622,0.6569
1692846982.173414,,0.7083,0.5548,0.7083
1692846982.205561,,0.5401,0.522,0.5401
1692846982.237496,,0.6188,0.506,0.6188
1692846982.273449,,0.614,0.4473,0.614
1692846982.305343,,0.5809,0.5617,0.5809
1692846982.337535,,0.6486,0.4898,0.6486
1692846982.373469,,0.6435,0.3979,0.6435
1692846982.405399,,0.6807,0.6514,0.6807
1692846982.437437,,0.6674,0.4686,0.6674
1692846982.473469,,0.7697,0.5131,0.7697
1692846982.505471,,0.6636,0.4561,0.6636
1692846982.537397,,0.4626,0.6307,0.6307
1692846982.573559,,0.599,0.5916,0.599
1692846982.605414,,0.5057,0.3925,0.5057
1692846982.637372,,0.7219,0.4791,0.7219
1692846982.673592,,0.689,0.5153,0.689
1692846982.705520,,0.6976,0.5436,0.6976
1692846982.737400,,0.3366,0.5373,0.5373
1692846982.773421,,0.6487,0.5941,0.6487
1692846982.805816,,0.6964,0.5913,0.6964
1692846982.837435,,0.4337,0.6265,0.6265
1692846982.873479,,0.6081,0.6338,0.6338
1692846982.905510,,0.5335,0.4788,0.5335
1692846982.937496,,0.4172,0.5337,0.5337
1692846982.978280,,0.631,0.4434,0.631
1692846983.010448,,0.6678,0.6387,0.6678
1692846983.042460,,0.683,0.5369,0.683
1692846983.078272,,0.3734,0.445,0.445
1692846983.110388,,0.3586,0.5048,0.5048
1692846983.137151,,0.5156,0.6613,0.6613
1692846983.173142,,0.5996,0.4366,0.5996
1692846983.205078,,0.5469,0.4455,0.5469
1692846983.237096,,0.5784,0.5201,0.5784
1692846983.273012,,0.6885,0.5676,0.6885
1692846983.305445,,0.3871,0.5526,0.5526
1692846983.337147,,0.6049,0.5826,0.6049
1692846983.373099,,0.397,0.4641,0.4641
1692846983.405239,,0.6414,0.5142,0.6414
1692846983.437093,,0.5222,0.6552,0.6552
1692846983.473077,,0.3912,0.6536,0.6536
1692846983.505079,,0.5504,0.6154,0.6154
1692846983.537223,,0.4482,0.5435,0.5435
1692846983.573651,,0.3579,0.5685,0.5685
1692846983.606076,,0.4932,0.6246,0.6246
1692846983.637661,,0.4112,0.5738,0.5738
1692846983.673313,,0.5509,0.5989,0.5989
1692846983.705452,,0.5626,0.5631,0.5631
1692846983.737629,,0.4132,0.4563,0.4563
1692846983.773596,,0.4005,0.5745,0.5745
1692846983.805660,,0.4388,0.5651,0.5651
1692846983.837665,,0.4563,0.487,0.487
1692846983.873571,,0.4639,0.5356,0.5356
1692846983.905587,,0.3953,0.5552,0.5552
1692846983.937488,,0.4283,0.6158,0.6158
1692846983.973314,,0.3506,0.5045,0.5045
1692846984.005502,,0.4425,0.4879,0.4879
1692846984.037591,,0.3853,0.6083,0.6083
1692846984.073422,,0.3757,0.6133,0.6133
1692846984.105412,,0.4819,0.5297,0.5297
1692846984.137481,,0.4218,0.4629,0.4629
1692846984.173415,,0.4494,0.4373,0.4494
1692846984.205461,,0.6185,0.5083,0.6185
1692846984.238708,,0.4449,0.5879,0.5879
1692846984.273325,,0.3383,0.5988,0.5988
1692846984.305478,,0.3828,0.5521,0.5521
1692846984.337297,,0.4143,0.4753,0.4753
1692846984.373433,,0.4343,0.5624,0.5624
1692846984.405552,,0.4445,0.5639,0.5639
1692846984.437474,,0.3863,0.4672,0.4672
1692846984.473461,,0.3432,0.5943,0.5943
1692846984.505606,,0.5037,0.5391,0.5391
1692846984.537534,,0.43,0.5558,0.5558
1692846984.573386,,0.4132,0.5758,0.5758
1692846984.605566,,0.377,0.5431,0.5431
1692846984.637514,,0.4405,0.3437,0.4405
1692846984.673409,,0.3963,0.601,0.601
1692846984.705500,,0.4037,0.4619,0.4619
1692846984.737396,,0.3605,0.5737,0.5737
1692846984.773325,,0.398,0.5331,0.5331
1692846984.805520,,0.4317,0.6574,0.6574
1692846984.837430,,0.3588,0.5597,0.5597
1692846984.873483,,0.4472,0.4645,0.4645
1692846984.905469,,0.3326,0.4793,0.4793
1692846984.937440,,0.3934,0.4679,0.4679
1692846984.973490,,0.5882,0.7097,0.7097
1692846985.005378,,0.3672,0.4593,0.4593
1692846985.037520,,0.4783,0.7174,0.7174
1692846985.073665,,0.3674,0.5937,0.5937
1692846985.105599,,0.4017,0.4772,0.4772
1692846985.137579,,0.3375,0.5658,0.5658
1692846985.173554,,0.4033,0.4634,0.4634
1692846985.205560,,0.3449,0.5805,0.5805
1692846985.237565,,0.3693,0.4725,0.4725
1692846985.273441,,0.4925,0.5231,0.5231
1692846985.305593,,0.4464,0.5081,0.5081
1692846985.337565,,0.3234,0.473,0.473
1692846985.373474,,0.3419,0.6252,0.6252
1692846985.405446,,0.4726,0.6121,0.6121
1692846985.437391,,0.3937,0.484,0.484
1692846985.473329,,0.4434,0.5023,0.5023
1692846985.505432,,0.4457,0.691,0.691
1692846985.537457,,0.2704,0.5211,0.5211
1692846985.573927,,0.4039,0.4975,0.4975
1692846985.605816,,0.3353,0.4792,0.4792
1692846985.637469,,0.3859,0.5487,0.5487
1692846985.673666,,0.5266,0.5599,0.5599
1692846985.705572,,0.5274,0.5969,0.5969
1692846985.737373,,0.5003,0.6816,0.6816
1692846985.773278,,0.3775,0.4597,0.4597
1692846985.805436,,0.3376,0.6074,0.6074
1692846985.837404,,0.3057,0.5441,0.5441
1692846985.873371,,0.409,0.5643,0.5643
1692846985.905416,,0.3647,0.5947,0.5947
1692846985.937438,,0.5785,0.6142,0.6142
1692846985.973784,,0.4829,0.4739,0.4829
1692846986.005564,,0.4805,0.433,0.4805
1692846986.037418,,0.3712,0.6041,0.6041
1692846986.073417,,0.5601,0.5661,0.5661
1692846986.105555,,0.5292,0.4795,0.5292
1692846986.137504,,0.4598,0.4389,0.4598
1692846986.173384,,0.5603,0.6242,0.6242
1692846986.205419,,0.4629,0.6026,0.6026
1692846986.237553,,0.4181,0.4784,0.4784
1692846986.273391,,0.3825,0.4944,0.4944
1692846986.305452,,0.5641,0.6197,0.6197
1692846986.337504,,0.4734,0.4637,0.4734
1692846986.373493,,0.4848,0.5487,0.5487
1692846986.405456,,0.4091,0.4734,0.4734
1692846986.437427,,0.4664,0.5214,0.5214
1692846986.473411,,0.5568,0.5004,0.5568
1692846986.505464,,0.501,0.6143,0.6143
1692846986.537462,,0.6163,0.4841,0.6163
1692846986.573420,,0.4562,0.5823,0.5823
1692846986.605428,,0.5116,0.6088,0.6088
1692846986.637480,,0.5828,0.5616,0.5828
1692846986.673259,,0.5175,0.5203,0.5203
1692846986.705412,,0.4817,0.5958,0.5958
1692846986.737269,,0.5176,0.4141,0.5176
1692846986.775611,,0.5709,0.5128,0.5709
1692846986.805509,,0.4919,0.5796,0.5796
1692846986.837881,,0.4311,0.4548,0.4548
1692846986.873654,,0.5002,0.5543,0.5543
1692846986.905601,,0.4674,0.4881,0.4881
1692846986.937622,,0.3851,0.5413,0.5413
1692846986.973490,,0.5291,0.6498,0.6498
1692846987.006541,,0.4627,0.5721,0.5721
1692846987.037545,,0.4225,0.5077,0.5077
1692846987.073351,,0.4182,0.5486,0.5486
1692846987.105382,,0.3959,0.4609,0.4609
1692846987.137421,,0.4378,0.4319,0.4378
1692846987.173432,,0.3697,0.5332,0.5332
1692846987.205554,,0.3173,0.461,0.461
1692846987.237525,,0.4229,0.5138,0.5138
1692846987.273355,,0.5412,0.6616,0.6616
1692846987.305458,,0.2984,0.5158,0.5158
1692846987.337471,,0.4146,0.5888,0.5888
1692846987.373567,,0.4382,0.5308,0.5308
1692846987.405500,,0.3603,0.512,0.512
1692846987.437599,,0.3782,0.5325,0.5325
1692846987.473471,,0.3731,0.5304,0.5304
1692846987.505435,,0.3473,0.5453,0.5453
1692846987.537457,,0.4185,0.523,0.523
1692846987.573448,,0.5443,0.6281,0.6281
1692846987.605847,,0.3453,0.5985,0.5985
1692846987.637582,,0.3551,0.5363,0.5363
1692846987.673596,,0.4559,0.628,0.628
1692846987.705422,,0.459,0.5728,0.5728
1692846987.737380,,0.3525,0.6974,0.6974
1692846987.773499,,0.3666,0.6188,0.6188
1692846987.805502,,0.3937,0.4761,0.4761
1692846987.837461,,0.4242,0.5748,0.5748
1692846987.873407,,0.3821,0.5796,0.5796
1692846987.905752,,0.4323,0.5297,0.5297
1692846987.937577,,0.4108,0.5596,0.5596
1692846987.973523,,0.4481,0.5361,0.5361
1692846988.005548,,0.4368,0.6064,0.6064
1692846988.037472,,0.3102,0.5559,0.5559
1692846988.073512,,0.4269,0.6339,0.6339
1692846988.105690,,0.6278,0.6782,0.6782
1692846988.137816,,0.3847,0.5437,0.5437
1692846988.173356,,0.4154,0.5819,0.5819
1692846988.205436,,0.346,0.5358,0.5358
1692846988.237475,,0.4933,0.6167,0.6167
1692846988.273347,,0.381,0.5747,0.5747
1692846988.305350,,0.4445,0.5,0.5
1692846988.337562,,0.3121,0.538,0.538
1692846988.373458,,0.3185,0.5041,0.5041
1692846988.405679,,0.2897,0.6043,0.6043
1692846988.437537,,0.3815,0.4805,0.4805
1692846988.473464,,0.3105,0.4787,0.4787
1692846988.505779,,0.308,0.6393,0.6393
1692846988.537541,,0.3666,0.554,0.554
1692846988.573339,,0.3642,0.4687,0.4687
1692846988.605361,,0.4358,0.5836,0.5836
1692846988.637509,,0.3833,0.5391,0.5391
1692846988.673506,,0.3758,0.478,0.478
1692846988.705470,,0.3619,0.4918,0.4918
1692846988.737449,,0.3628,0.4109,0.4109
1692846988.773414,,0.3918,0.5393,0.5393
1692846988.805597,,0.5337,0.4106,0.5337
1692846988.837533,,0.4079,0.5709,0.5709
1692846988.873759,,0.4169,0.5491,0.5491
1692846988.905826,,0.4535,0.6312,0.6312
1692846988.937696,,0.4187,0.5686,0.5686
1692846988.973481,,0.3756,0.5615,0.5615
1692846989.005560,,0.4205,0.5139,0.5139
1692846989.037482,,0.3799,0.5887,0.5887
1692846989.073382,,0.4166,0.5594,0.5594
1692846989.105363,,0.3639,0.6051,0.6051
1692846989.137695,,0.4327,0.5074,0.5074
1692846989.173791,,0.3078,0.5191,0.5191
1692846989.205487,,0.3331,0.5599,0.5599
1692846989.237480,,0.3936,0.6369,0.6369
1692846989.273598,,0.2672,0.5422,0.5422
1692846989.305535,,0.3907,0.5575,0.5575
1692846989.337436,,0.4251,0.5286,0.5286
1692846989.373436,,0.4573,0.5644,0.5644
1692846989.405480,,0.4345,0.5837,0.5837
1692846989.437417,,0.376,0.5256,0.5256
1692846989.473409,,0.4139,0.4861,0.4861
1692846989.505569,,0.3568,0.5721,0.5721
1692846989.537409,,0.3334,0.5816,0.5816
1692846989.573301,,0.389,0.4742,0.4742
1692846989.605561,,0.4455,0.5791,0.5791
1692846989.637337,,0.4624,0.5607,0.5607
1692846989.673453,,0.3869,0.5844,0.5844
1692846989.705441,,0.4263,0.596,0.596
1692846989.737577,,0.4041,0.5915,0.5915
1692846989.773357,,0.4035,0.4998,0.4998
1692846989.805468,,0.4043,0.4673,0.4673
1692846989.837754,,0.3591,0.5721,0.5721
1692846989.873512,,0.4137,0.6234,0.6234
1692846989.905499,,0.4311,0.5863,0.5863
1692846989.937421,,0.3588,0.4426,0.4426
1692846989.973984,,0.3661,0.6277,0.6277
1692846990.005958,,0.4231,0.4959,0.4959
1692846990.037780,,0.4523,0.5542,0.5542
1692846990.073501,,0.436,0.5504,0.5504
1692846990.105659,,0.4076,0.6464,0.6464
1692846990.137440,,0.4401,0.6461,0.6461
1692846990.173653,,0.4575,0.7208,0.7208
1692846990.205750,,0.4583,0.4977,0.4977
1692846990.237461,,0.4141,0.4655,0.4655
1692846990.273403,,0.5053,0.4886,0.5053
1692846990.305810,,0.428,0.4594,0.4594
1692846990.337439,,0.3914,0.5389,0.5389
1692846990.373613,,0.4895,0.4662,0.4895
1692846990.405394,,0.4017,0.5461,0.5461
1692846990.437654,,0.3547,0.5614,0.5614
1692846990.473828,,0.3179,0.4688,0.4688
1692846990.506575,,0.4475,0.5061,0.5061
1692846990.537457,,0.4013,0.4743,0.4743
1692846990.573379,,0.4592,0.5123,0.5123
1692846990.605479,,0.338,0.5201,0.5201
1692846990.637542,,0.4669,0.5216,0.5216
1692846990.673332,,0.4075,0.4737,0.4737
1692846990.705453,,0.4056,0.5658,0.5658
1692846990.737541,,0.3907,0.4936,0.4936
1692846990.773555,,0.4489,0.5386,0.5386
1692846990.805794,,0.3819,0.5318,0.5318
1692846990.837513,,0.3851,0.4886,0.4886
1692846990.873430,,0.4373,0.5297,0.5297
1692846990.905571,,0.4038,0.5347,0.5347
1692846990.937402,,0.4181,0.6607,0.6607
1692846990.973368,,0.5008,0.5647,0.5647
1692846991.004959,,0.4675,0.5622,0.5622
1692846991.037705,,0.4459,0.5298,0.5298
1692846991.073552,,0.4798,0.515,0.515
1692846991.105615,,0.4224,0.5968,0.5968
1692846991.137507,,0.4439,0.6268,0.6268
1692846991.173490,,0.4715,0.6085,0.6085
1692846991.205518,,0.4354,0.6339,0.6339
1692846991.237669,,0.4099,0.5282,0.5282
1692846991.273433,,0.2804,0.4805,0.4805
1692846991.305566,,0.323,0.5237,0.5237
1692846991.337516,,0.4262,0.586,0.586
1692846991.373551,,0.4129,0.6,0.6
1692846991.405693,,0.4053,0.5739,0.5739
1692846991.437583,,0.4272,0.5592,0.5592
1692846991.473883,,0.4221,0.4916,0.4916
1692846991.505776,,0.401,0.4959,0.4959
1692846991.537631,,0.3409,0.4884,0.4884
1692846991.573849,,0.4292,0.5207,0.5207
1692846991.605877,,0.3572,0.5454,0.5454
1692846991.637602,,0.4829,0.6387,0.6387
1692846991.673648,,0.4651,0.5515,0.5515
1692846991.705612,,0.4467,0.6357,0.6357
1692846991.737721,,0.3861,0.6514,0.6514
1692846991.773480,,0.4373,0.6192,0.6192
1692846991.805702,,0.438,0.5681,0.5681
1692846991.837489,,0.5965,0.5564,0.5965
1692846991.873476,,0.4606,0.567,0.567
1692846991.908272,,0.4125,0.6284,0.6284
1692846991.937528,,0.5101,0.5542,0.5542
1692846991.973556,,0.345,0.606,0.606
1692846992.005520,,0.4982,0.5545,0.5545
1692846992.037608,,0.512,0.6271,0.6271
1692846992.073529,,0.4687,0.6003,0.6003
1692846992.105588,,0.4489,0.6279,0.6279
1692846992.137516,,0.4194,0.6301,0.6301
1692846992.173728,,0.4299,0.5853,0.5853
1692846992.205506,,0.5962,0.6171,0.6171
1692846992.237558,,0.4135,0.577,0.577
1692846992.273685,,0.4751,0.6409,0.6409
1692846992.306306,,0.4694,0.5999,0.5999
1692846992.337679,,0.5506,0.6407,0.6407
1692846992.373606,,0.5207,0.5812,0.5812
1692846992.405927,,0.4619,0.5301,0.5301
1692846992.437666,,0.4758,0.6335,0.6335
1692846992.473984,,0.4502,0.5367,0.5367
1692846992.505815,,0.5263,0.4706,0.5263
1692846992.537914,,0.5323,0.5889,0.5889
1692846992.573857,,0.4716,0.5974,0.5974
1692846992.605532,,0.4199,0.6242,0.6242
1692846992.637548,,0.4893,0.5235,0.5235
1692846992.673536,,0.453,0.6147,0.6147
1692846992.705623,,0.4798,0.622,0.622
1692846992.737597,,0.4046,0.5937,0.5937
1692846992.774219,,0.4338,0.6052,0.6052
1692846992.806078,,0.434,0.582,0.582
1692846992.838342,,0.4299,0.5394,0.5394
1692846992.873675,,0.3666,0.5487,0.5487
1692846992.906014,,0.46,0.5422,0.5422
1692846992.937497,,0.3654,0.5855,0.5855
1692846992.973366,,0.422,0.4708,0.4708
1692846993.005586,,0.4576,0.5871,0.5871
1692846993.037576,,0.4635,0.7061,0.7061
1692846993.073464,,0.4101,0.6378,0.6378
1692846993.105549,,0.4495,0.5915,0.5915
1692846993.137517,,0.4803,0.5479,0.5479
1692846993.173562,,0.51,0.621,0.621
1692846993.205791,,0.4703,0.5506,0.5506
1692846993.237602,,0.4112,0.5869,0.5869
1692846993.273774,,0.5257,0.6117,0.6117
1692846993.305844,,0.4312,0.5711,0.5711
1692846993.337625,,0.4465,0.5799,0.5799
1692846993.373673,,0.4747,0.5486,0.5486
1692846993.405574,,0.4514,0.5602,0.5602
1692846993.437612,,0.5188,0.5233,0.5233
1692846993.473533,,0.5831,0.6168,0.6168
1692846993.510380,,0.5685,0.6285,0.6285
1692846993.542491,,0.5387,0.6221,0.6221
1692846993.578357,,0.4929,0.6012,0.6012
1692846993.610335,,0.4735,0.5338,0.5338
1692846993.642447,,0.5018,0.6228,0.6228
1692846993.678159,,0.5432,0.6248,0.6248
1692846993.710256,,0.5183,0.6091,0.6091
1692846993.742307,,0.4318,0.5354,0.5354
1692846993.778121,,0.4053,0.5529,0.5529
1692846993.810176,,0.5591,0.5933,0.5933
1692846993.842397,,0.5166,0.514,0.5166
1692846993.878410,,0.5404,0.569,0.569
1692846993.910171,,0.4244,0.5276,0.5276
1692846993.942469,,0.4216,0.54,0.54
1692846993.978392,,0.3649,0.5712,0.5712
1692846994.010378,,0.3967,0.6213,0.6213
1692846994.042527,,0.3968,0.5993,0.5993
1692846994.078166,,0.45,0.5424,0.5424
1692846994.110288,,0.4226,0.5445,0.5445
1692846994.142254,,0.6002,0.4998,0.6002
1692846994.178177,,0.4802,0.5239,0.5239
1692846994.210194,,0.4518,0.5031,0.5031
1692846994.242285,,0.3428,0.551,0.551
1692846994.272997,,0.401,0.5371,0.5371
1692846994.305158,,0.4378,0.6121,0.6121
1692846994.336990,,0.4561,0.5179,0.5179
1692846994.373339,,0.3194,0.5614,0.5614
1692846994.405303,,0.4304,0.6019,0.6019
1692846994.437542,,0.4331,0.5162,0.5162
1692846994.473697,,0.4239,0.5177,0.5177
1692846994.505425,,0.4192,0.5051,0.5051
1692846994.537491,,0.4946,0.5525,0.5525
1692846994.573566,,0.5017,0.5842,0.5842
1692846994.605641,,0.4851,0.5455,0.5455
1692846994.637438,,0.4899,0.5068,0.5068
1692846994.673591,,0.3777,0.5071,0.5071
1692846994.705703,,0.4449,0.4964,0.4964
1692846994.737292,,0.3909,0.5946,0.5946
1692846994.773206,,0.4922,0.6613,0.6613
1692846994.805292,,0.5143,0.6036,0.6036
1692846994.873453,,0.4649,0.5629,0.5629
1692846994.905472,,0.4687,0.6055,0.6055
1692846994.937366,,0.3962,0.5964,0.5964
1692846994.973355,,0.2632,0.5907,0.5907
1692846995.005529,,0.3294,0.5197,0.5197
1692846995.037454,,0.4981,0.6108,0.6108
1692846995.073375,,0.5157,0.6143,0.6143
1692846995.105504,,0.5018,0.5954,0.5954
1692846995.137458,,0.5145,0.6083,0.6083
1692846995.173607,,0.4732,0.5422,0.5422
1692846995.206057,,0.4078,0.6518,0.6518
1692846995.237403,,0.6018,0.669,0.669
1692846995.273457,,0.4311,0.4951,0.4951
1692846995.305926,,0.399,0.4844,0.4844
1692846995.337438,,0.4062,0.5884,0.5884
1692846995.373369,,0.4647,0.5326,0.5326
1692846995.405331,,0.5054,0.5936,0.5936
1692846995.473284,,0.5174,0.4922,0.5174
1692846995.505442,,0.378,0.4035,0.4035
1692846995.537285,,0.4733,0.6148,0.6148
1692846995.573532,,0.4411,0.4966,0.4966
1692846995.605706,,0.5632,0.5886,0.5886
1692846995.637401,,0.5212,0.5943,0.5943
1692846995.673354,,0.5323,0.5724,0.5724
1692846995.705318,,0.5365,0.5692,0.5692
1692846995.737378,,0.51,0.5713,0.5713
1692846995.773496,,0.4077,0.5029,0.5029
1692846995.805305,,0.5107,0.6171,0.6171
1692846995.837342,,0.4957,0.5693,0.5693
1692846995.873195,,0.5486,0.5533,0.5533
1692846995.905315,,0.5637,0.5961,0.5961
1692846995.937267,,0.6055,0.5627,0.6055
1692846995.973336,,0.6052,0.6076,0.6076
1692846996.005474,,0.6148,0.5834,0.6148
1692846996.037349,,0.5888,0.5866,0.5888
1692846996.073354,,0.5472,0.5399,0.5472
1692846996.105507,,0.5545,0.648,0.648
1692846996.137376,,0.5512,0.5528,0.5528
1692846996.173181,,0.5943,0.5991,0.5991
1692846996.205517,,0.5829,0.6119,0.6119
1692846996.237458,,0.5493,0.5835,0.5835
1692846996.273551,,0.6168,0.6243,0.6243
1692846996.305392,,0.6161,0.5756,0.6161
1692846996.337384,,0.6016,0.5499,0.6016
1692846996.373439,,0.5889,0.573,0.5889
1692846996.405580,,0.5209,0.5439,0.5439
1692846996.437652,,0.529,0.5245,0.529
1692846996.473330,,0.489,0.497,0.497
1692846996.505359,,0.4427,0.6324,0.6324
1692846996.537496,,0.4578,0.5343,0.5343
1692846996.573345,,0.4647,0.569,0.569
1692846996.605364,,0.5848,0.5176,0.5848
1692846996.637939,,0.6107,0.5475,0.6107
1692846996.673416,,0.5875,0.5819,0.5875
1692846996.705389,,0.5863,0.5937,0.5937
1692846996.737351,,0.5521,0.6301,0.6301
1692846996.773286,,0.5146,0.5464,0.5464
1692846996.805412,,0.4744,0.5811,0.5811
1692846996.837595,,0.5103,0.6014,0.6014
1692846996.873378,,0.4836,0.5653,0.5653
1692846996.905245,,0.4733,0.6015,0.6015
1692846996.937242,,0.4485,0.5643,0.5643
1692846996.973376,,0.4322,0.5915,0.5915
1692846997.005398,,0.4376,0.5991,0.5991
1692846997.037337,,0.4175,0.6165,0.6165
1692846997.073450,,0.4904,0.5732,0.5732
1692846997.105428,,0.4791,0.554,0.554
1692846997.137376,,0.5062,0.641,0.641
1692846997.173513,,0.4714,0.5951,0.5951
1692846997.205472,,0.5129,0.5331,0.5331
1692846997.238769,,0.3599,0.4709,0.4709
1692846997.273284,,0.4872,0.5677,0.5677
1692846997.305702,,0.4062,0.5193,0.5193
1692846997.337443,,0.4492,0.4542,0.4542
1692846997.373401,,0.4573,0.542,0.542
1692846997.405624,,0.532,0.5444,0.5444
1692846997.437434,,0.5787,0.5761,0.5787
1692846997.473764,,0.574,0.6101,0.6101
1692846997.505412,,0.5189,0.5969,0.5969
1692846997.537429,,0.4562,0.5677,0.5677
1692846997.573289,,0.4444,0.5944,0.5944
1692846997.605406,,0.3841,0.5733,0.5733
1692846997.637424,,0.4018,0.5893,0.5893
1692846997.673335,,0.5541,0.6055,0.6055
1692846997.705360,,0.5786,0.6223,0.6223
1692846997.738428,,0.5741,0.6279,0.6279
1692846997.773352,,0.5612,0.5746,0.5746
1692846997.805432,,0.5446,0.5413,0.5446
1692846997.837413,,0.4509,0.6008,0.6008
1692846997.873578,,0.403,0.497,0.497
1692846997.905749,,0.4617,0.5336,0.5336
1692846997.937458,,0.57,0.626,0.626
1692846997.973434,,0.5959,0.5307,0.5959
1692846998.005391,,0.5759,0.5671,0.5759
1692846998.037489,,0.5117,0.6013,0.6013
1692846998.073386,,0.5715,0.6183,0.6183
1692846998.105308,,0.5579,0.6156,0.6156
1692846998.137242,,0.5003,0.6311,0.6311
1692846998.173311,,0.4394,0.5377,0.5377
1692846998.205520,,0.5527,0.5741,0.5741
1692846998.237376,,0.5563,0.5867,0.5867
1692846998.273481,,0.6272,0.6167,0.6272
1692846998.305436,,0.5368,0.6855,0.6855
1692846998.337458,,0.6158,0.5881,0.6158
1692846998.373341,,0.454,0.4937,0.4937
1692846998.405550,,0.4878,0.5882,0.5882
1692846998.437365,,0.4429,0.5471,0.5471
1692846998.473531,,0.5034,0.4491,0.5034
1692846998.505528,,0.5492,0.5997,0.5997
1692846998.537391,,0.5171,0.5874,0.5874
1692846998.573250,,0.5516,0.6099,0.6099
1692846998.605849,,0.4598,0.6084,0.6084
1692846998.637361,,0.3866,0.608,0.608
1692846998.673334,,0.4395,0.5543,0.5543
1692846998.705442,,0.4479,0.5786,0.5786
1692846998.737354,,0.4267,0.5229,0.5229
1692846998.773421,,0.4125,0.6036,0.6036
1692846998.805505,,0.5711,0.609,0.609
1692846998.837508,,0.6027,0.638,0.638
1692846998.873359,,0.5716,0.5824,0.5824
1692846998.907452,,0.4893,0.6125,0.6125
1692846998.937463,,0.406,0.5417,0.5417
1692846998.975042,,0.4849,0.5623,0.5623
1692846999.005417,,0.5298,0.4759,0.5298
1692846999.037426,,0.381,0.4175,0.4175
1692846999.073346,,0.2615,0.6217,0.6217
1692846999.105360,,0.5464,0.6066,0.6066
1692846999.137373,,0.5831,0.5812,0.5831
1692846999.173367,,0.5382,0.5931,0.5931
1692846999.205428,,0.4822,0.577,0.577
1692846999.237480,,0.5331,0.6208,0.6208
1692846999.273413,,0.4487,0.6495,0.6495
1692846999.305409,,0.4961,0.6038,0.6038
1692846999.337390,,0.4808,0.5849,0.5849
1692846999.373276,,0.5025,0.5724,0.5724
1692846999.405412,,0.578,0.5932,0.5932
1692846999.437468,,0.5865,0.609,0.609
1692846999.473432,,0.5684,0.6111,0.6111
1692846999.505561,,0.5804,0.5876,0.5876
1692846999.537459,,0.4131,0.5799,0.5799
1692846999.573575,,0.5312,0.6979,0.6979
1692846999.605491,,0.4266,0.5553,0.5553
1692846999.637552,,0.3948,0.5719,0.5719
1692846999.673548,,0.5397,0.5292,0.5397
1692846999.705525,,0.6015,0.6059,0.6059
1692846999.737480,,0.5851,0.6229,0.6229
1692846999.773556,,0.4412,0.6322,0.6322
1692846999.805549,,0.3948,0.5571,0.5571
1692846999.837415,,0.4234,0.6113,0.6113
1692846999.874244,,0.4051,0.7249,0.7249
1692846999.905478,,0.5136,0.6273,0.6273
1692846999.937448,,0.5559,0.5487,0.5559
1692846999.973650,,0.561,0.623,0.623
1692847000.005732,,0.5002,0.6325,0.6325
1692847000.037790,,0.5172,0.6463,0.6463
1692847000.073348,,0.5088,0.622,0.622
1692847000.106035,,0.4437,0.5597,0.5597
1692847000.138005,,0.2907,0.636,0.636
1692847000.173285,,0.4349,0.6096,0.6096
1692847000.205398,,0.3581,0.5952,0.5952
1692847000.237202,,0.3813,0.5096,0.5096
1692847000.273504,,0.4988,0.5989,0.5989
1692847000.306768,,0.3547,0.561,0.561
1692847000.337339,,0.4235,0.6568,0.6568
1692847000.373538,,0.4251,0.5109,0.5109
1692847000.405668,,0.4457,0.5598,0.5598
1692847000.437461,,0.4378,0.5392,0.5392
1692847000.473439,,0.4245,0.6249,0.6249
1692847000.505316,,0.4852,0.5786,0.5786
1692847000.537455,,0.5624,0.6847,0.6847
1692847000.573350,,0.498,0.662,0.662
1692847000.605465,,0.3642,0.5684,0.5684
1692847000.637408,,0.3626,0.5145,0.5145
1692847000.673607,,0.4115,0.5424,0.5424
1692847000.705513,,0.4259,0.669,0.669
1692847000.737468,,0.2744,0.5221,0.5221
1692847000.773297,,0.381,0.5299,0.5299
1692847000.805461,,0.3746,0.5124,0.5124
1692847000.837386,,0.3384,0.6112,0.6112
1692847000.873368,,0.4097,0.5751,0.5751
1692847000.905607,,0.5292,0.6277,0.6277
1692847000.937489,,0.524,0.6061,0.6061
1692847000.973299,,0.437,0.5724,0.5724
1692847001.005395,,0.4261,0.5856,0.5856
1692847001.037465,,0.3254,0.5917,0.5917
1692847001.073505,,0.3743,0.5785,0.5785
1692847001.105400,,0.3478,0.628,0.628
1692847001.137360,,0.4778,0.676,0.676
1692847001.173355,,0.4116,0.5147,0.5147
1692847001.205559,,0.4206,0.5551,0.5551
1692847001.237484,,0.4529,0.6385,0.6385
1692847001.273352,,0.3681,0.5057,0.5057
1692847001.305420,,0.3293,0.6856,0.6856
1692847001.337447,,0.4281,0.5347,0.5347
1692847001.373374,,0.3824,0.6277,0.6277
1692847001.405485,,0.4052,0.4887,0.4887
1692847001.437385,,0.3831,0.5387,0.5387
1692847001.473351,,0.3796,0.5972,0.5972
1692847001.505474,,0.3868,0.5353,0.5353
1692847001.537437,,0.4609,0.4462,0.4609
1692847001.573375,,0.4363,0.6251,0.6251
1692847001.605465,,0.3983,0.4485,0.4485
1692847001.637447,,0.4789,0.4922,0.4922
1692847001.673621,,0.5291,0.5787,0.5787
1692847001.705430,,0.6027,0.6504,0.6504
1692847001.737416,,0.3913,0.4744,0.4744
1692847001.773527,,0.3809,0.5581,0.5581
1692847001.805565,,0.4436,0.563,0.563
1692847001.837251,,0.3878,0.5549,0.5549
1692847001.873297,,0.3791,0.6002,0.6002
1692847001.905420,,0.4577,0.5919,0.5919
1692847001.937343,,0.4454,0.5798,0.5798
1692847001.973302,,0.49,0.5676,0.5676
1692847002.005443,,0.438,0.564,0.564
1692847002.037481,,0.6272,0.7064,0.7064
1692847002.073291,,0.4952,0.5579,0.5579
1692847002.105803,,0.5117,0.6328,0.6328
1692847002.137530,,0.4576,0.695,0.695
1692847002.173753,,0.5005,0.5801,0.5801
1692847002.205430,,0.513,0.5682,0.5682
1692847002.237505,,0.514,0.562,0.562
1692847002.273449,,0.4722,0.5713,0.5713
1692847002.305593,,0.4973,0.5538,0.5538
1692847002.337552,,0.5044,0.5989,0.5989
1692847002.373725,,0.5591,0.5554,0.5591
1692847002.405753,,0.4748,0.6054,0.6054
1692847002.437876,,0.5316,0.623,0.623
1692847002.473606,,0.4814,0.563,0.563
1692847002.506129,,0.3226,0.5906,0.5906
1692847002.538162,,0.4874,0.5838,0.5838
1692847002.573269,,0.42,0.5871,0.5871
1692847002.605464,,0.407,0.641,0.641
1692847002.637457,,0.389,0.5745,0.5745
1692847002.673146,,0.4262,0.5431,0.5431
1692847002.705463,,0.4749,0.5877,0.5877
1692847002.737514,,0.4125,0.5703,0.5703
1692847002.773266,,0.4865,0.5644,0.5644
1692847002.805406,,0.4727,0.553,0.553
1692847002.837563,,0.3434,0.593,0.593
1692847002.873504,,0.3097,0.5681,0.5681
1692847002.905655,,0.3296,0.5657,0.5657
1692847002.937410,,0.4446,0.6234,0.6234
1692847002.973325,,0.4019,0.6138,0.6138
1692847003.005436,,0.4241,0.5939,0.5939
1692847003.037427,,0.4013,0.5325,0.5325
1692847003.073246,,0.3853,0.4124,0.4124
1692847003.105522,,0.3382,0.6141,0.6141
1692847003.137426,,0.4539,0.5822,0.5822
1692847003.173341,,0.4925,0.6158,0.6158
1692847003.205403,,0.3577,0.5935,0.5935
1692847003.237381,,0.3661,0.4677,0.4677
1692847003.273307,,0.3694,0.4529,0.4529
1692847003.305384,,0.4484,0.5073,0.5073
1692847003.337246,,0.4761,0.5733,0.5733
1692847003.373628,,0.476,0.594,0.594
1692847003.405412,,0.5059,0.5576,0.5576
1692847003.437398,,0.5135,0.6881,0.6881
1692847003.473539,,0.5135,0.5145,0.5145
1692847003.505537,,0.5387,0.6309,0.6309
1692847003.537390,,0.4717,0.5819,0.5819
1692847003.573633,,0.4709,0.5715,0.5715
1692847003.605831,,0.525,0.5903,0.5903
1692847003.637573,,0.4844,0.5708,0.5708
1692847003.673516,,0.519,0.5894,0.5894
1692847003.705436,,0.5367,0.587,0.587
1692847003.737538,,0.4604,0.6001,0.6001
1692847003.773403,,0.4468,0.6012,0.6012
1692847003.805527,,0.5621,0.6344,0.6344
1692847003.837212,,0.5413,0.6553,0.6553
1692847003.873668,,0.561,0.4861,0.561
1692847003.905571,,0.5014,0.5661,0.5661
1692847003.937545,,0.5858,0.6166,0.6166
1692847003.973663,,0.3726,0.5783,0.5783
1692847004.005771,,0.5006,0.5602,0.5602
1692847004.037340,,0.5169,0.5692,0.5692
1692847004.073414,,0.507,0.5633,0.5633
1692847004.105337,,0.5992,0.6382,0.6382
1692847004.137259,,0.5646,0.6704,0.6704
1692847004.173446,,0.5377,0.6201,0.6201
1692847004.207417,,0.4685,0.5832,0.5832
1692847004.237395,,0.416,0.583,0.583
1692847004.273249,,0.5896,0.6042,0.6042
1692847004.305399,,0.4785,0.6878,0.6878
1692847004.337358,,0.5299,0.5449,0.5449
1692847004.373452,,0.5053,0.628,0.628
1692847004.405416,,0.5113,0.5333,0.5333
1692847004.437381,,0.4703,0.5531,0.5531
1692847004.473425,,0.3995,0.5789,0.5789
1692847004.505704,,0.5344,0.638,0.638
1692847004.537447,,0.5989,0.6198,0.6198
1692847004.573514,,0.5083,0.5852,0.5852
1692847004.605466,,0.5739,0.6372,0.6372
1692847004.637452,,0.5834,0.6528,0.6528
1692847004.673400,,0.4702,0.6031,0.6031
1692847004.705588,,0.5393,0.6405,0.6405
1692847004.737535,,0.6024,0.6079,0.6079
1692847004.773460,,0.5711,0.573,0.573
1692847004.805806,,0.5604,0.5604,0.5604
1692847004.837929,,0.5152,0.6013,0.6013
1692847004.873466,,0.5026,0.5805,0.5805
1692847004.905744,,0.5642,0.5702,0.5702
1692847004.937764,,0.5831,0.6025,0.6025
1692847004.973568,,0.5389,0.5962,0.5962
1692847005.005534,,0.4986,0.5888,0.5888
1692847005.037425,,0.5346,0.606,0.606
1692847005.073270,,0.4605,0.5751,0.5751
1692847005.105580,,0.5852,0.5996,0.5996
1692847005.137236,,0.5899,0.6022,0.6022
1692847005.173363,,0.5001,0.626,0.626
1692847005.205482,,0.5789,0.5848,0.5848
1692847005.237602,,0.501,0.5974,0.5974
1692847005.273326,,0.4372,0.6379,0.6379
1692847005.305427,,0.4383,0.6524,0.6524
1692847005.337698,,0.4754,0.6346,0.6346
1692847005.373561,,0.4943,0.6297,0.6297
1692847005.405384,,0.5268,0.6312,0.6312
1692847005.437441,,0.5196,0.6648,0.6648
1692847005.473424,,0.5664,0.6072,0.6072
1692847005.505308,,0.5253,0.5239,0.5253
1692847005.537450,,0.5549,0.6353,0.6353
1692847005.573409,,0.5117,0.6078,0.6078
1692847005.605537,,0.5122,0.6361,0.6361
1692847005.637480,,0.506,0.6361,0.6361
1692847005.673414,,0.559,0.599,0.599
1692847005.705440,,0.5367,0.6191,0.6191
1692847005.737379,,0.5616,0.6276,0.6276
1692847005.773356,,0.5688,0.6583,0.6583
1692847005.805777,,0.5148,0.6416,0.6416
1692847005.837406,,0.5111,0.6591,0.6591
1692847005.873354,,0.5872,0.6733,0.6733
1692847005.905302,,0.5595,0.6257,0.6257
1692847005.937311,,0.6217,0.6497,0.6497
1692847005.973394,,0.6287,0.6838,0.6838
1692847006.005637,,0.5921,0.6759,0.6759
1692847006.037413,,0.4589,0.518,0.518
1692847006.073408,,0.4763,0.5718,0.5718
1692847006.105649,,0.5198,0.6152,0.6152
1692847006.137469,,0.5371,0.5846,0.5846
1692847006.173252,,0.6357,0.6443,0.6443
1692847006.205382,,0.5899,0.6436,0.6436
1692847006.237470,,0.6352,0.6553,0.6553
1692847006.273309,,0.592,0.6,0.6
1692847006.305447,,0.623,0.6436,0.6436
1692847006.337319,,0.6267,0.6316,0.6316
1692847006.373574,,0.5844,0.6161,0.6161
1692847006.405312,,0.5846,0.6738,0.6738
1692847006.437314,,0.635,0.685,0.685
1692847006.473396,,0.5916,0.6659,0.6659
1692847006.505445,,0.6068,0.596,0.6068
1692847006.537359,,0.6206,0.6007,0.6206
1692847006.573451,,0.6026,0.6801,0.6801
1692847006.605442,,0.6088,0.6614,0.6614
1692847006.637401,,0.5093,0.6534,0.6534
1692847006.673415,,0.5585,0.6224,0.6224
1692847006.705382,,0.4891,0.6289,0.6289
1692847006.737304,,0.591,0.6495,0.6495
1692847006.773749,,0.6082,0.6446,0.6446
1692847006.805772,,0.6211,0.6663,0.6663
1692847006.837769,,0.6449,0.6963,0.6963
1692847006.873435,,0.6168,0.6876,0.6876
1692847006.905760,,0.577,0.6468,0.6468
1692847006.937505,,0.6199,0.6476,0.6476
1692847006.973447,,0.6459,0.6576,0.6576
1692847007.005657,,0.597,0.6414,0.6414
1692847007.037460,,0.6554,0.6368,0.6554
1692847007.073366,,0.6298,0.6444,0.6444
1692847007.105580,,0.6318,0.6459,0.6459
1692847007.137558,,0.6156,0.683,0.683
1692847007.173420,,0.5413,0.6811,0.6811
1692847007.205431,,0.4984,0.6794,0.6794
1692847007.237460,,0.6433,0.6931,0.6931
1692847007.273416,,0.6266,0.5996,0.6266
1692847007.305435,,0.6657,0.6391,0.6657
1692847007.337679,,0.6467,0.6839,0.6839
1692847007.373472,,0.6393,0.6742,0.6742
1692847007.405371,,0.6497,0.6593,0.6593
1692847007.437363,,0.5752,0.6166,0.6166
1692847007.473292,,0.6216,0.6456,0.6456
1692847007.505442,,0.6122,0.6388,0.6388
1692847007.537588,,0.6359,0.6893,0.6893
1692847007.573324,,0.6083,0.6864,0.6864
1692847007.605541,,0.5372,0.6395,0.6395
1692847007.637613,,0.5528,0.6025,0.6025
1692847007.673658,,0.5549,0.6017,0.6017
1692847007.705411,,0.5789,0.6294,0.6294
1692847007.737460,,0.6132,0.6388,0.6388
1692847007.773390,,0.5729,0.6211,0.6211
1692847007.805724,,0.6073,0.6187,0.6187
1692847007.837555,,0.6191,0.6195,0.6195
1692847007.873630,,0.6213,0.6512,0.6512
1692847007.905540,,0.537,0.6409,0.6409
1692847007.937391,,0.5018,0.5861,0.5861
1692847007.973341,,0.5102,0.5959,0.5959
1692847008.005487,,0.5553,0.5451,0.5553
1692847008.037353,,0.5584,0.5975,0.5975
1692847008.073272,,0.4931,0.5695,0.5695
1692847008.105449,,0.5032,0.5621,0.5621
1692847008.137323,,0.6113,0.664,0.664
1692847008.173345,,0.5978,0.6594,0.6594
1692847008.205543,,0.6076,0.6287,0.6287
1692847008.237518,,0.5303,0.5827,0.5827
1692847008.273539,,0.564,0.6612,0.6612
1692847008.305618,,0.5794,0.6246,0.6246
1692847008.337548,,0.6172,0.627,0.627
1692847008.373586,,0.6275,0.5844,0.6275
1692847008.405698,,0.6293,0.6067,0.6293
1692847008.437603,,0.5507,0.6436,0.6436
1692847008.473448,,0.5387,0.6285,0.6285
1692847008.505332,,0.6139,0.6407,0.6407
1692847008.537547,,0.6363,0.6313,0.6363
1692847008.573630,,0.6517,0.589,0.6517
1692847008.605462,,0.6287,0.6332,0.6332
1692847008.637436,,0.6153,0.6397,0.6397
1692847008.673676,,0.6124,0.6023,0.6124
1692847008.705599,,0.5925,0.576,0.5925
1692847008.737450,,0.6423,0.6645,0.6645
1692847008.773747,,0.6587,0.6557,0.6587
1692847008.805310,,0.67,0.6468,0.67
1692847008.837450,,0.6023,0.5993,0.6023
1692847008.873714,,0.5404,0.594,0.594
1692847008.905533,,0.6205,0.6031,0.6205
1692847008.937461,,0.6193,0.6152,0.6193
1692847008.973699,,0.5875,0.5053,0.5875
1692847009.005630,,0.6127,0.6107,0.6127
1692847009.037446,,0.6149,0.6236,0.6236
1692847009.073442,,0.6131,0.6554,0.6554
1692847009.105855,,0.6211,0.5725,0.6211
1692847009.137540,,0.638,0.6108,0.638
1692847009.173537,,0.6513,0.6409,0.6513
1692847009.205724,,0.6331,0.6137,0.6331
1692847009.237624,,0.5244,0.645,0.645
1692847009.273441,,0.593,0.6234,0.6234
1692847009.305770,,0.6159,0.6479,0.6479
1692847009.337470,,0.6453,0.6885,0.6885
1692847009.373363,,0.6167,0.6483,0.6483
1692847009.405640,,0.6036,0.6609,0.6609
1692847009.437529,,0.6161,0.5839,0.6161
1692847009.473569,,0.6287,0.5873,0.6287
1692847009.505507,,0.644,0.634,0.644
1692847009.537627,,0.6611,0.6368,0.6611
1692847009.573438,,0.6502,0.5636,0.6502
1692847009.605511,,0.6154,0.6701,0.6701
1692847009.637502,,0.5105,0.6875,0.6875
1692847009.673493,,0.6089,0.6758,0.6758
1692847009.705424,,0.6297,0.6644,0.6644
1692847009.737322,,0.6,0.6119,0.6119
1692847009.773430,,0.6104,0.6637,0.6637
1692847009.805505,,0.6292,0.6673,0.6673
1692847009.837332,,0.627,0.6785,0.6785
1692847009.873317,,0.6401,0.6808,0.6808
1692847009.905585,,0.6568,0.7001,0.7001
1692847009.937413,,0.6716,0.707,0.707
1692847009.973487,,0.6253,0.6698,0.6698
1692847010.005456,,0.5974,0.6649,0.6649
1692847010.037481,,0.5349,0.6544,0.6544
1692847010.073443,,0.5823,0.5949,0.5949
1692847010.105824,,0.6422,0.6895,0.6895
1692847010.137515,,0.5925,0.6395,0.6395
1692847010.173374,,0.6412,0.6598,0.6598
1692847010.205584,,0.6445,0.6714,0.6714
1692847010.237488,,0.5907,0.6908,0.6908
1692847010.273728,,0.6202,0.6947,0.6947
1692847010.305536,,0.659,0.6468,0.659
1692847010.337449,,0.6546,0.5977,0.6546
1692847010.373468,,0.6834,0.6871,0.6871
1692847010.405459,,0.6073,0.6833,0.6833
1692847010.437628,,0.5451,0.703,0.703
1692847010.473432,,0.6087,0.6976,0.6976
1692847010.505535,,0.6133,0.6924,0.6924
1692847010.537387,,0.6472,0.7011,0.7011
1692847010.573444,,0.6182,0.6924,0.6924
1692847010.605504,,0.6093,0.7207,0.7207
1692847010.637371,,0.6067,0.6224,0.6224
1692847010.673407,,0.6316,0.6821,0.6821
1692847010.705616,,0.6374,0.6702,0.6702
1692847010.737349,,0.6541,0.6837,0.6837
1692847010.773556,,0.6648,0.6787,0.6787
1692847010.805723,,0.6317,0.6765,0.6765
1692847010.837581,,0.5293,0.6926,0.6926
1692847010.873589,,0.5527,0.6864,0.6864
1692847010.905462,,0.6129,0.6877,0.6877
1692847010.937503,,0.619,0.6376,0.6376
1692847010.973699,,0.6223,0.7115,0.7115
1692847011.005545,,0.6253,0.7213,0.7213
1692847011.037361,,0.6271,0.7372,0.7372
1692847011.073468,,0.6335,0.7269,0.7269
1692847011.105502,,0.6441,0.7126,0.7126
1692847011.137329,,0.656,0.7414,0.7414
1692847011.173426,,0.6492,0.7197,0.7197
1692847011.205816,,0.6636,0.7338,0.7338
1692847011.237399,,0.5939,0.7068,0.7068
1692847011.273609,,0.5735,0.7207,0.7207
1692847011.306652,,0.6084,0.733,0.733
1692847011.337608,,0.597,0.6948,0.6948
1692847011.373397,,0.6271,0.7156,0.7156
1692847011.405482,,0.5696,0.6749,0.6749
1692847011.437468,,0.6079,0.7289,0.7289
1692847011.473415,,0.6353,0.7247,0.7247
1692847011.505590,,0.6329,0.7312,0.7312
1692847011.537308,,0.6107,0.6618,0.6618
1692847011.573982,,0.6506,0.6772,0.6772
1692847011.605447,,0.6296,0.7131,0.7131
1692847011.637605,,0.5661,0.6789,0.6789
1692847011.673455,,0.5856,0.6687,0.6687
1692847011.705463,,0.561,0.6563,0.6563
1692847011.737597,,0.6235,0.7205,0.7205
1692847011.773416,,0.6054,0.6916,0.6916
1692847011.805516,,0.6148,0.7226,0.7226
1692847011.837525,,0.6113,0.6512,0.6512
1692847011.873509,,0.628,0.695,0.695
1692847011.905559,,0.629,0.6926,0.6926
1692847011.937596,,0.6276,0.6657,0.6657
1692847011.973802,,0.6274,0.6231,0.6274
1692847012.005620,,0.621,0.6265,0.6265
1692847012.037787,,0.4825,0.7114,0.7114
1692847012.073463,,0.5616,0.6513,0.6513
1692847012.105567,,0.5869,0.6572,0.6572
1692847012.137544,,0.5364,0.5938,0.5938
1692847012.173391,,0.4982,0.653,0.653
1692847012.205547,,0.5047,0.6739,0.6739
1692847012.237379,,0.4919,0.6481,0.6481
1692847012.273366,,0.5249,0.6757,0.6757
1692847012.305507,,0.5364,0.6575,0.6575
1692847012.337443,,0.4843,0.6365,0.6365
1692847012.373653,,0.4082,0.5937,0.5937
1692847012.405847,,0.4276,0.6199,0.6199
1692847012.437478,,0.4788,0.6273,0.6273
1692847012.473471,,0.4722,0.6357,0.6357
1692847012.505570,,0.4529,0.528,0.528
1692847012.537485,,0.6224,0.6351,0.6351
1692847012.573414,,0.4728,0.5866,0.5866
1692847012.605545,,0.5671,0.6939,0.6939
1692847012.637414,,0.4897,0.5963,0.5963
1692847012.673392,,0.5717,0.5791,0.5791
1692847012.705417,,0.5131,0.5649,0.5649
1692847012.737426,,0.5974,0.6522,0.6522
1692847012.773410,,0.4609,0.5828,0.5828
1692847012.805499,,0.49,0.6087,0.6087
1692847012.837485,,0.5338,0.5886,0.5886
1692847012.873400,,0.5706,0.6822,0.6822
1692847012.905562,,0.5234,0.5806,0.5806
1692847012.937553,,0.3828,0.5637,0.5637
1692847012.973334,,0.4946,0.6018,0.6018
1692847013.005587,,0.4278,0.5537,0.5537
1692847013.037437,,0.4058,0.6715,0.6715
1692847013.073320,,0.407,0.4808,0.4808
1692847013.105492,,0.3698,0.6596,0.6596
1692847013.137479,,0.3549,0.6671,0.6671
1692847013.173455,,0.3725,0.6493,0.6493
1692847013.205597,,0.3741,0.6308,0.6308
1692847013.237570,,0.4313,0.6144,0.6144
1692847013.273455,,0.4492,0.5803,0.5803
1692847013.305520,,0.3199,0.6054,0.6054
1692847013.337836,,0.4396,0.7013,0.7013
1692847013.373472,,0.4192,0.6528,0.6528
1692847013.405476,,0.4288,0.6725,0.6725
1692847013.437576,,0.4161,0.6876,0.6876
1692847013.473608,,0.4983,0.7188,0.7188
1692847013.505398,,0.3909,0.5924,0.5924
1692847013.537455,,0.5307,0.6093,0.6093
1692847013.573500,,0.4711,0.6701,0.6701
1692847013.605511,,0.5137,0.7055,0.7055
1692847013.637432,,0.5639,0.6912,0.6912
1692847013.673378,,0.489,0.7024,0.7024
1692847013.705509,,0.3652,0.7337,0.7337
1692847013.737334,,0.4026,0.7146,0.7146
1692847013.773469,,0.3745,0.6745,0.6745
1692847013.805480,,0.2814,0.6998,0.6998
1692847013.837403,,0.3458,0.5837,0.5837
1692847013.873454,,0.3507,0.6831,0.6831
1692847013.905519,,0.2934,0.5976,0.5976
1692847013.937391,,0.4136,0.63,0.63
1692847013.973536,,0.3493,0.4584,0.4584
1692847014.005483,,0.3102,0.5844,0.5844
1692847014.037520,,0.5684,0.5923,0.5923
1692847014.073813,,0.4157,0.6233,0.6233
1692847014.105475,,0.4231,0.5903,0.5903
1692847014.137425,,0.3464,0.5022,0.5022
1692847014.173606,,0.246,0.5883,0.5883
1692847014.205467,,0.4554,0.5515,0.5515
1692847014.237544,,0.3692,0.5381,0.5381
1692847014.273401,,0.356,0.5899,0.5899
1692847014.305457,,0.3701,0.5062,0.5062
1692847014.337577,,0.3757,0.5602,0.5602
1692847014.373604,,0.442,0.5449,0.5449
1692847014.405430,,0.3488,0.6475,0.6475
1692847014.437565,,0.3603,0.5474,0.5474
1692847014.473694,,0.3832,0.5284,0.5284
1692847014.505350,,0.2277,0.6576,0.6576
1692847014.537575,,0.4545,0.499,0.499
1692847014.573424,,0.4304,0.6096,0.6096
1692847014.605425,,0.3071,0.4193,0.4193
1692847014.637326,,0.5606,0.5741,0.5741
1692847014.673438,,0.3965,0.584,0.584
1692847014.705450,,0.3782,0.632,0.632
1692847014.737453,,0.3662,0.585,0.585
1692847014.773469,,0.3591,0.5719,0.5719
1692847014.805566,,0.4001,0.5684,0.5684
1692847014.837445,,0.4618,0.6167,0.6167
1692847014.873512,,0.4737,0.632,0.632
1692847014.905580,,0.2716,0.5741,0.5741
1692847014.937614,,0.3312,0.5059,0.5059
1692847014.973466,,0.3719,0.5336,0.5336
1692847015.005372,,0.3418,0.6333,0.6333
1692847015.037513,,0.4399,0.5672,0.5672
1692847015.073400,,0.3986,0.5153,0.5153
1692847015.105573,,0.414,0.5299,0.5299
1692847015.137441,,0.3543,0.4551,0.4551
1692847015.173452,,0.358,0.6068,0.6068
1692847015.205480,,0.2984,0.6514,0.6514
1692847015.237580,,0.3959,0.5284,0.5284
1692847015.273485,,0.3432,0.4514,0.4514
1692847015.305496,,0.394,0.5264,0.5264
1692847015.337493,,0.4016,0.5096,0.5096
1692847015.373441,,0.3964,0.5531,0.5531
1692847015.405568,,0.3653,0.437,0.437
1692847015.437505,,0.3173,0.5698,0.5698
1692847015.473886,,0.4721,0.4589,0.4721
1692847015.505519,,0.4279,0.5218,0.5218
1692847015.537460,,0.4491,0.6445,0.6445
1692847015.573455,,0.4492,0.5495,0.5495
1692847015.605774,,0.3548,0.5336,0.5336
1692847015.637694,,0.3529,0.5513,0.5513
1692847015.673368,,0.3278,0.5506,0.5506
1692847015.705510,,0.4521,0.6059,0.6059
1692847015.737541,,0.3856,0.5003,0.5003
1692847015.773492,,0.4195,0.5632,0.5632
1692847015.805663,,0.4008,0.6287,0.6287
1692847015.837909,,0.3665,0.4265,0.4265
1692847015.873688,,0.29,0.5333,0.5333
1692847015.905861,,0.3168,0.551,0.551
1692847015.937414,,0.3203,0.6519,0.6519
1692847015.973469,,0.3682,0.5378,0.5378
1692847016.005401,,0.3169,0.4746,0.4746
1692847016.037847,,0.3364,0.3619,0.3619
1692847016.073495,,0.325,0.5373,0.5373
1692847016.105556,,0.4693,0.5189,0.5189
1692847016.137622,,0.3611,0.5493,0.5493
1692847016.173433,,0.339,0.5253,0.5253
1692847016.205477,,0.3692,0.5017,0.5017
1692847016.237954,,0.4278,0.5372,0.5372
1692847016.273295,,0.442,0.6044,0.6044
1692847016.305452,,0.2726,0.5295,0.5295
1692847016.337485,,0.3447,0.589,0.589
1692847016.373487,,0.4984,0.545,0.545
1692847016.405488,,0.3797,0.4841,0.4841
1692847016.437498,,0.4136,0.6435,0.6435
1692847016.473605,,0.4724,0.4742,0.4742
1692847016.505518,,0.5983,0.6061,0.6061
1692847016.537699,,0.5491,0.5653,0.5653
1692847016.573628,,0.5433,0.6383,0.6383
1692847016.605655,,0.5305,0.6013,0.6013
1692847016.637569,,0.5615,0.6422,0.6422
1692847016.673384,,0.5558,0.6363,0.6363
1692847016.705584,,0.4556,0.6675,0.6675
1692847016.739457,,0.5449,0.6625,0.6625
1692847016.773484,,0.4141,0.6421,0.6421
1692847016.805596,,0.398,0.7029,0.7029
1692847016.837423,,0.54,0.6944,0.6944
1692847016.873308,,0.58,0.7082,0.7082
1692847016.905542,,0.5675,0.7011,0.7011
1692847016.937439,,0.6031,0.702,0.702
1692847016.973341,,0.6053,0.7118,0.7118
1692847017.005661,,0.5552,0.6592,0.6592
1692847017.037437,,0.5726,0.6641,0.6641
1692847017.073372,,0.563,0.6938,0.6938
1692847017.105609,,0.5169,0.6071,0.6071
1692847017.137426,,0.5827,0.6874,0.6874
1692847017.173409,,0.6371,0.6457,0.6457
1692847017.205581,,0.5876,0.6183,0.6183
1692847017.237679,,0.5737,0.6302,0.6302
1692847017.273720,,0.5428,0.6257,0.6257
1692847017.305591,,0.5584,0.6723,0.6723
1692847017.337704,,0.5915,0.6135,0.6135
1692847017.373363,,0.589,0.6586,0.6586
1692847017.406118,,0.6,0.689,0.689
1692847017.437431,,0.6127,0.7026,0.7026
1692847017.473461,,0.6124,0.6685,0.6685
1692847017.505494,,0.6162,0.7127,0.7127
1692847017.537491,,0.6023,0.6532,0.6532
1692847017.573536,,0.6044,0.7062,0.7062
1692847017.605473,,0.6097,0.6913,0.6913
1692847017.637388,,0.6116,0.6994,0.6994
1692847017.673472,,0.5969,0.6807,0.6807
1692847017.705595,,0.5858,0.7097,0.7097
1692847017.737465,,0.576,0.6989,0.6989
1692847017.775665,,0.5314,0.6636,0.6636
1692847017.805892,,0.5752,0.7174,0.7174
1692847017.837602,,0.6064,0.6788,0.6788
1692847017.873493,,0.5564,0.6334,0.6334
1692847017.905468,,0.532,0.7008,0.7008
1692847017.937431,,0.5004,0.6077,0.6077
1692847017.973454,,0.5473,0.6499,0.6499
1692847018.005504,,0.5334,0.6837,0.6837
1692847018.037830,,0.5234,0.6752,0.6752
1692847018.073766,,0.6262,0.7076,0.7076
1692847018.105853,,0.5508,0.6971,0.6971
1692847018.137758,,0.6287,0.6763,0.6763
1692847018.173697,,0.6359,0.6699,0.6699
1692847018.205723,,0.6293,0.6598,0.6598
1692847018.237645,,0.6646,0.6847,0.6847
1692847018.273481,,0.6407,0.6633,0.6633
1692847018.305429,,0.6808,0.5982,0.6808
1692847018.337480,,0.6576,0.6639,0.6639
1692847018.373410,,0.6668,0.6634,0.6668
1692847018.405700,,0.5936,0.5664,0.5936
1692847018.437534,,0.5198,0.5993,0.5993
1692847018.473488,,0.5526,0.6285,0.6285
1692847018.505661,,0.5907,0.6601,0.6601
1692847018.537344,,0.6037,0.6886,0.6886
1692847018.573325,,0.5799,0.6682,0.6682
1692847018.605543,,0.6003,0.7076,0.7076
1692847018.637427,,0.6126,0.709,0.709
1692847018.673364,,0.6065,0.7027,0.7027
1692847018.705429,,0.6253,0.716,0.716
1692847018.737346,,0.6332,0.7102,0.7102
1692847018.773412,,0.6201,0.682,0.682
1692847018.805572,,0.581,0.679,0.679
1692847018.837528,,0.6364,0.685,0.685
1692847018.873443,,0.5659,0.6513,0.6513
1692847018.905745,,0.5721,0.6456,0.6456
1692847018.937561,,0.6175,0.6619,0.6619
1692847018.973365,,0.5348,0.6197,0.6197
1692847019.005674,,0.4442,0.5866,0.5866
1692847019.037532,,0.5569,0.6446,0.6446
1692847019.073402,,0.6094,0.7096,0.7096
1692847019.105532,,0.6019,0.6859,0.6859
1692847019.137497,,0.5909,0.6334,0.6334
1692847019.173512,,0.6384,0.7225,0.7225
1692847019.205490,,0.6588,0.7173,0.7173
1692847019.237485,,0.6361,0.6832,0.6832
1692847019.273397,,0.6454,0.6708,0.6708
1692847019.305457,,0.6289,0.7048,0.7048
1692847019.337451,,0.6152,0.7048,0.7048
1692847019.373495,,0.5104,0.6191,0.6191
1692847019.405598,,0.489,0.6631,0.6631
1692847019.437461,,0.5491,0.6641,0.6641
1692847019.473464,,0.4898,0.6576,0.6576
1692847019.505718,,0.5408,0.6592,0.6592
1692847019.537373,,0.5219,0.6144,0.6144
1692847019.573675,,0.565,0.6446,0.6446
1692847019.605496,,0.6086,0.5829,0.6086
1692847019.637564,,0.6117,0.6155,0.6155
1692847019.673389,,0.6072,0.4891,0.6072
1692847019.705481,,0.5875,0.6536,0.6536
1692847019.737553,,0.6037,0.6727,0.6727
1692847019.773409,,0.6158,0.6977,0.6977
1692847019.805457,,0.6021,0.703,0.703
1692847019.837558,,0.5853,0.7137,0.7137
1692847019.873484,,0.573,0.7062,0.7062
1692847019.905625,,0.5355,0.7069,0.7069
1692847019.937386,,0.4039,0.6998,0.6998
1692847019.973419,,0.4884,0.6613,0.6613
1692847020.005554,,0.4563,0.6734,0.6734
1692847020.037462,,0.5028,0.6129,0.6129
1692847020.073394,,0.5213,0.6822,0.6822
1692847020.105582,,0.5477,0.682,0.682
1692847020.137353,,0.5138,0.7153,0.7153
1692847020.173394,,0.5434,0.6912,0.6912
1692847020.205589,,0.4956,0.7202,0.7202
1692847020.237498,,0.5106,0.6688,0.6688
1692847020.273416,,0.4667,0.7174,0.7174
1692847020.305618,,0.6132,0.693,0.693
1692847020.337470,,0.522,0.7139,0.7139
1692847020.373663,,0.5251,0.6877,0.6877
1692847020.405649,,0.5303,0.6775,0.6775
1692847020.437925,,0.5619,0.6714,0.6714
1692847020.473608,,0.5858,0.6925,0.6925
1692847020.505508,,0.5693,0.6919,0.6919
1692847020.537588,,0.4817,0.6577,0.6577
1692847020.573475,,0.5528,0.7141,0.7141
1692847020.605462,,0.6237,0.7124,0.7124
1692847020.637511,,0.5464,0.6891,0.6891
1692847020.673505,,0.622,0.7033,0.7033
1692847020.705470,,0.6146,0.6974,0.6974
1692847020.737473,,0.6367,0.6502,0.6502
1692847020.774239,,0.6215,0.6607,0.6607
1692847020.805561,,0.6354,0.5939,0.6354
1692847020.837523,,0.6044,0.6341,0.6341
1692847020.874256,,0.5896,0.6478,0.6478
1692847020.905429,,0.6347,0.6885,0.6885
1692847020.937445,,0.5337,0.6419,0.6419
1692847020.973580,,0.5665,0.6581,0.6581
1692847021.005471,,0.506,0.6766,0.6766
1692847021.037600,,0.5735,0.6343,0.6343
1692847021.073219,,0.6091,0.6762,0.6762
1692847021.104981,,0.6581,0.6859,0.6859
1692847021.137042,,0.6584,0.6816,0.6816
1692847021.173363,,0.667,0.6251,0.667
1692847021.205426,,0.6896,0.6505,0.6896
1692847021.237648,,0.6703,0.6973,0.6973
1692847021.273879,,0.684,0.6123,0.684
1692847021.309984,,0.6614,0.6541,0.6614
1692847021.341883,,0.6687,0.6343,0.6687
1692847021.377764,,0.6734,0.6143,0.6734
1692847021.409817,,0.6483,0.6345,0.6483
1692847021.441656,,0.6564,0.6349,0.6564
1692847021.477749,,0.6702,0.6321,0.6702
1692847021.509781,,0.6268,0.601,0.6268
1692847021.541850,,0.5567,0.589,0.589
1692847021.577749,,0.5247,0.5986,0.5986
1692847021.609876,,0.5834,0.6328,0.6328
1692847021.641876,,0.5922,0.6778,0.6778
1692847021.677892,,0.6276,0.6525,0.6525
1692847021.709827,,0.6653,0.6862,0.6862
1692847021.741813,,0.6446,0.6696,0.6696
1692847021.777747,,0.6394,0.6987,0.6987
1692847021.808434,,0.6439,0.7094,0.7094
1692847021.837444,,0.6195,0.6844,0.6844
1692847021.873379,,0.6223,0.6804,0.6804
1692847021.905357,,0.6226,0.6667,0.6667
1692847021.937210,,0.6414,0.681,0.681
1692847021.973293,,0.6352,0.6664,0.6664
1692847022.005475,,0.6478,0.695,0.695
1692847022.037459,,0.6562,0.7234,0.7234
1692847022.073458,,0.6769,0.718,0.718
1692847022.105437,,0.6689,0.6982,0.6982
1692847022.137306,,0.6518,0.6837,0.6837
1692847022.173478,,0.6452,0.6902,0.6902
1692847022.205268,,0.6728,0.6566,0.6728
1692847022.237270,,0.6649,0.6521,0.6649
1692847022.273355,,0.6724,0.6702,0.6724
1692847022.305288,,0.6791,0.6689,0.6791
1692847022.337363,,0.6713,0.5946,0.6713
1692847022.373263,,0.6772,0.5857,0.6772
1692847022.405416,,0.6801,0.6057,0.6801
1692847022.437324,,0.6749,0.6545,0.6749
1692847022.473392,,0.6582,0.6665,0.6665
1692847022.505368,,0.6171,0.6569,0.6569
1692847022.537437,,0.5261,0.6184,0.6184
1692847022.573314,,0.6572,0.6392,0.6572
1692847022.605450,,0.673,0.6587,0.673
1692847022.637490,,0.6484,0.6255,0.6484
1692847022.673327,,0.6842,0.683,0.6842
1692847022.705461,,0.6558,0.628,0.6558
1692847022.741929,,0.6653,0.6663,0.6663
1692847022.777913,,0.5561,0.6512,0.6512
1692847022.809945,,0.6589,0.6943,0.6943
1692847022.841907,,0.635,0.66,0.66
1692847022.877886,,0.6248,0.6638,0.6638
1692847022.910028,,0.5208,0.6963,0.6963
1692847022.941920,,0.6097,0.6788,0.6788
1692847022.977797,,0.5959,0.6858,0.6858
1692847023.009887,,0.6006,0.7135,0.7135
1692847023.041922,,0.6139,0.6426,0.6426
1692847023.077871,,0.5428,0.6932,0.6932
1692847023.109932,,0.6337,0.6915,0.6915
1692847023.141885,,0.5897,0.6932,0.6932
1692847023.178154,,0.6192,0.6697,0.6697
1692847023.209900,,0.6337,0.6672,0.6672
1692847023.241886,,0.6553,0.7157,0.7157
1692847023.278091,,0.669,0.7309,0.7309
1692847023.309952,,0.64,0.6915,0.6915
1692847023.341718,,0.6165,0.6481,0.6481
1692847023.377689,,0.6366,0.6914,0.6914
1692847023.404929,,0.6706,0.7024,0.7024
1692847023.437216,,0.6582,0.7089,0.7089
1692847023.473428,,0.5525,0.6609,0.6609
1692847023.505352,,0.6852,0.7122,0.7122
1692847023.537277,,0.6489,0.6981,0.6981
1692847023.573909,,0.6774,0.7339,0.7339
1692847023.605896,,0.649,0.6821,0.6821
1692847023.637803,,0.627,0.6682,0.6682
1692847023.673414,,0.6335,0.6784,0.6784
1692847023.705488,,0.6368,0.6817,0.6817
1692847023.737726,,0.637,0.6418,0.6418
1692847023.773649,,0.6618,0.6515,0.6618
1692847023.805650,,0.6591,0.6935,0.6935
1692847023.837677,,0.6208,0.7061,0.7061
1692847023.873572,,0.5704,0.7006,0.7006
1692847023.905738,,0.479,0.6628,0.6628
1692847023.937671,,0.5903,0.6827,0.6827
1692847023.973664,,0.6184,0.6549,0.6549
1692847024.005700,,0.598,0.7145,0.7145
1692847024.037599,,0.5735,0.7173,0.7173
1692847024.073590,,0.595,0.7005,0.7005
1692847024.105675,,0.5031,0.6602,0.6602
1692847024.137641,,0.5879,0.6809,0.6809
1692847024.173516,,0.4433,0.605,0.605
1692847024.205658,,0.5487,0.5812,0.5812
1692847024.237515,,0.5474,0.6824,0.6824
1692847024.273584,,0.6125,0.7233,0.7233
1692847024.305680,,0.5634,0.7003,0.7003
1692847024.337418,,0.4532,0.6886,0.6886
1692847024.374215,,0.5398,0.7173,0.7173
1692847024.406014,,0.5216,0.7156,0.7156
1692847024.437544,,0.608,0.6968,0.6968
1692847024.473575,,0.5783,0.7171,0.7171
1692847024.506616,,0.549,0.7347,0.7347
1692847024.537405,,0.5292,0.716,0.716
1692847024.573395,,0.4782,0.6937,0.6937
1692847024.605509,,0.4693,0.6923,0.6923
1692847024.637470,,0.4485,0.687,0.687
1692847024.673424,,0.4955,0.7158,0.7158
1692847024.705547,,0.4927,0.7076,0.7076
1692847024.737501,,0.4625,0.6738,0.6738
1692847024.773472,,0.4819,0.7158,0.7158
1692847024.805608,,0.4821,0.7148,0.7148
1692847024.837470,,0.4402,0.7233,0.7233
1692847024.873534,,0.5437,0.691,0.691
1692847024.905459,,0.5028,0.7155,0.7155
1692847024.937436,,0.4712,0.709,0.709
1692847024.974607,,0.5262,0.717,0.717
1692847025.005459,,0.5642,0.6969,0.6969
1692847025.037440,,0.5454,0.6525,0.6525
1692847025.073451,,0.5262,0.7041,0.7041
1692847025.105519,,0.5802,0.7134,0.7134
1692847025.137425,,0.5519,0.6572,0.6572
1692847025.173430,,0.6226,0.7247,0.7247
1692847025.205466,,0.5811,0.7194,0.7194
1692847025.237655,,0.592,0.6969,0.6969
1692847025.273633,,0.6171,0.6732,0.6732
1692847025.305694,,0.6394,0.6722,0.6722
1692847025.337546,,0.5744,0.5904,0.5904
1692847025.374081,,0.5486,0.6107,0.6107
1692847025.405542,,0.6153,0.6627,0.6627
1692847025.437557,,0.63,0.6784,0.6784
1692847025.473637,,0.6826,0.703,0.703
1692847025.505516,,0.6229,0.6105,0.6229
1692847025.537614,,0.6331,0.6955,0.6955
1692847025.575068,,0.6031,0.6469,0.6469
1692847025.605707,,0.5609,0.6848,0.6848
1692847025.637843,,0.62,0.6824,0.6824
1692847025.674563,,0.6357,0.6867,0.6867
1692847025.705879,,0.6688,0.6298,0.6688
1692847025.737475,,0.6774,0.6772,0.6774
1692847025.773448,,0.6795,0.7176,0.7176
1692847025.805532,,0.7004,0.7171,0.7171
1692847025.837459,,0.6662,0.6765,0.6765
1692847025.873337,,0.6798,0.6752,0.6798
1692847025.905562,,0.7173,0.709,0.7173
1692847025.937384,,0.6789,0.6852,0.6852
1692847025.973438,,0.6887,0.7068,0.7068
1692847026.005621,,0.5976,0.6459,0.6459
1692847026.038153,,0.5997,0.6728,0.6728
1692847026.073469,,0.6247,0.7006,0.7006
1692847026.105699,,0.6796,0.723,0.723
1692847026.137535,,0.6851,0.7028,0.7028
1692847026.173432,,0.6626,0.6676,0.6676
1692847026.205464,,0.6731,0.6918,0.6918
1692847026.237852,,0.663,0.7151,0.7151
1692847026.273423,,0.6707,0.7021,0.7021
1692847026.305441,,0.6701,0.6639,0.6701
1692847026.337568,,0.6584,0.6388,0.6584
1692847026.373799,,0.7065,0.7112,0.7112
1692847026.405821,,0.6599,0.6863,0.6863
1692847026.437867,,0.6625,0.6627,0.6627
1692847026.473492,,0.6317,0.703,0.703
1692847026.505447,,0.6754,0.7432,0.7432
1692847026.537527,,0.6782,0.7098,0.7098
1692847026.573421,,0.6566,0.7162,0.7162
1692847026.605521,,0.6788,0.7047,0.7047
1692847026.637385,,0.6707,0.6859,0.6859
1692847026.673614,,0.6819,0.6647,0.6819
1692847026.705423,,0.6574,0.6906,0.6906
1692847026.737464,,0.6603,0.6692,0.6692
1692847026.773413,,0.6589,0.6616,0.6616
1692847026.805580,,0.6655,0.6663,0.6663
1692847026.837523,,0.6549,0.6767,0.6767
1692847026.873532,,0.6761,0.7009,0.7009
1692847026.905488,,0.6503,0.6792,0.6792
1692847026.937588,,0.6483,0.681,0.681
1692847026.973533,,0.5744,0.6864,0.6864
1692847027.005530,,0.6406,0.6629,0.6629
1692847027.037590,,0.6767,0.6368,0.6767
1692847027.073674,,0.6402,0.6242,0.6402
1692847027.105669,,0.6512,0.6411,0.6512
1692847027.137750,,0.6318,0.6491,0.6491
1692847027.173646,,0.638,0.6752,0.6752
1692847027.205669,,0.6285,0.6693,0.6693
1692847027.237613,,0.6829,0.7169,0.7169
1692847027.273650,,0.6621,0.6374,0.6621
1692847027.305609,,0.6121,0.6484,0.6484
1692847027.337538,,0.6179,0.6657,0.6657
1692847027.373423,,0.6765,0.7267,0.7267
1692847027.405470,,0.6603,0.7219,0.7219
1692847027.437490,,0.6488,0.681,0.681
1692847027.473914,,0.6573,0.7079,0.7079
1692847027.505640,,0.6841,0.7237,0.7237
1692847027.537493,,0.6845,0.7006,0.7006
1692847027.573552,,0.6601,0.6467,0.6601
1692847027.605644,,0.6338,0.6501,0.6501
1692847027.637677,,0.6344,0.6606,0.6606
1692847027.675264,,0.6291,0.6309,0.6309
1692847027.705670,,0.6391,0.6391,0.6391
1692847027.737954,,0.6126,0.6499,0.6499
1692847027.773703,,0.6643,0.6743,0.6743
1692847027.805539,,0.6438,0.7079,0.7079
1692847027.837550,,0.6584,0.682,0.682
1692847027.873842,,0.6596,0.6606,0.6606
1692847027.905637,,0.6593,0.6723,0.6723
1692847027.937548,,0.6819,0.6671,0.6819
1692847027.975331,,0.6843,0.6931,0.6931
1692847028.005503,,0.6751,0.6906,0.6906
1692847028.038408,,0.6839,0.6919,0.6919
1692847028.073498,,0.6844,0.6896,0.6896
1692847028.105716,,0.6631,0.6611,0.6631
1692847028.137396,,0.6798,0.6838,0.6838
1692847028.173364,,0.6652,0.6806,0.6806
1692847028.205889,,0.6721,0.6331,0.6721
1692847028.237451,,0.6565,0.6698,0.6698
1692847028.273574,,0.6722,0.6723,0.6723
1692847028.305523,,0.6767,0.6936,0.6936
1692847028.337419,,0.6838,0.6814,0.6838
1692847028.373509,,0.6647,0.6768,0.6768
1692847028.405750,,0.6491,0.6552,0.6552
1692847028.437428,,0.6759,0.665,0.6759
1692847028.473791,,0.6602,0.681,0.681
1692847028.505708,,0.6634,0.6972,0.6972
1692847028.537533,,0.6512,0.6738,0.6738
1692847028.574578,,0.6654,0.6677,0.6677
1692847028.605570,,0.6508,0.6894,0.6894
1692847028.637469,,0.668,0.6991,0.6991
1692847028.673458,,0.6761,0.6865,0.6865
1692847028.705559,,0.6321,0.684,0.684
1692847028.737526,,0.6455,0.6928,0.6928
1692847028.773459,,0.6374,0.6703,0.6703
1692847028.805529,,0.6064,0.6377,0.6377
1692847028.837521,,0.5972,0.6418,0.6418
1692847028.873432,,0.5574,0.6456,0.6456
1692847028.905558,,0.6234,0.6513,0.6513
1692847028.937514,,0.6253,0.6945,0.6945
1692847028.973392,,0.6558,0.7279,0.7279
1692847029.005592,,0.6571,0.7214,0.7214
1692847029.037419,,0.6456,0.7226,0.7226
1692847029.073435,,0.6601,0.7261,0.7261
1692847029.105675,,0.6213,0.7164,0.7164
1692847029.137495,,0.6178,0.6783,0.6783
1692847029.173555,,0.6438,0.6551,0.6551
1692847029.205693,,0.6102,0.7014,0.7014
1692847029.237661,,0.5892,0.6279,0.6279
1692847029.273469,,0.6109,0.6759,0.6759
1692847029.305697,,0.6711,0.6873,0.6873
1692847029.337532,,0.6263,0.6853,0.6853
1692847029.373434,,0.6219,0.6938,0.6938
1692847029.405650,,0.5919,0.6602,0.6602
1692847029.437538,,0.6332,0.6605,0.6605
1692847029.473417,,0.6468,0.635,0.6468
1692847029.505594,,0.6236,0.6376,0.6376
1692847029.537551,,0.6521,0.6789,0.6789
1692847029.573601,,0.6403,0.7157,0.7157
1692847029.605633,,0.6089,0.701,0.701
1692847029.637393,,0.6334,0.7221,0.7221
1692847029.673507,,0.6025,0.6919,0.6919
1692847029.705524,,0.6429,0.6891,0.6891
1692847029.737459,,0.6482,0.6921,0.6921
1692847029.773603,,0.6764,0.6361,0.6764
1692847029.805487,,0.614,0.6326,0.6326
1692847029.837588,,0.6655,0.6845,0.6845
1692847029.873456,,0.6368,0.7162,0.7162
1692847029.905560,,0.6185,0.6758,0.6758
1692847029.937005,,0.6679,0.6696,0.6696
1692847029.973279,,0.6545,0.6287,0.6545
1692847030.005492,,0.6696,0.7025,0.7025
1692847030.037578,,0.6655,0.6848,0.6848
1692847030.073476,,0.655,0.6694,0.6694
1692847030.105517,,0.6682,0.7118,0.7118
1692847030.137506,,0.6735,0.7245,0.7245
1692847030.173494,,0.6534,0.6779,0.6779
1692847030.205464,,0.6885,0.7269,0.7269
1692847030.237441,,0.6061,0.6108,0.6108
1692847030.273618,,0.5606,0.7107,0.7107
1692847030.305591,,0.5485,0.689,0.689
1692847030.337476,,0.6577,0.7252,0.7252
1692847030.374005,,0.6591,0.6779,0.6779
1692847030.405558,,0.656,0.7063,0.7063
1692847030.437771,,0.6734,0.684,0.684
1692847030.473609,,0.6523,0.6238,0.6523
1692847030.506005,,0.6497,0.6465,0.6497
1692847030.537326,,0.6688,0.6725,0.6725
1692847030.573219,,0.6434,0.7114,0.7114
1692847030.605492,,0.6205,0.7455,0.7455
1692847030.637315,,0.6531,0.6971,0.6971
1692847030.673441,,0.6394,0.7242,0.7242
1692847030.705316,,0.6145,0.6831,0.6831
1692847030.737295,,0.6493,0.7382,0.7382
1692847030.773315,,0.6028,0.7207,0.7207
1692847030.805897,,0.6298,0.7297,0.7297
1692847030.837519,,0.5596,0.6722,0.6722
1692847030.873530,,0.5539,0.7182,0.7182
1692847030.905529,,0.635,0.7576,0.7576
1692847030.937490,,0.668,0.7513,0.7513
1692847030.973349,,0.6322,0.7536,0.7536
1692847031.005441,,0.5847,0.7146,0.7146
1692847031.037459,,0.5749,0.6775,0.6775
1692847031.073374,,0.5804,0.7111,0.7111
1692847031.105434,,0.6179,0.7068,0.7068
1692847031.137417,,0.6125,0.6927,0.6927
1692847031.173588,,0.593,0.685,0.685
1692847031.205456,,0.586,0.6368,0.6368
1692847031.237406,,0.601,0.6887,0.6887
1692847031.273397,,0.5373,0.6935,0.6935
1692847031.305605,,0.601,0.7336,0.7336
1692847031.337422,,0.5801,0.6527,0.6527
1692847031.373420,,0.5182,0.6402,0.6402
1692847031.405410,,0.6011,0.7055,0.7055
1692847031.437369,,0.5373,0.7054,0.7054
1692847031.473356,,0.577,0.6166,0.6166
1692847031.505536,,0.5536,0.6383,0.6383
1692847031.537284,,0.3549,0.6542,0.6542
1692847031.573480,,0.4935,0.7146,0.7146
1692847031.605483,,0.4986,0.6756,0.6756
1692847031.637619,,0.4062,0.6697,0.6697
1692847031.673696,,0.5022,0.6623,0.6623
1692847031.705793,,0.5117,0.6512,0.6512
1692847031.737575,,0.4376,0.6165,0.6165
1692847031.773438,,0.436,0.664,0.664
1692847031.805496,,0.551,0.6643,0.6643
1692847031.837410,,0.5939,0.6437,0.6437
1692847031.873447,,0.6038,0.6499,0.6499
1692847031.905465,,0.512,0.6732,0.6732
1692847031.937355,,0.5826,0.6882,0.6882
1692847031.973313,,0.561,0.7012,0.7012
1692847032.005459,,0.5357,0.6217,0.6217
1692847032.037357,,0.5948,0.6107,0.6107
1692847032.073844,,0.6239,0.6561,0.6561
1692847032.105493,,0.5255,0.5788,0.5788
1692847032.137537,,0.6387,0.6984,0.6984
1692847032.173408,,0.4202,0.628,0.628
1692847032.205592,,0.5419,0.6508,0.6508
1692847032.237511,,0.6045,0.6439,0.6439
1692847032.273329,,0.5211,0.6725,0.6725
1692847032.305389,,0.3803,0.6964,0.6964
1692847032.337306,,0.5281,0.6275,0.6275
1692847032.373345,,0.3725,0.7233,0.7233
1692847032.405518,,0.546,0.6974,0.6974
1692847032.437600,,0.3891,0.6834,0.6834
1692847032.473563,,0.3402,0.6537,0.6537
1692847032.505567,,0.3785,0.6456,0.6456
1692847032.537589,,0.4341,0.4631,0.4631
1692847032.573436,,0.447,0.5188,0.5188
1692847032.605752,,0.3869,0.6491,0.6491
1692847032.637375,,0.413,0.5849,0.5849
1692847032.673524,,0.3628,0.5031,0.5031
1692847032.705572,,0.3889,0.496,0.496
1692847032.737460,,0.3112,0.589,0.589
1692847032.773379,,0.3213,0.5963,0.5963
1692847032.806307,,0.4279,0.6677,0.6677
1692847032.837871,,0.358,0.6101,0.6101
1692847032.873421,,0.3062,0.4096,0.4096
1692847032.905700,,0.3584,0.5977,0.5977
1692847032.938002,,0.4181,0.4772,0.4772
1692847032.973241,,0.3578,0.3823,0.3823
1692847033.005433,,0.3827,0.5497,0.5497
1692847033.037673,,0.4123,0.5817,0.5817
1692847033.073292,,0.5272,0.6035,0.6035
1692847033.105468,,0.321,0.5438,0.5438
1692847033.137434,,0.3348,0.4439,0.4439
1692847033.173428,,0.3485,0.5089,0.5089
1692847033.205569,,0.3133,0.593,0.593
1692847033.237728,,0.4395,0.6192,0.6192
1692847033.273458,,0.3101,0.6073,0.6073
1692847033.305733,,0.3039,0.5282,0.5282
1692847033.337417,,0.3337,0.6463,0.6463
1692847033.373426,,0.3525,0.6249,0.6249
1692847033.405488,,0.3585,0.5794,0.5794
1692847033.437497,,0.331,0.563,0.563
1692847033.473357,,0.3833,0.6616,0.6616
1692847033.505442,,0.4397,0.6496,0.6496
1692847033.537488,,0.3358,0.6407,0.6407
1692847033.573384,,0.2843,0.6105,0.6105
1692847033.605481,,0.5181,0.6403,0.6403
1692847033.637459,,0.3409,0.606,0.606
1692847033.673340,,0.4092,0.577,0.577
1692847033.705430,,0.337,0.5737,0.5737
1692847033.737486,,0.4143,0.6705,0.6705
1692847033.773391,,0.4288,0.663,0.663
1692847033.805496,,0.482,0.6609,0.6609
1692847033.837349,,0.3101,0.6396,0.6396
1692847033.873419,,0.3147,0.6656,0.6656
1692847033.905464,,0.445,0.6561,0.6561
1692847033.937408,,0.2742,0.5516,0.5516
1692847033.973420,,0.3939,0.4627,0.4627
1692847034.005596,,0.5245,0.6859,0.6859
1692847034.037620,,0.4889,0.7036,0.7036
1692847034.073386,,0.4017,0.6704,0.6704
1692847034.105433,,0.5811,0.6846,0.6846
1692847034.137567,,0.3423,0.6719,0.6719
1692847034.173605,,0.3749,0.6459,0.6459
1692847034.205508,,0.4319,0.6762,0.6762
1692847034.237410,,0.3768,0.7248,0.7248
1692847034.273426,,0.5432,0.7739,0.7739
1692847034.305654,,0.5647,0.7065,0.7065
1692847034.337350,,0.6072,0.6778,0.6778
1692847034.373396,,0.6168,0.731,0.731
1692847034.405399,,0.5435,0.6425,0.6425
1692847034.437758,,0.55,0.6761,0.6761
1692847034.473403,,0.5102,0.7133,0.7133
1692847034.505964,,0.4668,0.6913,0.6913
1692847034.537512,,0.6328,0.6604,0.6604
1692847034.573749,,0.5747,0.6434,0.6434
1692847034.605572,,0.6578,0.6507,0.6578
1692847034.637417,,0.6201,0.5965,0.6201
1692847034.673656,,0.6628,0.6066,0.6628
1692847034.705456,,0.6515,0.6879,0.6879
1692847034.737444,,0.6249,0.6842,0.6842
1692847034.773341,,0.5295,0.7047,0.7047
1692847034.805560,,0.6165,0.6655,0.6655
1692847034.837867,,0.6212,0.556,0.6212
1692847034.873524,,0.6246,0.5179,0.6246
1692847034.905415,,0.5804,0.6988,0.6988
1692847034.937700,,0.575,0.7076,0.7076
1692847034.974999,,0.6119,0.6941,0.6941
1692847035.005992,,0.5641,0.6743,0.6743
1692847035.037991,,0.5915,0.7282,0.7282
1692847035.073621,,0.5054,0.6585,0.6585
1692847035.105584,,0.6166,0.6604,0.6604
1692847035.137411,,0.6266,0.7038,0.7038
1692847035.173393,,0.6479,0.7012,0.7012
1692847035.205991,,0.6286,0.7164,0.7164
1692847035.237694,,0.6045,0.7058,0.7058
1692847035.273416,,0.5921,0.7213,0.7213
1692847035.305470,,0.6146,0.6715,0.6715
1692847035.337595,,0.6275,0.7117,0.7117
1692847035.373946,,0.6009,0.7141,0.7141
1692847035.405895,,0.5811,0.7173,0.7173
1692847035.437832,,0.703,0.7351,0.7351
1692847035.473603,,0.6799,0.6829,0.6829
1692847035.505570,,0.6614,0.7176,0.7176
1692847035.537307,,0.6564,0.6741,0.6741
1692847035.573415,,0.6415,0.6179,0.6415
1692847035.605486,,0.6506,0.6568,0.6568
1692847035.637587,,0.6746,0.7181,0.7181
1692847035.673487,,0.6764,0.6947,0.6947
1692847035.705474,,0.6722,0.7279,0.7279
1692847035.737568,,0.671,0.6784,0.6784
1692847035.773677,,0.6532,0.6228,0.6532
1692847035.805560,,0.593,0.6887,0.6887
1692847035.837493,,0.6158,0.7131,0.7131
1692847035.873443,,0.5833,0.687,0.687
1692847035.905437,,0.6515,0.7088,0.7088
1692847035.937517,,0.6661,0.7093,0.7093
1692847035.973323,,0.6813,0.6418,0.6813
1692847036.005390,,0.6725,0.6425,0.6725
1692847036.037494,,0.6729,0.6436,0.6729
1692847036.073441,,0.6705,0.6615,0.6705
1692847036.105533,,0.6792,0.6997,0.6997
1692847036.137404,,0.6512,0.6617,0.6617
1692847036.173566,,0.6505,0.6884,0.6884
1692847036.205526,,0.6424,0.7199,0.7199
1692847036.237516,,0.6517,0.7427,0.7427
1692847036.273266,,0.6466,0.7071,0.7071
1692847036.305473,,0.6411,0.705,0.705
1692847036.337407,,0.5938,0.6746,0.6746
1692847036.373330,,0.6414,0.6852,0.6852
1692847036.405568,,0.6483,0.7372,0.7372
1692847036.437556,,0.6863,0.7262,0.7262
1692847036.473496,,0.6672,0.6936,0.6936
1692847036.505542,,0.6895,0.6959,0.6959
1692847036.537401,,0.6656,0.6696,0.6696
1692847036.573479,,0.6795,0.7196,0.7196
1692847036.605444,,0.6767,0.6793,0.6793
1692847036.637405,,0.6821,0.6939,0.6939
1692847036.673336,,0.6579,0.7446,0.7446
1692847036.705477,,0.6642,0.7402,0.7402
1692847036.737346,,0.6212,0.7536,0.7536
1692847036.773571,,0.6344,0.7296,0.7296
1692847036.805553,,0.6155,0.7657,0.7657
1692847036.837384,,0.6147,0.7036,0.7036
1692847036.873769,,0.613,0.7149,0.7149
1692847036.905572,,0.6254,0.7133,0.7133
1692847036.937562,,0.5932,0.7453,0.7453
1692847036.973655,,0.6174,0.7196,0.7196
1692847037.005513,,0.5568,0.6856,0.6856
1692847037.037496,,0.641,0.7368,0.7368
1692847037.073273,,0.6465,0.7534,0.7534
1692847037.105559,,0.6601,0.755,0.755
1692847037.137279,,0.6714,0.77,0.77
1692847037.173506,,0.6817,0.7485,0.7485
1692847037.205532,,0.6453,0.7565,0.7565
1692847037.238634,,0.6762,0.7637,0.7637
1692847037.273559,,0.6565,0.7772,0.7772
1692847037.305475,,0.6762,0.7827,0.7827
1692847037.337642,,0.6834,0.7817,0.7817
1692847037.373328,,0.6705,0.772,0.772
1692847037.405502,,0.6884,0.7596,0.7596
1692847037.437510,,0.6487,0.7821,0.7821
1692847037.473409,,0.6954,0.7785,0.7785
1692847037.505682,,0.7011,0.7764,0.7764
1692847037.537473,,0.6918,0.7744,0.7744
1692847037.573460,,0.7182,0.7671,0.7671
1692847037.605757,,0.6904,0.7524,0.7524
1692847037.637870,,0.7088,0.7595,0.7595
1692847037.673361,,0.6998,0.7524,0.7524
1692847037.705451,,0.6766,0.7015,0.7015
1692847037.737612,,0.707,0.7406,0.7406
1692847037.773432,,0.6806,0.6932,0.6932
1692847037.805637,,0.6838,0.7158,0.7158
1692847037.837373,,0.7047,0.7475,0.7475
1692847037.873291,,0.7021,0.7412,0.7412
1692847037.905326,,0.6625,0.6403,0.6625
1692847037.937311,,0.6783,0.6765,0.6783
1692847037.973319,,0.6895,0.7281,0.7281
1692847038.005429,,0.6953,0.7217,0.7217
1692847038.037481,,0.7087,0.7494,0.7494
1692847038.073649,,0.7067,0.7594,0.7594
1692847038.105618,,0.7113,0.7636,0.7636
1692847038.137496,,0.7065,0.7194,0.7194
1692847038.173370,,0.7085,0.735,0.735
1692847038.205455,,0.7159,0.7464,0.7464
1692847038.237468,,0.6875,0.7187,0.7187
1692847038.273357,,0.689,0.6992,0.6992
1692847038.305396,,0.7024,0.7373,0.7373
1692847038.337355,,0.6875,0.74,0.74
1692847038.373486,,0.6293,0.7316,0.7316
1692847038.405400,,0.6601,0.7741,0.7741
1692847038.437395,,0.628,0.7657,0.7657
1692847038.473457,,0.6133,0.7499,0.7499
1692847038.505396,,0.6779,0.7566,0.7566
1692847038.537423,,0.6802,0.7575,0.7575
1692847038.573283,,0.7074,0.7281,0.7281
1692847038.605615,,0.6599,0.7405,0.7405
1692847038.637346,,0.6981,0.7197,0.7197
1692847038.673293,,0.7037,0.7246,0.7246
1692847038.705493,,0.7057,0.6972,0.7057
1692847038.737366,,0.7084,0.7591,0.7591
1692847038.773291,,0.6769,0.7651,0.7651
1692847038.805576,,0.6914,0.7452,0.7452
1692847038.837383,,0.6594,0.744,0.744
1692847038.873364,,0.6554,0.731,0.731
1692847038.905494,,0.6318,0.7523,0.7523
1692847038.937427,,0.6737,0.7269,0.7269
1692847038.973690,,0.6776,0.741,0.741
1692847039.005469,,0.6997,0.7178,0.7178
1692847039.037451,,0.7088,0.7423,0.7423
1692847039.073269,,0.7147,0.7101,0.7147
1692847039.105489,,0.7184,0.7395,0.7395
1692847039.137431,,0.7211,0.7507,0.7507
1692847039.173467,,0.7191,0.7494,0.7494
1692847039.205704,,0.7093,0.7389,0.7389
1692847039.237483,,0.7219,0.7513,0.7513
1692847039.273478,,0.6999,0.7253,0.7253
1692847039.305610,,0.6884,0.6826,0.6884
1692847039.337390,,0.7109,0.7598,0.7598
1692847039.373411,,0.6716,0.6886,0.6886
1692847039.405491,,0.7199,0.7469,0.7469
1692847039.437478,,0.7227,0.7401,0.7401
1692847039.473457,,0.7028,0.7349,0.7349
1692847039.505556,,0.7291,0.7332,0.7332
1692847039.537512,,0.7451,0.7429,0.7451
1692847039.573441,,0.7251,0.7457,0.7457
1692847039.605678,,0.7146,0.6885,0.7146
1692847039.637509,,0.7399,0.7067,0.7399
1692847039.673369,,0.7241,0.7487,0.7487
1692847039.705505,,0.6942,0.7228,0.7228
1692847039.737870,,0.668,0.7061,0.7061
1692847039.773348,,0.6918,0.6939,0.6939
1692847039.805672,,0.6917,0.7116,0.7116
1692847039.837536,,0.7142,0.7265,0.7265
1692847039.873404,,0.709,0.7127,0.7127
1692847039.905705,,0.7156,0.6996,0.7156
1692847039.937482,,0.7151,0.6123,0.7151
1692847039.973446,,0.7252,0.7251,0.7252
1692847040.005397,,0.7223,0.6895,0.7223
1692847040.037473,,0.7307,0.7036,0.7307
1692847040.073496,,0.7471,0.7023,0.7471
1692847040.105380,,0.7394,0.6647,0.7394
1692847040.137498,,0.7239,0.7235,0.7239
1692847040.173460,,0.7188,0.6951,0.7188
1692847040.205554,,0.7055,0.7198,0.7198
1692847040.237237,,0.7236,0.7052,0.7236
1692847040.273441,,0.727,0.7046,0.727
1692847040.305481,,0.7375,0.6946,0.7375
1692847040.337326,,0.7338,0.6645,0.7338
1692847040.373410,,0.7281,0.7017,0.7281
1692847040.405713,,0.7377,0.6644,0.7377
1692847040.437486,,0.7431,0.6443,0.7431
1692847040.473373,,0.7424,0.6209,0.7424
1692847040.505564,,0.7599,0.7207,0.7599
1692847040.537560,,0.745,0.7249,0.745
1692847040.573678,,0.7635,0.7542,0.7635
1692847040.605467,,0.7538,0.7479,0.7538
1692847040.637483,,0.7426,0.7265,0.7426
1692847040.673559,,0.7551,0.7039,0.7551
1692847040.705506,,0.7332,0.7032,0.7332
1692847040.737346,,0.7384,0.6913,0.7384
1692847040.774957,,0.7406,0.7418,0.7418
1692847040.805480,,0.7346,0.7231,0.7346
1692847040.837543,,0.743,0.7066,0.743
1692847040.873449,,0.7328,0.7244,0.7328
1692847040.905461,,0.7271,0.7153,0.7271
1692847040.937346,,0.7337,0.7283,0.7337
1692847040.973464,,0.7353,0.7053,0.7353
1692847041.005430,,0.7293,0.685,0.7293
1692847041.037349,,0.7249,0.717,0.7249
1692847041.073363,,0.7566,0.7434,0.7566
1692847041.105482,,0.7443,0.7117,0.7443
1692847041.137419,,0.74,0.7101,0.74
1692847041.173402,,0.7507,0.7359,0.7507
1692847041.205510,,0.7258,0.7037,0.7258
1692847041.237541,,0.7326,0.6698,0.7326
1692847041.273481,,0.736,0.6924,0.736
1692847041.305577,,0.7503,0.7136,0.7503
1692847041.337587,,0.7534,0.721,0.7534
1692847041.373354,,0.7357,0.7298,0.7357
1692847041.405487,,0.7208,0.7025,0.7208
1692847041.437435,,0.7529,0.7455,0.7529
1692847041.473377,,0.7673,0.6901,0.7673
1692847041.505371,,0.7562,0.6594,0.7562
1692847041.537378,,0.74,0.7219,0.74
1692847041.573292,,0.7397,0.7068,0.7397
1692847041.605199,,0.7519,0.7276,0.7519
1692847041.637240,,0.7416,0.7203,0.7416
1692847041.673116,,0.7279,0.6618,0.7279
1692847041.705122,,0.732,0.6565,0.732
1692847041.737172,,0.7393,0.6853,0.7393
1692847041.773132,,0.7525,0.6984,0.7525
1692847041.805342,,0.7556,0.7121,0.7556
1692847041.837296,,0.733,0.6987,0.733
1692847041.873372,,0.7266,0.6185,0.7266
1692847041.905371,,0.7297,0.656,0.7297
1692847041.937396,,0.731,0.7003,0.731
1692847041.973287,,0.7215,0.6741,0.7215
1692847042.005465,,0.7385,0.7128,0.7385
1692847042.037442,,0.7375,0.6928,0.7375
1692847042.073544,,0.7298,0.6452,0.7298
1692847042.105658,,0.7129,0.6512,0.7129
1692847042.137559,,0.7206,0.692,0.7206
1692847042.173071,,0.7304,0.7233,0.7304
1692847042.205508,,0.691,0.7185,0.7185
1692847042.237251,,0.7146,0.7115,0.7146
1692847042.273225,,0.7373,0.6881,0.7373
1692847042.305284,,0.7426,0.6977,0.7426
1692847042.337343,,0.7257,0.7083,0.7257
1692847042.373349,,0.7257,0.7191,0.7257
1692847042.405376,,0.7211,0.7062,0.7211
1692847042.437796,,0.7153,0.6694,0.7153
1692847042.473230,,0.6852,0.6743,0.6852
1692847042.505247,,0.7009,0.7015,0.7015
1692847042.537358,,0.7262,0.6769,0.7262
1692847042.573255,,0.7134,0.6644,0.7134
1692847042.605375,,0.7108,0.6367,0.7108
1692847042.637238,,0.702,0.6666,0.702
1692847042.673152,,0.7101,0.6931,0.7101
1692847042.705233,,0.6964,0.6962,0.6964
1692847042.737194,,0.6949,0.706,0.706
1692847042.773164,,0.7252,0.7087,0.7252
1692847042.805426,,0.7391,0.716,0.7391
1692847042.837377,,0.7154,0.7013,0.7154
1692847042.873368,,0.7027,0.6511,0.7027
1692847042.905706,,0.7097,0.6581,0.7097
1692847042.937553,,0.7096,0.6614,0.7096
1692847042.973410,,0.7065,0.7024,0.7065
1692847043.005522,,0.7112,0.7077,0.7112
1692847043.037504,,0.6735,0.6518,0.6735
1692847043.077173,,0.5748,0.618,0.618
1692847043.110310,,0.6346,0.652,0.652
1692847043.137368,,0.6835,0.666,0.6835
1692847043.173409,,0.6907,0.6821,0.6907
1692847043.205483,,0.6671,0.669,0.669
1692847043.237428,,0.667,0.6837,0.6837
1692847043.273458,,0.6642,0.6879,0.6879
1692847043.305615,,0.6692,0.6728,0.6728
1692847043.337428,,0.6686,0.6797,0.6797
1692847043.373482,,0.6558,0.6954,0.6954
1692847043.405567,,0.6864,0.7078,0.7078
1692847043.437446,,0.6889,0.7137,0.7137
1692847043.473509,,0.6888,0.7012,0.7012
1692847043.505441,,0.6853,0.6995,0.6995
1692847043.537474,,0.6687,0.677,0.677
1692847043.573636,,0.6856,0.6838,0.6856
1692847043.605688,,0.6795,0.709,0.709
1692847043.637479,,0.666,0.6671,0.6671
1692847043.675156,,0.6636,0.6838,0.6838
1692847043.705516,,0.5917,0.6826,0.6826
1692847043.737508,,0.6643,0.7041,0.7041
1692847043.773422,,0.6692,0.6729,0.6729
1692847043.805483,,0.6677,0.6913,0.6913
1692847043.837469,,0.6693,0.6718,0.6718
1692847043.873612,,0.6812,0.6546,0.6812
1692847043.905468,,0.6769,0.6547,0.6769
1692847043.937492,,0.6899,0.6885,0.6899
1692847043.973699,,0.6664,0.6881,0.6881
1692847044.005475,,0.6556,0.6747,0.6747
1692847044.037505,,0.6507,0.6969,0.6969
1692847044.073477,,0.6351,0.6874,0.6874
1692847044.105467,,0.6426,0.6739,0.6739
1692847044.137465,,0.6608,0.6529,0.6608
1692847044.173515,,0.6838,0.6886,0.6886
1692847044.205562,,0.6735,0.6948,0.6948
1692847044.237484,,0.6661,0.6839,0.6839
1692847044.273779,,0.5814,0.6634,0.6634
1692847044.305534,,0.6869,0.6868,0.6869
1692847044.337432,,0.6916,0.687,0.6916
1692847044.373360,,0.6861,0.7108,0.7108
1692847044.405520,,0.6872,0.6863,0.6872
1692847044.437550,,0.6738,0.6783,0.6783
1692847044.473497,,0.6777,0.6989,0.6989
1692847044.506112,,0.6664,0.6789,0.6789
1692847044.537616,,0.6869,0.6859,0.6869
1692847044.573430,,0.6829,0.6549,0.6829
1692847044.605565,,0.6767,0.6901,0.6901
1692847044.637580,,0.6001,0.6967,0.6967
1692847044.673438,,0.6552,0.6621,0.6621
1692847044.705546,,0.6794,0.6764,0.6794
1692847044.737599,,0.7039,0.7058,0.7058
1692847044.773427,,0.6764,0.6894,0.6894
1692847044.805519,,0.6679,0.6742,0.6742
1692847044.837665,,0.6681,0.6948,0.6948
1692847044.873793,,0.6713,0.6928,0.6928
1692847044.905544,,0.6935,0.7035,0.7035
1692847044.937532,,0.6776,0.6859,0.6859
1692847044.973546,,0.6835,0.6982,0.6982
1692847045.005528,,0.6915,0.6874,0.6915
1692847045.037521,,0.6714,0.6521,0.6714
1692847045.073363,,0.6918,0.6898,0.6918
1692847045.105442,,0.6627,0.6865,0.6865
1692847045.137471,,0.6675,0.6687,0.6687
1692847045.173516,,0.6806,0.6752,0.6806
1692847045.205772,,0.6836,0.6715,0.6836
1692847045.237480,,0.628,0.6972,0.6972
1692847045.273479,,0.5803,0.6887,0.6887
1692847045.305512,,0.6725,0.6779,0.6779
1692847045.337376,,0.6864,0.7058,0.7058
1692847045.373454,,0.6628,0.6865,0.6865
1692847045.405539,,0.6267,0.6668,0.6668
1692847045.437477,,0.6178,0.6735,0.6735
1692847045.473742,,0.6354,0.6788,0.6788
1692847045.505471,,0.6498,0.5998,0.6498
1692847045.537472,,0.6372,0.6539,0.6539
1692847045.573411,,0.6354,0.6746,0.6746
1692847045.605810,,0.582,0.6632,0.6632
1692847045.637414,,0.4836,0.6185,0.6185
1692847045.673411,,0.6427,0.6431,0.6431
1692847045.705530,,0.6612,0.6539,0.6612
1692847045.737478,,0.6566,0.6645,0.6645
1692847045.773443,,0.6232,0.6502,0.6502
1692847045.805566,,0.6127,0.6514,0.6514
1692847045.837493,,0.6302,0.6865,0.6865
1692847045.873471,,0.581,0.6415,0.6415
1692847045.905553,,0.5961,0.6234,0.6234
1692847045.937490,,0.5941,0.6024,0.6024
1692847045.973609,,0.569,0.739,0.739
1692847046.005616,,0.5876,0.6388,0.6388
1692847046.037502,,0.6419,0.6965,0.6965
1692847046.073383,,0.5909,0.677,0.677
1692847046.105680,,0.6258,0.6913,0.6913
1692847046.137638,,0.6015,0.6824,0.6824
1692847046.173600,,0.6411,0.6275,0.6411
1692847046.205609,,0.6619,0.6391,0.6619
1692847046.237487,,0.6292,0.6865,0.6865
1692847046.273582,,0.6175,0.6875,0.6875
1692847046.305845,,0.5919,0.629,0.629
1692847046.337637,,0.606,0.6354,0.6354
1692847046.373484,,0.5685,0.6272,0.6272
1692847046.405527,,0.5669,0.655,0.655
1692847046.437464,,0.5797,0.6872,0.6872
1692847046.473408,,0.6466,0.69,0.69
1692847046.505585,,0.5979,0.6827,0.6827
1692847046.537461,,0.6425,0.6497,0.6497
1692847046.573435,,0.6822,0.6778,0.6822
1692847046.605488,,0.6372,0.6694,0.6694
1692847046.637558,,0.6327,0.6602,0.6602
1692847046.674698,,0.6489,0.6674,0.6674
1692847046.705500,,0.6499,0.6817,0.6817
1692847046.739080,,0.6063,0.681,0.681
1692847046.773475,,0.6329,0.6944,0.6944
1692847046.805629,,0.6271,0.6918,0.6918
1692847046.837879,,0.6189,0.6841,0.6841
1692847046.873393,,0.664,0.716,0.716
1692847046.905485,,0.6071,0.6487,0.6487
1692847046.937561,,0.6103,0.691,0.691
1692847046.973422,,0.6481,0.6987,0.6987
1692847047.005393,,0.6699,0.6463,0.6699
1692847047.037436,,0.6652,0.6673,0.6673
1692847047.073381,,0.6391,0.6258,0.6391
1692847047.105480,,0.6792,0.691,0.691
1692847047.137486,,0.6238,0.7057,0.7057
1692847047.173358,,0.6208,0.6833,0.6833
1692847047.205479,,0.6825,0.6881,0.6881
1692847047.237447,,0.603,0.6921,0.6921
1692847047.273422,,0.6162,0.6907,0.6907
1692847047.305400,,0.5755,0.6525,0.6525
1692847047.337349,,0.5562,0.6745,0.6745
1692847047.373440,,0.6463,0.686,0.686
1692847047.405592,,0.6271,0.6909,0.6909
1692847047.437438,,0.6287,0.7079,0.7079
1692847047.473385,,0.6736,0.6977,0.6977
1692847047.505472,,0.6211,0.6548,0.6548
1692847047.537328,,0.6473,0.6879,0.6879
1692847047.573416,,0.6329,0.663,0.663
1692847047.605593,,0.6185,0.6735,0.6735
1692847047.637786,,0.6307,0.6907,0.6907
1692847047.673449,,0.6345,0.7009,0.7009
1692847047.709774,,0.6213,0.6988,0.6988
1692847047.741672,,0.6223,0.6976,0.6976
1692847047.777881,,0.5735,0.691,0.691
1692847047.809711,,0.6271,0.7135,0.7135
1692847047.841695,,0.612,0.713,0.713
1692847047.877654,,0.5753,0.6821,0.6821
1692847047.909642,,0.646,0.6755,0.6755
1692847047.941764,,0.6607,0.6758,0.6758
1692847047.977495,,0.5905,0.6806,0.6806
1692847048.005618,,0.5942,0.6878,0.6878
1692847048.037441,,0.5718,0.6838,0.6838
1692847048.073649,,0.5837,0.6641,0.6641
1692847048.105503,,0.6098,0.6598,0.6598
1692847048.137417,,0.691,0.6971,0.6971
1692847048.173378,,0.6638,0.6815,0.6815
1692847048.205440,,0.6555,0.6845,0.6845
1692847048.237457,,0.6319,0.6948,0.6948
1692847048.273441,,0.6211,0.6909,0.6909
1692847048.305402,,0.6384,0.6757,0.6757
1692847048.337464,,0.6414,0.6322,0.6414
1692847048.373485,,0.6187,0.6239,0.6239
1692847048.405756,,0.6711,0.7009,0.7009
1692847048.437661,,0.6576,0.68,0.68
1692847048.469795,,0.6674,0.6797,0.6797
1692847048.505672,,0.6253,0.6615,0.6615
1692847048.537588,,0.6505,0.6589,0.6589
1692847048.569878,,0.6353,0.6824,0.6824
1692847048.605606,,0.5972,0.6427,0.6427
1692847048.637494,,0.6111,0.6686,0.6686
1692847048.670038,,0.5858,0.6589,0.6589
1692847048.705561,,0.614,0.6799,0.6799
1692847048.737545,,0.6555,0.6776,0.6776
1692847048.769534,,0.603,0.6484,0.6484
1692847048.805591,,0.6007,0.584,0.6007
1692847048.837884,,0.6229,0.5883,0.6229
1692847048.869536,,0.6513,0.6135,0.6513
1692847048.905566,,0.5855,0.6206,0.6206
1692847048.937498,,0.6161,0.6627,0.6627
1692847048.969606,,0.6091,0.6566,0.6566
1692847049.005536,,0.6248,0.6326,0.6326
1692847049.037513,,0.6107,0.6648,0.6648
1692847049.069555,,0.6143,0.6672,0.6672
1692847049.105635,,0.6151,0.6533,0.6533
1692847049.137511,,0.5815,0.6602,0.6602
1692847049.169590,,0.561,0.6544,0.6544
1692847049.205605,,0.6086,0.6532,0.6532
1692847049.237803,,0.5384,0.584,0.584
1692847049.270309,,0.5333,0.6173,0.6173
1692847049.305513,,0.5604,0.6391,0.6391
1692847049.337813,,0.5546,0.6619,0.6619
1692847049.369722,,0.5515,0.6487,0.6487
1692847049.405543,,0.5738,0.6942,0.6942
1692847049.437640,,0.6081,0.6703,0.6703
1692847049.469643,,0.5996,0.6267,0.6267
1692847049.505593,,0.6167,0.6517,0.6517
1692847049.537537,,0.5621,0.6515,0.6515
1692847049.569677,,0.5559,0.6663,0.6663
1692847049.605632,,0.6445,0.6909,0.6909
1692847049.637529,,0.5939,0.6279,0.6279
1692847049.669572,,0.5043,0.447,0.5043
1692847049.705499,,0.5699,0.6108,0.6108
1692847049.737526,,0.6137,0.5539,0.6137
1692847049.769698,,0.4435,0.6779,0.6779
1692847049.805487,,0.4875,0.711,0.711
1692847049.837493,,0.3465,0.6423,0.6423
1692847049.869724,,0.3932,0.5962,0.5962
1692847049.905598,,0.573,0.7063,0.7063
1692847049.937610,,0.4329,0.5667,0.5667
1692847049.969688,,0.4967,0.677,0.677
1692847050.005759,,0.5653,0.6981,0.6981
1692847050.037645,,0.5242,0.6497,0.6497
1692847050.071443,,0.5871,0.6569,0.6569
1692847050.105717,,0.5425,0.5539,0.5539
1692847050.137535,,0.5644,0.5744,0.5744
1692847050.169660,,0.5132,0.5918,0.5918
1692847050.205520,,0.598,0.6725,0.6725
1692847050.237525,,0.5704,0.6651,0.6651
1692847050.269546,,0.5542,0.6433,0.6433
1692847050.305563,,0.5726,0.6171,0.6171
1692847050.337489,,0.5242,0.5432,0.5432
1692847050.369566,,0.4637,0.6155,0.6155
1692847050.405553,,0.5611,0.6426,0.6426
1692847050.437509,,0.5942,0.6418,0.6418
1692847050.469585,,0.6141,0.6273,0.6273
1692847050.505534,,0.6205,0.5753,0.6205
1692847050.537512,,0.6298,0.5724,0.6298
1692847050.571810,,0.653,0.6338,0.653
1692847050.605524,,0.6381,0.5882,0.6381
1692847050.637554,,0.6201,0.6239,0.6239
1692847050.669743,,0.6329,0.6951,0.6951
1692847050.705508,,0.6473,0.6504,0.6504
1692847050.737733,,0.5974,0.6171,0.6171
1692847050.769778,,0.6316,0.6732,0.6732
1692847050.805757,,0.6266,0.6578,0.6578
1692847050.837929,,0.6148,0.6418,0.6418
1692847050.870083,,0.5713,0.6489,0.6489
1692847050.905730,,0.5271,0.5814,0.5814
1692847050.937868,,0.5958,0.6225,0.6225
1692847050.969858,,0.6673,0.6525,0.6673
1692847051.005838,,0.6549,0.6902,0.6902
1692847051.037989,,0.6003,0.6597,0.6597
1692847051.069551,,0.6538,0.6284,0.6538
1692847051.105544,,0.6388,0.6306,0.6388
1692847051.137607,,0.5943,0.6172,0.6172
1692847051.169598,,0.6245,0.6314,0.6314
1692847051.205991,,0.608,0.6633,0.6633
1692847051.237706,,0.5923,0.6014,0.6014
1692847051.269741,,0.6043,0.5343,0.6043
1692847051.305647,,0.5767,0.5444,0.5767
1692847051.337538,,0.5805,0.6084,0.6084
1692847051.369622,,0.4853,0.6388,0.6388
1692847051.405572,,0.472,0.6055,0.6055
1692847051.437504,,0.5868,0.6668,0.6668
1692847051.469611,,0.5942,0.5814,0.5942
1692847051.505668,,0.6522,0.6822,0.6822
1692847051.537831,,0.6273,0.6808,0.6808
1692847051.569830,,0.6715,0.6546,0.6715
1692847051.605799,,0.6721,0.5899,0.6721
1692847051.638184,,0.6429,0.5174,0.6429
1692847051.670234,,0.6256,0.6015,0.6256
1692847051.705765,,0.6274,0.5728,0.6274
1692847051.737783,,0.6164,0.6186,0.6186
1692847051.769892,,0.6592,0.6667,0.6667
1692847051.805519,,0.611,0.6347,0.6347
1692847051.837583,,0.5785,0.6785,0.6785
1692847051.869631,,0.5279,0.6968,0.6968
1692847051.905532,,0.5796,0.7029,0.7029
1692847051.937613,,0.5887,0.6276,0.6276
1692847051.969714,,0.6428,0.659,0.659
1692847052.005572,,0.6143,0.6143,0.6143
1692847052.037584,,0.6271,0.6042,0.6271
1692847052.069578,,0.6407,0.6559,0.6559
1692847052.105541,,0.6572,0.6973,0.6973
1692847052.137520,,0.6075,0.6742,0.6742
1692847052.169623,,0.6196,0.6701,0.6701
1692847052.205536,,0.5683,0.5994,0.5994
1692847052.237527,,0.6215,0.6838,0.6838
1692847052.269567,,0.6225,0.6966,0.6966
1692847052.305608,,0.5947,0.6787,0.6787
1692847052.337756,,0.5138,0.6456,0.6456
1692847052.370626,,0.4732,0.5677,0.5677
1692847052.405704,,0.5852,0.6395,0.6395
1692847052.438080,,0.6167,0.6812,0.6812
1692847052.469572,,0.6115,0.6878,0.6878
1692847052.505630,,0.6157,0.6576,0.6576
1692847052.537509,,0.6587,0.6621,0.6621
1692847052.569583,,0.6177,0.6262,0.6262
1692847052.605542,,0.6106,0.6282,0.6282
1692847052.637490,,0.627,0.6811,0.6811
1692847052.669548,,0.6328,0.6483,0.6483
1692847052.705478,,0.6102,0.544,0.6102
1692847052.737483,,0.6042,0.6087,0.6087
1692847052.769967,,0.5519,0.6386,0.6386
1692847052.806256,,0.4716,0.6272,0.6272
1692847052.837517,,0.5324,0.6032,0.6032
1692847052.869570,,0.5379,0.5932,0.5932
1692847052.905537,,0.598,0.652,0.652
1692847052.937617,,0.6227,0.6087,0.6227
1692847052.969676,,0.6335,0.6358,0.6358
1692847053.005594,,0.6113,0.6018,0.6113
1692847053.037514,,0.5819,0.5628,0.5819
1692847053.069541,,0.5968,0.599,0.599
1692847053.105507,,0.6049,0.6211,0.6211
1692847053.137602,,0.6141,0.6067,0.6141
1692847053.169645,,0.6168,0.6277,0.6277
1692847053.205519,,0.5243,0.6196,0.6196
1692847053.237606,,0.4959,0.61,0.61
1692847053.269833,,0.5789,0.6434,0.6434
1692847053.305607,,0.6263,0.5994,0.6263
1692847053.337574,,0.6496,0.5883,0.6496
1692847053.369845,,0.654,0.6133,0.654
1692847053.405706,,0.6469,0.6606,0.6606
1692847053.437634,,0.6408,0.6922,0.6922
1692847053.469577,,0.6503,0.6938,0.6938
1692847053.505624,,0.592,0.6506,0.6506
1692847053.537497,,0.667,0.6862,0.6862
1692847053.569548,,0.6206,0.6681,0.6681
1692847053.605988,,0.5716,0.6638,0.6638
1692847053.637543,,0.4607,0.6387,0.6387
1692847053.669927,,0.4866,0.5841,0.5841
1692847053.705487,,0.5565,0.6436,0.6436
1692847053.737477,,0.5833,0.6309,0.6309
1692847053.769672,,0.6006,0.6581,0.6581
1692847053.805665,,0.55,0.636,0.636
1692847053.837470,,0.5164,0.6155,0.6155
1692847053.869601,,0.5043,0.5945,0.5945
1692847053.905742,,0.4919,0.6231,0.6231
1692847053.937518,,0.528,0.5835,0.5835
1692847053.969940,,0.4796,0.5607,0.5607
1692847054.005617,,0.4486,0.6007,0.6007
1692847054.037568,,0.4079,0.5745,0.5745
1692847054.069774,,0.4523,0.6171,0.6171
1692847054.105546,,0.4901,0.6009,0.6009
1692847054.137573,,0.4227,0.5607,0.5607
1692847054.169658,,0.5281,0.6584,0.6584
1692847054.205525,,0.4877,0.6282,0.6282
1692847054.237511,,0.4938,0.586,0.586
1692847054.269829,,0.5227,0.5401,0.5401
1692847054.305650,,0.4476,0.5406,0.5406
1692847054.337716,,0.4363,0.5527,0.5527
1692847054.369781,,0.5335,0.6694,0.6694
1692847054.405497,,0.4624,0.4467,0.4624
1692847054.437546,,0.5006,0.5031,0.5031
1692847054.469579,,0.5748,0.5779,0.5779
1692847054.505462,,0.4254,0.571,0.571
1692847054.537580,,0.3679,0.5406,0.5406
1692847054.569550,,0.5064,0.6424,0.6424
1692847054.605565,,0.3318,0.6247,0.6247
1692847054.637528,,0.6706,0.687,0.687
1692847054.669667,,0.388,0.5682,0.5682
1692847054.705604,,0.4158,0.6171,0.6171
1692847054.737520,,0.4118,0.6426,0.6426
1692847054.769600,,0.3443,0.5347,0.5347
1692847054.805590,,0.3701,0.649,0.649
1692847054.837605,,0.5382,0.633,0.633
1692847054.869749,,0.4072,0.6162,0.6162
1692847054.905584,,0.2413,0.5191,0.5191
1692847054.937493,,0.3891,0.5904,0.5904
1692847054.969815,,0.3943,0.5817,0.5817
1692847055.005578,,0.3943,0.6452,0.6452
1692847055.037606,,0.4336,0.5361,0.5361
1692847055.069581,,0.3867,0.5306,0.5306
1692847055.105492,,0.5235,0.5931,0.5931
1692847055.137486,,0.2956,0.6193,0.6193
1692847055.169552,,0.4349,0.5492,0.5492
1692847055.205529,,0.3924,0.5997,0.5997
1692847055.237545,,0.37,0.5484,0.5484
1692847055.269618,,0.5725,0.5573,0.5725
1692847055.305510,,0.4021,0.4998,0.4998
1692847055.337569,,0.4724,0.5888,0.5888
1692847055.369811,,0.3717,0.4796,0.4796
1692847055.405517,,0.3702,0.5384,0.5384
1692847055.437485,,0.3864,0.6001,0.6001
1692847055.469626,,0.389,0.5083,0.5083
1692847055.505529,,0.4103,0.5557,0.5557
1692847055.537489,,0.4789,0.556,0.556
1692847055.569539,,0.4247,0.609,0.609
1692847055.605731,,0.3927,0.5063,0.5063
1692847055.637875,,0.3667,0.4585,0.4585
1692847055.669818,,0.3738,0.5321,0.5321
1692847055.705610,,0.4419,0.4513,0.4513
1692847055.737509,,0.4504,0.5969,0.5969
1692847055.769576,,0.4328,0.4649,0.4649
1692847055.805587,,0.4256,0.6197,0.6197
1692847055.837519,,0.3786,0.5486,0.5486
1692847055.869588,,0.4015,0.5441,0.5441
1692847055.905621,,0.4799,0.5467,0.5467
1692847055.937560,,0.4237,0.4503,0.4503
1692847055.969645,,0.3975,0.5953,0.5953
1692847056.005677,,0.4391,0.5771,0.5771
1692847056.038179,,0.5088,0.4297,0.5088
1692847056.069854,,0.3278,0.5617,0.5617
1692847056.105679,,0.3952,0.5204,0.5204
1692847056.137515,,0.4768,0.5783,0.5783
1692847056.169630,,0.4434,0.6475,0.6475
1692847056.205604,,0.416,0.4383,0.4383
1692847056.237515,,0.4226,0.641,0.641
1692847056.269590,,0.3693,0.4481,0.4481
1692847056.305565,,0.3796,0.5309,0.5309
1692847056.337528,,0.4017,0.4986,0.4986
1692847056.369629,,0.4261,0.5323,0.5323
1692847056.405597,,0.3937,0.5502,0.5502
1692847056.437758,,0.3968,0.4588,0.4588
1692847056.469820,,0.4318,0.6518,0.6518
1692847056.505582,,0.4249,0.5878,0.5878
1692847056.537591,,0.4786,0.5097,0.5097
1692847056.569710,,0.4512,0.56,0.56
1692847056.605528,,0.4179,0.6284,0.6284
1692847056.637530,,0.4955,0.5689,0.5689
1692847056.669590,,0.3786,0.4595,0.4595
1692847056.705588,,0.4077,0.5733,0.5733
1692847056.737554,,0.4044,0.5399,0.5399
1692847056.769660,,0.4966,0.6025,0.6025
1692847056.805512,,0.3047,0.5473,0.5473
1692847056.837547,,0.4902,0.5467,0.5467
1692847056.869608,,0.3293,0.4311,0.4311
1692847056.905633,,0.4283,0.5731,0.5731
1692847056.937535,,0.4062,0.5275,0.5275
1692847056.969556,,0.4569,0.615,0.615
1692847057.005463,,0.4182,0.4128,0.4182
1692847057.037483,,0.4782,0.506,0.506
1692847057.069848,,0.4299,0.6261,0.6261
1692847057.105709,,0.456,0.6161,0.6161
1692847057.137516,,0.4777,0.569,0.569
1692847057.169674,,0.4518,0.4473,0.4518
1692847057.205757,,0.4011,0.6585,0.6585
1692847057.237948,,0.393,0.4852,0.4852
1692847057.269913,,0.5941,0.5798,0.5941
1692847057.305668,,0.4371,0.6289,0.6289
1692847057.337498,,0.5652,0.6125,0.6125
1692847057.369692,,0.5412,0.5562,0.5562
1692847057.405636,,0.5259,0.5605,0.5605
1692847057.437511,,0.4081,0.5529,0.5529
1692847057.474289,,0.4102,0.5589,0.5589
1692847057.505491,,0.336,0.6187,0.6187
1692847057.537557,,0.3604,0.6123,0.6123
1692847057.569535,,0.3879,0.6519,0.6519
1692847057.605611,,0.4014,0.6045,0.6045
1692847057.637456,,0.3439,0.477,0.477
1692847057.669525,,0.3611,0.575,0.575
