img,z,conf_full1920,conf_sahi,conf_union
1692846887.841523,,0.0,0.1597,0.1597
1692846887.873224,,0.0,0.2097,0.2097
1692846887.905400,,0.0,0.2195,0.2195
1692846887.941594,,0.0,0.1772,0.1772
1692846887.973160,,0.0,0.2554,0.2554
1692846888.005300,,0.0,0.1968,0.1968
1692846888.041198,,0.0,0.1967,0.1967
1692846888.105356,,0.0,0.1423,0.1423
1692846888.140991,,0.0,0.2385,0.2385
1692846888.173160,,0.0,0.2041,0.2041
1692846888.205341,,0.0,0.2166,0.2166
1692846888.241313,,0.0,0.1811,0.1811
1692846888.273249,,0.0,0.1172,0.1172
1692846888.305379,,0.0,0.2996,0.2996
1692846888.341681,,0.0,0.1656,0.1656
1692846888.373642,,0.0,0.1366,0.1366
1692846888.405742,,0.0,0.2019,0.2019
1692846888.441180,,0.0,0.2517,0.2517
1692846888.473422,,0.0,0.1699,0.1699
1692846888.505390,,0.0,0.1303,0.1303
1692846888.541217,,0.0,0.1543,0.1543
1692846888.573079,,0.0,0.1395,0.1395
1692846888.605267,,0.0,0.1563,0.1563
1692846888.641296,,0.0,0.2114,0.2114
1692846888.673200,,0.0,0.1738,0.1738
1692846888.705256,,0.0,0.1131,0.1131
1692846888.741496,,0.0,0.2591,0.2591
1692846888.773661,,0.0,0.1978,0.1978
1692846888.805602,,0.0,0.2045,0.2045
1692846888.841176,,0.0,0.1467,0.1467
1692846888.873158,,0.0,0.1953,0.1953
1692846888.905260,,0.0,0.1365,0.1365
1692846888.941070,,0.0,0.133,0.133
1692846888.973110,,0.0,0.2657,0.2657
1692846889.005295,,0.0,0.3047,0.3047
1692846889.041259,,0.0,0.1456,0.1456
1692846889.073618,,0.0,0.1959,0.1959
1692846889.105675,,0.0,0.1612,0.1612
1692846889.141365,,0.0,0.1127,0.1127
1692846889.173436,,0.0,0.1551,0.1551
1692846889.205568,,0.0,0.1352,0.1352
1692846889.241338,,0.0,0.1998,0.1998
1692846889.273396,,0.0,0.1891,0.1891
1692846889.305521,,0.0,0.1835,0.1835
1692846889.341299,,0.0,0.1282,0.1282
1692846889.373255,,0.0,0.1127,0.1127
1692846889.405364,,0.0,0.1533,0.1533
1692846889.441646,,0.0,0.2105,0.2105
1692846889.473613,,0.0,0.1168,0.1168
1692846889.505655,,0.0,0.2004,0.2004
1692846889.541479,,0.0,0.1545,0.1545
1692846889.573248,,0.0,0.1413,0.1413
1692846889.605316,,0.0,0.148,0.148
1692846889.641788,,0.0,0.1266,0.1266
1692846889.673221,,0.0,0.095,0.095
1692846889.705394,,0.0,0.1587,0.1587
1692846889.741189,,0.0,0.1676,0.1676
1692846889.773260,,0.0,0.1459,0.1459
1692846889.805372,,0.0,0.2138,0.2138
1692846889.841494,,0.0,0.1945,0.1945
1692846889.873641,,0.0,0.1117,0.1117
1692846889.905676,,0.0,0.1228,0.1228
1692846889.941271,,0.0,0.1807,0.1807
1692846889.973360,,0.0,0.1902,0.1902
1692846890.005506,,0.0,0.1523,0.1523
1692846890.041215,,0.0,0.1496,0.1496
1692846890.073256,,0.0,0.2577,0.2577
1692846890.105306,,0.0,0.1516,0.1516
1692846890.141053,,0.0,0.1172,0.1172
1692846890.173341,,0.0,0.1657,0.1657
1692846890.205243,,0.0,0.1592,0.1592
1692846890.241255,,0.0,0.2584,0.2584
1692846890.273296,,0.0,0.1484,0.1484
1692846890.305293,,0.0,0.1453,0.1453
1692846890.341167,,0.0,0.1498,0.1498
1692846890.373289,,0.0,0.1649,0.1649
1692846890.405154,,0.0,0.1656,0.1656
1692846890.441213,,0.0,0.1619,0.1619
1692846890.473384,,0.0,0.1371,0.1371
1692846890.505253,,0.0,0.0926,0.0926
1692846890.541363,,0.0,0.2035,0.2035
1692846890.573167,,0.0,0.1627,0.1627
1692846890.605331,,0.0,0.1357,0.1357
1692846890.641196,,0.0,0.2156,0.2156
1692846890.673311,,0.0,0.0868,0.0868
1692846890.705422,,0.0,0.2002,0.2002
1692846890.741265,,0.0,0.1109,0.1109
1692846890.773249,,0.0,0.1505,0.1505
1692846890.805320,,0.0,0.1312,0.1312
1692846890.841237,,0.0,0.3669,0.3669
1692846890.873211,,0.0,0.3055,0.3055
1692846890.905457,,0.0,0.1313,0.1313
1692846890.941207,,0.0,0.1856,0.1856
1692846890.973237,,0.0,0.1215,0.1215
1692846891.005407,,0.0,0.1917,0.1917
1692846891.041432,,0.0,0.1966,0.1966
1692846891.073070,,0.0,0.1362,0.1362
1692846891.104939,,0.0,0.1403,0.1403
1692846891.141058,,0.0,0.1257,0.1257
1692846891.172938,,0.0,0.2051,0.2051
1692846891.204937,,0.0,0.1205,0.1205
1692846891.240995,,0.0,0.1529,0.1529
1692846891.273056,,0.0,0.1344,0.1344
1692846891.304939,,0.0,0.1638,0.1638
1692846891.340928,,0.0,0.1685,0.1685
1692846891.374068,,0.0,0.147,0.147
1692846891.405012,,0.0,0.114,0.114
1692846891.441219,,0.0,0.1384,0.1384
1692846891.473112,,0.0,0.127,0.127
1692846891.505053,,0.0,0.1895,0.1895
1692846891.541082,,0.0,0.1425,0.1425
1692846891.573462,,0.0,0.1571,0.1571
1692846891.605494,,0.0,0.1481,0.1481
1692846891.641807,,0.0,0.1353,0.1353
1692846891.673554,,0.0,0.1569,0.1569
1692846891.705489,,0.0,0.163,0.163
1692846891.741276,,0.0,0.1934,0.1934
1692846891.773446,,0.0,0.2093,0.2093
1692846891.805185,,0.0,0.1357,0.1357
1692846891.841534,,0.0,0.171,0.171
1692846891.873387,,0.0,0.2689,0.2689
1692846891.905061,,0.0,0.1461,0.1461
1692846891.941802,,0.0,0.1425,0.1425
1692846891.973177,,0.0,0.16,0.16
1692846892.005354,,0.0,0.1598,0.1598
1692846892.041761,,0.0,0.1707,0.1707
1692846892.073185,,0.0,0.1401,0.1401
1692846892.105047,,0.0,0.1706,0.1706
1692846892.141327,,0.0,0.1336,0.1336
1692846892.172997,,0.0,0.2366,0.2366
1692846892.205072,,0.0,0.15,0.15
1692846892.241132,,0.0,0.1092,0.1092
1692846892.272935,,0.0,0.1485,0.1485
1692846892.305127,,0.0,0.2221,0.2221
1692846892.341004,,0.0,0.1604,0.1604
1692846892.373144,,0.0,0.2609,0.2609
1692846892.405320,,0.0,0.2207,0.2207
1692846892.441141,,0.0,0.2249,0.2249
1692846892.473359,,0.0,0.1472,0.1472
1692846892.505258,,0.0,0.1609,0.1609
1692846892.540977,,0.0,0.125,0.125
1692846892.573120,,0.0,0.1184,0.1184
1692846892.605304,,0.0,0.2201,0.2201
1692846892.641099,,0.0,0.2836,0.2836
1692846892.673002,,0.0,0.2185,0.2185
1692846892.705241,,0.0,0.2157,0.2157
1692846892.741339,,0.0,0.2177,0.2177
1692846892.773141,,0.0,0.1978,0.1978
1692846892.805302,,0.0,0.242,0.242
1692846892.841403,,0.0,0.1831,0.1831
1692846892.873048,,0.0,0.2281,0.2281
1692846892.905265,,0.0,0.242,0.242
1692846892.940987,,0.0,0.2031,0.2031
1692846892.973081,,0.0,0.2705,0.2705
1692846893.005000,,0.0,0.1593,0.1593
1692846893.041284,,0.0,0.2433,0.2433
1692846893.073389,,0.0,0.2591,0.2591
1692846893.105629,,0.0,0.2219,0.2219
1692846893.141699,,0.0,0.2741,0.2741
1692846893.173340,,0.0,0.2958,0.2958
1692846893.205406,,0.0,0.212,0.212
1692846893.241324,,0.0,0.3077,0.3077
1692846893.273160,,0.0,0.2893,0.2893
1692846893.305775,,0.0,0.1948,0.1948
1692846893.341417,,0.0,0.2128,0.2128
1692846893.373039,,0.0,0.2128,0.2128
1692846893.405008,,0.0,0.3851,0.3851
1692846893.441275,,0.0,0.2336,0.2336
1692846893.473444,,0.0,0.3088,0.3088
1692846893.505011,,0.0,0.3127,0.3127
1692846893.541308,,0.0,0.2158,0.2158
1692846893.573235,,0.0,0.2499,0.2499
1692846893.604944,,0.0,0.2923,0.2923
1692846893.641169,,0.0,0.2468,0.2468
1692846893.673287,,0.0,0.195,0.195
1692846893.705225,,0.0,0.4071,0.4071
1692846893.741231,,0.0,0.3157,0.3157
1692846893.773278,,0.0,0.3523,0.3523
1692846893.805014,,0.0,0.3758,0.3758
1692846893.841190,,0.0,0.2729,0.2729
1692846893.873273,,0.0,0.4183,0.4183
1692846893.905226,,0.0,0.3212,0.3212
1692846893.941135,,0.0,0.3491,0.3491
1692846893.973204,,0.0,0.3214,0.3214
1692846894.005364,,0.0,0.2856,0.2856
1692846894.041240,,0.0,0.4444,0.4444
1692846894.073491,,0.0,0.3643,0.3643
1692846894.105525,,0.0,0.2829,0.2829
1692846894.141180,,0.0,0.2123,0.2123
1692846894.173266,,0.0,0.379,0.379
1692846894.205335,,0.0,0.3832,0.3832
1692846894.241310,,0.0,0.3093,0.3093
1692846894.273359,,0.0,0.3353,0.3353
1692846894.305359,,0.0,0.3515,0.3515
1692846894.341872,,0.0,0.4397,0.4397
1692846894.373459,,0.0,0.2973,0.2973
1692846894.405601,,0.0,0.3726,0.3726
1692846894.441553,,0.0,0.367,0.367
1692846894.473541,,0.0,0.2697,0.2697
1692846894.505470,,0.0,0.287,0.287
1692846894.541350,,0.0,0.3405,0.3405
1692846894.573426,,0.0,0.2776,0.2776
1692846894.605462,,0.0,0.2992,0.2992
1692846894.641509,,0.0,0.3132,0.3132
1692846894.673433,,0.0,0.2674,0.2674
1692846894.705534,,0.0,0.2637,0.2637
1692846894.741577,,0.0,0.3522,0.3522
1692846894.773459,,0.0,0.2736,0.2736
1692846894.805680,,0.0,0.2959,0.2959
1692846894.841435,,0.0,0.3331,0.3331
1692846894.873591,,0.0,0.3438,0.3438
1692846894.905629,,0.0,0.3486,0.3486
1692846894.941394,,0.0,0.3019,0.3019
1692846894.973511,,0.0,0.3124,0.3124
1692846895.005569,,0.0,0.2806,0.2806
1692846895.041445,,0.0,0.424,0.424
1692846895.073469,,0.0,0.2934,0.2934
1692846895.105562,,0.0,0.228,0.228
1692846895.141451,,0.0,0.305,0.305
1692846895.173444,,0.0,0.3008,0.3008
1692846895.205484,,0.0,0.2838,0.2838
1692846895.241360,,0.0,0.2895,0.2895
1692846895.273583,,0.0,0.2942,0.2942
1692846895.305503,,0.0,0.2904,0.2904
1692846895.341418,,0.0,0.327,0.327
1692846895.373461,,0.0,0.3036,0.3036
1692846895.405482,,0.0,0.2425,0.2425
1692846895.441502,,0.0,0.3515,0.3515
1692846895.473446,,0.0,0.3407,0.3407
1692846895.505476,,0.0,0.3151,0.3151
1692846895.541345,,0.0,0.3097,0.3097
1692846895.573448,,0.0,0.2769,0.2769
1692846895.605452,,0.0,0.3333,0.3333
1692846895.641467,,0.0,0.2125,0.2125
1692846895.673487,,0.0,0.2262,0.2262
1692846895.705469,,0.0,0.2543,0.2543
1692846895.741351,,0.0,0.2707,0.2707
1692846895.773433,,0.0,0.346,0.346
1692846895.805506,,0.0,0.2142,0.2142
1692846895.841632,,0.0,0.2694,0.2694
1692846895.873491,,0.0,0.2845,0.2845
1692846895.905483,,0.0,0.2862,0.2862
1692846895.941457,,0.0,0.2548,0.2548
1692846895.973340,,0.0,0.248,0.248
1692846896.005494,,0.0,0.3071,0.3071
1692846896.041436,,0.0,0.2881,0.2881
1692846896.073111,,0.0,0.2675,0.2675
1692846896.105037,,0.0,0.2737,0.2737
1692846896.141147,,0.0,0.267,0.267
1692846896.173104,,0.0,0.261,0.261
1692846896.205101,,0.0,0.1721,0.1721
1692846896.241238,,0.0,0.2886,0.2886
1692846896.273247,,0.0,0.221,0.221
1692846896.305133,,0.0,0.2666,0.2666
1692846896.341331,,0.0,0.2385,0.2385
1692846896.373422,,0.0,0.2444,0.2444
1692846896.405500,,0.0,0.3459,0.3459
1692846896.441896,,0.0,0.3092,0.3092
1692846896.473255,,0.0,0.2921,0.2921
1692846896.505294,,0.0,0.2382,0.2382
1692846896.541231,,0.0,0.2564,0.2564
1692846896.573086,,0.0,0.1853,0.1853
1692846896.605143,,0.0,0.2733,0.2733
1692846896.641231,,0.0,0.2555,0.2555
1692846896.673310,,0.0,0.2717,0.2717
1692846896.705215,,0.0,0.3257,0.3257
1692846896.741039,,0.0,0.3632,0.3632
1692846896.775130,,0.0,0.2183,0.2183
1692846896.805595,,0.0,0.3025,0.3025
1692846896.841318,,0.0,0.278,0.278
1692846896.874503,,0.0,0.2831,0.2831
1692846896.905281,,0.0,0.2956,0.2956
1692846896.941142,,0.0,0.3702,0.3702
1692846896.973155,,0.0,0.3723,0.3723
1692846897.005264,,0.0,0.2344,0.2344
1692846897.041404,,0.0,0.3951,0.3951
1692846897.073323,,0.0,0.2942,0.2942
1692846897.105301,,0.0,0.3944,0.3944
1692846897.141262,,0.0,0.2698,0.2698
1692846897.173605,,0.0,0.2807,0.2807
1692846897.205322,,0.0,0.3079,0.3079
1692846897.241205,,0.0,0.3351,0.3351
1692846897.273434,,0.0,0.2854,0.2854
1692846897.305493,,0.0,0.2925,0.2925
1692846897.341080,,0.0,0.2876,0.2876
1692846897.373206,,0.0,0.3303,0.3303
1692846897.405230,,0.0,0.4339,0.4339
1692846897.441235,,0.0,0.3115,0.3115
1692846897.473229,,0.0,0.3204,0.3204
1692846897.505223,,0.0,0.3064,0.3064
1692846897.541100,,0.0,0.4141,0.4141
1692846897.573080,,0.0,0.3058,0.3058
1692846897.605169,,0.0,0.3751,0.3751
1692846897.641277,,0.0,0.5259,0.5259
1692846897.673120,,0.0,0.3838,0.3838
1692846897.705305,,0.0,0.5154,0.5154
1692846897.741020,,0.0,0.3764,0.3764
1692846897.773032,,0.0,0.2814,0.2814
1692846897.804999,,0.0,0.4306,0.4306
1692846897.840888,,0.0,0.3612,0.3612
1692846897.873029,,0.0,0.4025,0.4025
1692846897.905236,,0.0,0.3321,0.3321
1692846897.941396,,0.0,0.4769,0.4769
1692846897.973075,,0.0,0.3803,0.3803
1692846898.005495,,0.0,0.3242,0.3242
1692846898.041437,,0.0,0.4613,0.4613
1692846898.073308,,0.0,0.4395,0.4395
1692846898.105147,,0.0,0.4185,0.4185
1692846898.140879,,0.0,0.516,0.516
1692846898.172930,,0.0,0.4746,0.4746
1692846898.205015,,0.0,0.4646,0.4646
1692846898.241138,,0.0,0.4398,0.4398
1692846898.273193,,0.0,0.4556,0.4556
1692846898.305021,,0.0,0.5151,0.5151
1692846898.340911,,0.0,0.4612,0.4612
1692846898.373208,,0.0,0.4175,0.4175
1692846898.404986,,0.0,0.4663,0.4663
1692846898.441046,,0.0,0.4516,0.4516
1692846898.473171,,0.0,0.4708,0.4708
1692846898.505112,,0.0,0.4805,0.4805
1692846898.540964,,0.0,0.3992,0.3992
1692846898.573585,,0.0,0.5057,0.5057
1692846898.605143,,0.0,0.4942,0.4942
1692846898.641009,,0.0,0.5095,0.5095
1692846898.673198,,0.0,0.4501,0.4501
1692846898.705031,,0.0,0.3737,0.3737
1692846898.741218,,0.0,0.4105,0.4105
1692846898.773548,,0.0,0.5392,0.5392
1692846898.805651,,0.0,0.5243,0.5243
1692846898.841791,,0.0,0.4613,0.4613
1692846898.873412,,0.0,0.4762,0.4762
1692846898.905565,,0.0,0.5814,0.5814
1692846898.941409,,0.0,0.4832,0.4832
1692846898.973549,,0.0,0.4947,0.4947
1692846899.005249,,0.0,0.5307,0.5307
1692846899.041307,,0.0,0.5136,0.5136
1692846899.073473,,0.0,0.4985,0.4985
1692846899.105267,,0.0,0.4409,0.4409
1692846899.141163,,0.0,0.492,0.492
1692846899.173128,,0.0,0.5848,0.5848
1692846899.205802,,0.0,0.4672,0.4672
1692846899.241210,,0.0,0.497,0.497
1692846899.273253,,0.0,0.496,0.496
1692846899.305877,,0.0,0.4781,0.4781
1692846899.340987,,0.0,0.5471,0.5471
1692846899.372948,,0.0,0.4493,0.4493
1692846899.405174,,0.0,0.5081,0.5081
1692846899.441097,,0.0,0.5135,0.5135
1692846899.473094,,0.0,0.5003,0.5003
1692846899.505065,,0.0,0.4583,0.4583
1692846899.541035,,0.0,0.4637,0.4637
1692846899.573407,,0.0,0.4969,0.4969
1692846899.605216,,0.0,0.5263,0.5263
1692846899.641071,,0.0,0.4281,0.4281
1692846899.673409,,0.0,0.4713,0.4713
1692846899.705645,,0.0,0.5342,0.5342
1692846899.741404,,0.0,0.527,0.527
1692846899.773416,,0.0,0.4817,0.4817
1692846899.805460,,0.0,0.4769,0.4769
1692846899.841394,,0.0,0.4957,0.4957
1692846899.873422,,0.0,0.4992,0.4992
1692846899.905459,,0.0,0.4929,0.4929
1692846899.941399,,0.0,0.4761,0.4761
1692846899.973100,,0.0,0.4854,0.4854
1692846900.005342,,0.0,0.426,0.426
1692846900.041186,,0.0,0.5064,0.5064
1692846900.073269,,0.0,0.4917,0.4917
1692846900.106555,,0.0,0.4777,0.4777
1692846900.141168,,0.0,0.4121,0.4121
1692846900.173251,,0.0,0.5485,0.5485
1692846900.205352,,0.0,0.4729,0.4729
1692846900.241228,,0.0,0.5125,0.5125
1692846900.273224,,0.0,0.4917,0.4917
1692846900.305326,,0.0,0.4379,0.4379
1692846900.341452,,0.0,0.4907,0.4907
1692846900.373347,,0.0,0.4159,0.4159
1692846900.405389,,0.0,0.4943,0.4943
1692846900.441239,,0.0,0.4415,0.4415
1692846900.473542,,0.0,0.4808,0.4808
1692846900.505494,,0.0,0.4317,0.4317
1692846900.541166,,0.0,0.4119,0.4119
1692846900.573340,,0.0,0.4939,0.4939
1692846900.605420,,0.0,0.4581,0.4581
1692846900.641136,,0.0,0.4577,0.4577
1692846900.673405,,0.0,0.4777,0.4777
1692846900.705385,,0.0,0.4845,0.4845
1692846900.741164,,0.0,0.489,0.489
1692846900.773269,,0.0,0.4273,0.4273
1692846900.805489,,0.0,0.4757,0.4757
1692846900.841134,,0.0,0.4177,0.4177
1692846900.873257,,0.0,0.4851,0.4851
1692846900.905305,,0.0,0.4717,0.4717
1692846900.941110,,0.0,0.4908,0.4908
1692846900.973246,,0.0,0.4202,0.4202
1692846901.005584,,0.0,0.4476,0.4476
1692846901.041372,,0.0,0.4161,0.4161
1692846901.073367,,0.0,0.4426,0.4426
1692846901.105343,,0.0,0.4894,0.4894
1692846901.141254,,0.0,0.4298,0.4298
1692846901.173270,,0.0,0.4977,0.4977
1692846901.205605,,0.0,0.4601,0.4601
1692846901.241303,,0.0,0.4837,0.4837
1692846901.273467,,0.0,0.4124,0.4124
1692846901.305626,,0.0,0.5201,0.5201
1692846901.341369,,0.0,0.4959,0.4959
1692846901.373642,,0.0,0.5313,0.5313
1692846901.405449,,0.0,0.4707,0.4707
1692846901.441199,,0.0,0.4481,0.4481
1692846901.473499,,0.0,0.5032,0.5032
1692846901.505472,,0.0,0.4907,0.4907
1692846901.541201,,0.0,0.4585,0.4585
1692846901.573483,,0.0,0.4808,0.4808
1692846901.605566,,0.0,0.4941,0.4941
1692846901.641939,,0.0,0.4567,0.4567
1692846901.673351,,0.0,0.4312,0.4312
1692846901.705815,,0.0,0.4998,0.4998
1692846901.741377,,0.0,0.417,0.417
1692846901.773180,,0.0,0.5047,0.5047
1692846901.805386,,0.0,0.4832,0.4832
1692846901.841398,,0.0,0.4691,0.4691
1692846901.873398,,0.0,0.4593,0.4593
1692846901.905428,,0.0,0.4366,0.4366
1692846901.941418,,0.0,0.4269,0.4269
1692846901.973671,,0.0,0.4641,0.4641
1692846902.005482,,0.0,0.5467,0.5467
1692846902.041570,,0.0,0.4787,0.4787
1692846902.073603,,0.0,0.4963,0.4963
1692846902.105521,,0.0,0.5018,0.5018
1692846902.141476,,0.0,0.4617,0.4617
1692846902.173522,,0.0,0.495,0.495
1692846902.205378,,0.0,0.4731,0.4731
1692846902.241413,,0.0,0.5653,0.5653
1692846902.273517,,0.0,0.465,0.465
1692846902.305388,,0.0,0.5275,0.5275
1692846902.341439,,0.0,0.4805,0.4805
1692846902.373205,,0.0,0.5001,0.5001
1692846902.405305,,0.0,0.4802,0.4802
1692846902.441457,,0.0,0.5602,0.5602
1692846902.473462,,0.0,0.4972,0.4972
1692846902.505354,,0.0,0.5912,0.5912
1692846902.541148,,0.0,0.4851,0.4851
1692846902.573271,,0.0,0.5356,0.5356
1692846902.605414,,0.0,0.5783,0.5783
1692846902.641203,,0.0,0.5488,0.5488
1692846902.673262,,0.0,0.4849,0.4849
1692846902.705412,,0.0,0.4937,0.4937
1692846902.741282,,0.0,0.4882,0.4882
1692846902.773429,,0.0,0.4267,0.4267
1692846902.805635,,0.0,0.4579,0.4579
1692846902.841275,,0.0,0.5331,0.5331
1692846902.873329,,0.0,0.5182,0.5182
1692846902.905351,,0.0,0.5299,0.5299
1692846902.941240,,0.0,0.4128,0.4128
1692846902.973392,,0.0,0.4816,0.4816
1692846903.005322,,0.0,0.5138,0.5138
1692846903.041269,,0.0,0.4888,0.4888
1692846903.073458,,0.0,0.527,0.527
1692846903.105447,,0.0,0.4909,0.4909
1692846903.141479,,0.0,0.4786,0.4786
1692846903.173270,,0.0,0.4861,0.4861
1692846903.205273,,0.0,0.4956,0.4956
1692846903.241334,,0.0,0.4905,0.4905
1692846903.273509,,0.0,0.5948,0.5948
1692846903.305441,,0.0,0.5214,0.5214
1692846903.341173,,0.0,0.4523,0.4523
1692846903.373481,,0.0,0.5859,0.5859
1692846903.405266,,0.0,0.4666,0.4666
1692846903.441177,,0.0,0.4846,0.4846
1692846903.473277,,0.0,0.5555,0.5555
1692846903.505307,,0.0,0.6258,0.6258
1692846903.541273,,0.0,0.5574,0.5574
1692846903.573910,,0.0,0.5669,0.5669
1692846903.605435,,0.0,0.474,0.474
1692846903.641633,,0.0,0.5692,0.5692
1692846903.673481,,0.0,0.5584,0.5584
1692846903.705624,,0.0,0.7054,0.7054
1692846903.741123,,0.0,0.623,0.623
1692846903.773610,,0.0,0.7157,0.7157
1692846903.805496,,0.0,0.6534,0.6534
1692846903.841237,,0.0,0.6423,0.6423
1692846903.873446,,0.0,0.6315,0.6315
1692846903.905517,,0.0,0.6113,0.6113
1692846903.941211,,0.0,0.6696,0.6696
1692846903.973799,,0.0,0.6555,0.6555
1692846904.005724,,0.0,0.7667,0.7667
1692846904.041254,,0.0,0.7432,0.7432
1692846904.073730,,0.0,0.6486,0.6486
1692846904.106115,,0.0,0.6289,0.6289
1692846904.141102,,0.0,0.7146,0.7146
1692846904.173360,,0.0,0.685,0.685
1692846904.205427,,0.0,0.7222,0.7222
1692846904.241498,,0.0,0.8086,0.8086
1692846904.273425,,0.0,0.7869,0.7869
1692846904.305463,,0.0,0.796,0.796
1692846904.341304,,0.0,0.7875,0.7875
1692846904.373340,,0.0,0.8223,0.8223
1692846904.405332,,0.0,0.8053,0.8053
1692846904.441331,,0.0,0.7314,0.7314
1692846904.473585,,0.0,0.7897,0.7897
1692846904.505660,,0.0,0.8395,0.8395
1692846904.541321,,0.0,0.8524,0.8524
1692846904.573250,,0.0,0.7915,0.7915
1692846904.605416,,0.0,0.8132,0.8132
1692846904.641126,,0.0,0.813,0.813
1692846904.673571,,0.0,0.8119,0.8119
1692846904.705427,,0.0,0.8068,0.8068
1692846904.741307,,0.0,0.7676,0.7676
1692846904.773241,,0.0,0.7804,0.7804
1692846904.805321,,0.0,0.6669,0.6669
1692846904.841361,,0.0,0.7833,0.7833
1692846904.873538,,0.0,0.8368,0.8368
1692846904.905201,,0.0,0.8056,0.8056
1692846904.941176,,0.0,0.8212,0.8212
1692846904.973381,,0.0,0.7997,0.7997
1692846905.005232,,0.0,0.8502,0.8502
1692846905.041215,,0.0,0.8266,0.8266
1692846905.073331,,0.0,0.7833,0.7833
1692846905.105393,,0.0,0.7617,0.7617
1692846905.141348,,0.0,0.6504,0.6504
1692846905.173329,,0.0,0.6851,0.6851
1692846905.205501,,0.0,0.7996,0.7996
1692846905.241460,,0.0,0.5515,0.5515
1692846905.273383,,0.0,0.7769,0.7769
1692846905.305436,,0.0,0.7418,0.7418
1692846905.341307,,0.0,0.8488,0.8488
1692846905.373326,,0.0,0.8406,0.8406
1692846905.405330,,0.0,0.8098,0.8098
1692846905.441267,,0.0,0.741,0.741
1692846905.473466,,0.0,0.8495,0.8495
1692846905.505289,,0.0,0.851,0.851
1692846905.541338,,0.0,0.7821,0.7821
1692846905.573160,,0.0,0.7064,0.7064
1692846905.605264,,0.0,0.8292,0.8292
1692846905.641322,,0.0,0.8554,0.8554
1692846905.673352,,0.0,0.8865,0.8865
1692846905.705314,,0.0,0.796,0.796
1692846905.741133,,0.0,0.8288,0.8288
1692846905.773285,,0.0,0.8644,0.8644
1692846905.805338,,0.0,0.8629,0.8629
1692846905.841363,,0.0,0.8511,0.8511
1692846905.874103,,0.0,0.8227,0.8227
1692846905.905478,,0.0,0.8411,0.8411
1692846905.941420,,0.0,0.7547,0.7547
1692846905.973393,,0.0,0.8561,0.8561
1692846906.005449,,0.0,0.8293,0.8293
1692846906.041762,,0.0,0.8784,0.8784
1692846906.074019,,0.0,0.8426,0.8426
1692846906.105599,,0.0,0.8868,0.8868
1692846906.141370,,0.0,0.8745,0.8745
1692846906.173428,,0.0,0.7424,0.7424
1692846906.205422,,0.0,0.8563,0.8563
1692846906.241298,,0.0,0.8796,0.8796
1692846906.273386,,0.0,0.8122,0.8122
1692846906.305501,,0.0,0.8582,0.8582
1692846906.341267,,0.0,0.8924,0.8924
1692846906.373440,,0.0,0.8813,0.8813
1692846906.405387,,0.0,0.4458,0.4458
1692846906.441442,,0.0,0.877,0.877
1692846906.473344,,0.0,0.8653,0.8653
1692846906.505348,,0.0,0.7792,0.7792
1692846906.541378,,0.0,0.8294,0.8294
1692846906.573217,,0.0,0.7492,0.7492
1692846906.605483,,0.0,0.8687,0.8687
1692846906.641068,,0.0,0.8147,0.8147
1692846906.673225,,0.0,0.507,0.507
1692846906.705531,,0.0,0.8816,0.8816
1692846906.741458,,0.0,0.8244,0.8244
1692846906.773386,,0.0,0.6215,0.6215
1692846906.805789,,0.0,0.8578,0.8578
1692846906.841315,,0.0,0.7809,0.7809
1692846906.873283,,0.0,0.4927,0.4927
1692846906.905109,,0.0,0.7867,0.7867
1692846906.940990,,0.0,0.3458,0.3458
1692846906.973035,,0.0,0.788,0.788
1692846907.005066,,0.0,0.8167,0.8167
1692846907.041041,,0.0,0.7904,0.7904
1692846907.073025,,0.0,0.8386,0.8386
1692846907.105013,,0.0,0.7441,0.7441
1692846907.140949,,0.0,0.5557,0.5557
1692846907.173090,,0.0,0.8103,0.8103
1692846907.205070,,0.0,0.811,0.811
1692846907.241018,,0.0,0.6573,0.6573
1692846907.273122,,0.0,0.8265,0.8265
1692846907.305066,,0.0,0.4203,0.4203
1692846907.340946,,0.0,0.7549,0.7549
1692846907.373083,,0.0,0.8841,0.8841
1692846907.405000,,0.0,0.8353,0.8353
1692846907.440925,,0.0,0.662,0.662
1692846907.473184,,0.0,0.8802,0.8802
1692846907.504968,,0.0,0.8304,0.8304
1692846907.541012,,0.0,0.5984,0.5984
1692846907.573106,,0.0,0.7575,0.7575
1692846907.605223,,0.0,0.8611,0.8611
1692846907.641232,,0.0,0.8416,0.8416
1692846907.673096,,0.0,0.8088,0.8088
1692846907.705144,,0.0,0.8661,0.8661
1692846907.741314,,0.0,0.7411,0.7411
1692846907.773049,,0.0,0.4136,0.4136
1692846907.805176,,0.0,0.8833,0.8833
1692846907.841316,,0.0,0.8967,0.8967
1692846907.873280,,0.0,0.8363,0.8363
1692846907.905142,,0.0,0.8746,0.8746
1692846907.941123,,0.0,0.8877,0.8877
1692846907.973338,,0.0,0.8641,0.8641
1692846908.005158,,0.0,0.857,0.857
1692846908.041112,,0.0,0.7655,0.7655
1692846908.073499,,0.0,0.8719,0.8719
1692846908.105239,,0.0,0.8728,0.8728
1692846908.141220,,0.0,0.8897,0.8897
1692846908.173262,,0.0,0.8825,0.8825
1692846908.205261,,0.0,0.8312,0.8312
1692846908.241427,,0.0,0.8776,0.8776
1692846908.273414,,0.0,0.8736,0.8736
1692846908.305321,,0.0,0.8451,0.8451
1692846908.341311,,0.0,0.8218,0.8218
1692846908.373264,,0.0,0.8343,0.8343
1692846908.405433,,0.0,0.7506,0.7506
1692846908.441525,,0.0,0.8588,0.8588
1692846908.474490,,0.0,0.8398,0.8398
1692846908.505598,,0.0,0.5878,0.5878
1692846908.541245,,0.0,0.8748,0.8748
1692846908.573828,,0.0,0.8806,0.8806
1692846908.605695,,0.0,0.8973,0.8973
1692846908.641603,,0.0,0.8987,0.8987
1692846908.673744,,0.0,0.8114,0.8114
1692846908.705392,,0.0,0.8606,0.8606
1692846908.741432,,0.0,0.8715,0.8715
1692846908.773331,,0.0,0.7163,0.7163
1692846908.806054,,0.0,0.8881,0.8881
1692846908.841540,,0.0,0.8602,0.8602
1692846908.873456,,0.0,0.876,0.876
1692846908.905140,,0.0,0.8895,0.8895
1692846908.941038,,0.0,0.8704,0.8704
1692846908.973062,,0.0,0.9012,0.9012
1692846909.005179,,0.0,0.8899,0.8899
1692846909.040986,,0.0,0.8275,0.8275
1692846909.073086,,0.0,0.8638,0.8638
1692846909.105297,,0.0,0.8803,0.8803
1692846909.141089,,0.0,0.8588,0.8588
1692846909.173261,,0.0,0.8672,0.8672
1692846909.205380,,0.0,0.8687,0.8687
1692846909.241056,,0.0,0.8807,0.8807
1692846909.273328,,0.0,0.8745,0.8745
1692846909.305320,,0.0,0.8595,0.8595
1692846909.341041,,0.0,0.8859,0.8859
1692846909.373075,,0.0,0.8739,0.8739
1692846909.405119,,0.0,0.8763,0.8763
1692846909.441488,,0.0,0.8923,0.8923
1692846909.473035,,0.0,0.8847,0.8847
1692846909.505075,,0.0,0.8877,0.8877
1692846909.541141,,0.0,0.8947,0.8947
1692846909.573013,,0.0,0.8813,0.8813
1692846909.605324,,0.0,0.8956,0.8956
1692846909.641101,,0.0,0.8648,0.8648
1692846909.673083,,0.0,0.9177,0.9177
1692846909.705218,,0.0,0.8983,0.8983
1692846909.741064,,0.0,0.8809,0.8809
1692846909.773098,,0.0,0.5591,0.5591
1692846909.805144,,0.0,0.7911,0.7911
1692846909.841085,,0.0,0.8695,0.8695
1692846909.873064,,0.0,0.7779,0.7779
1692846909.905131,,0.0,0.5845,0.5845
1692846909.941375,,0.0,0.866,0.866
1692846909.973310,,0.0,0.4403,0.4403
1692846910.005379,,0.0,0.6725,0.6725
1692846910.041257,,0.0,0.7411,0.7411
1692846910.073280,,0.0,0.8378,0.8378
1692846910.105084,,0.0,0.8608,0.8608
1692846910.141454,,0.0,0.8849,0.8849
1692846910.173033,,0.0,0.7644,0.7644
1692846910.205101,,0.0,0.8317,0.8317
1692846910.241599,,0.0,0.8837,0.8837
1692846910.273120,,0.0,0.7962,0.7962
1692846910.305133,,0.0,0.5831,0.5831
1692846910.341349,,0.0,0.4073,0.4073
1692846910.373631,,0.0,0.6438,0.6438
1692846910.405465,,0.0,0.7094,0.7094
1692846910.442234,,0.0,0.688,0.688
1692846910.473206,,0.0,0.6823,0.6823
1692846910.505207,,0.0,0.5028,0.5028
1692846910.540998,,0.0,0.7784,0.7784
1692846910.573149,,0.0,0.8159,0.8159
1692846910.605212,,0.0,0.8022,0.8022
1692846910.641067,,0.0,0.8073,0.8073
1692846910.673030,,0.0,0.771,0.771
1692846910.704994,,0.0,0.8144,0.8144
1692846910.741118,,0.0,0.752,0.752
1692846910.773148,,0.0,0.7937,0.7937
1692846910.805426,,0.0,0.718,0.718
1692846910.837559,,0.0,0.6049,0.6049
1692846910.873636,,0.0,0.8445,0.8445
1692846910.905732,,0.0,0.7245,0.7245
1692846910.937347,,0.0,0.755,0.755
1692846910.973606,,0.0,0.7927,0.7927
1692846911.005260,,0.0,0.6354,0.6354
1692846911.037210,,0.0,0.4131,0.4131
1692846911.073230,,0.0,0.7233,0.7233
1692846911.105332,,0.0,0.753,0.753
1692846911.137353,,0.0,0.7054,0.7054
1692846911.173160,,0.0,0.7678,0.7678
1692846911.205204,,0.0,0.6727,0.6727
1692846911.237935,,0.0,0.8111,0.8111
1692846911.273094,,0.0,0.8053,0.8053
1692846911.305099,,0.0,0.7857,0.7857
1692846911.337369,,0.0,0.7858,0.7858
1692846911.373146,,0.0,0.8139,0.8139
1692846911.405138,,0.0,0.7665,0.7665
1692846911.437104,,0.0,0.7608,0.7608
1692846911.473101,,0.0,0.7628,0.7628
1692846911.505176,,0.0,0.6197,0.6197
1692846911.537184,,0.0,0.7724,0.7724
1692846911.573226,,0.0,0.7486,0.7486
1692846911.605317,,0.0,0.8629,0.8629
1692846911.637406,,0.0,0.847,0.847
1692846911.673280,,0.0,0.7887,0.7887
1692846911.705403,,0.0,0.7434,0.7434
1692846911.737307,,0.0,0.7772,0.7772
1692846911.773384,,0.0,0.8245,0.8245
1692846911.805343,,0.0,0.7364,0.7364
1692846911.837205,,0.0,0.8268,0.8268
1692846911.873167,,0.0,0.8536,0.8536
1692846911.905120,,0.0,0.4234,0.4234
1692846911.937157,,0.0,0.8499,0.8499
1692846911.973077,,0.0,0.822,0.822
1692846912.005129,,0.0,0.6936,0.6936
1692846912.037351,,0.0,0.7954,0.7954
1692846912.073174,,0.0,0.5664,0.5664
1692846912.105241,,0.0,0.8449,0.8449
1692846912.137070,,0.0,0.8418,0.8418
1692846912.173296,,0.0,0.7611,0.7611
1692846912.205001,,0.0,0.8671,0.8671
1692846912.237090,,0.0,0.6693,0.6693
1692846912.273179,,0.0,0.6006,0.6006
1692846912.305138,,0.0,0.6661,0.6661
1692846912.337100,,0.0,0.7238,0.7238
1692846912.373206,,0.0,0.2846,0.2846
1692846912.405236,,0.0,0.6356,0.6356
1692846912.437327,,0.0,0.5155,0.5155
1692846912.473275,,0.0,0.6559,0.6559
1692846912.505313,,0.0,0.2101,0.2101
1692846912.537149,,0.0,0.8253,0.8253
1692846912.573087,,0.0,0.6205,0.6205
1692846912.605160,,0.0,0.6756,0.6756
1692846912.637188,,0.0,0.5525,0.5525
1692846912.673150,,0.0,0.8471,0.8471
1692846912.705106,,0.0,0.6335,0.6335
1692846912.737110,,0.0,0.7747,0.7747
1692846912.773113,,0.0,0.7398,0.7398
1692846912.805466,,0.0,0.8366,0.8366
1692846912.837147,,0.0,0.8095,0.8095
1692846912.873410,,0.0,0.7813,0.7813
1692846912.905476,,0.0,0.8519,0.8519
1692846912.937288,,0.0,0.8408,0.8408
1692846912.973290,,0.0,0.8426,0.8426
1692846913.005410,,0.0,0.7718,0.7718
1692846913.037528,,0.0,0.8444,0.8444
1692846913.073353,,0.0,0.6924,0.6924
1692846913.105204,,0.0,0.7758,0.7758
1692846913.137140,,0.0,0.7916,0.7916
1692846913.173262,,0.0,0.681,0.681
1692846913.205294,,0.0,0.2918,0.2918
1692846913.237378,,0.0,0.7433,0.7433
1692846913.273225,,0.0,0.7317,0.7317
1692846913.305702,,0.0,0.8285,0.8285
1692846913.337399,,0.0,0.7959,0.7959
1692846913.373175,,0.0,0.6394,0.6394
1692846913.405320,,0.0,0.8191,0.8191
1692846913.437333,,0.0,0.8653,0.8653
1692846913.473162,,0.0,0.8011,0.8011
1692846913.505283,,0.0,0.8226,0.8226
1692846913.537189,,0.0,0.7879,0.7879
1692846913.573018,,0.0,0.787,0.787
1692846913.605103,,0.0,0.8787,0.8787
1692846913.637888,,0.0,0.6821,0.6821
1692846913.673073,,0.0,0.8746,0.8746
1692846913.705240,,0.0,0.8364,0.8364
1692846913.737355,,0.0,0.8053,0.8053
1692846913.773118,,0.0,0.8728,0.8728
1692846913.805192,,0.0,0.6127,0.6127
1692846913.837093,,0.0,0.8297,0.8297
1692846913.873249,,0.0,0.8443,0.8443
1692846913.905178,,0.0,0.8472,0.8472
1692846913.937138,,0.0,0.8065,0.8065
1692846913.973124,,0.0,0.8632,0.8632
1692846914.005412,,0.0,0.8577,0.8577
1692846914.037374,,0.0,0.8661,0.8661
1692846914.073330,,0.0,0.6758,0.6758
1692846914.105172,,0.0,0.6816,0.6816
1692846914.137541,,0.0,0.7924,0.7924
1692846914.173159,,0.0,0.8494,0.8494
1692846914.205194,,0.0,0.8697,0.8697
1692846914.237200,,0.0,0.8809,0.8809
1692846914.273226,,0.0,0.8626,0.8626
1692846914.305233,,0.0,0.7809,0.7809
1692846914.337320,,0.0,0.8641,0.8641
1692846914.373130,,0.0,0.7738,0.7738
1692846914.405159,,0.0,0.8521,0.8521
1692846914.439796,,0.0,0.8958,0.8958
1692846914.473333,,0.0,0.8382,0.8382
1692846914.505237,,0.0,0.8988,0.8988
1692846914.537231,,0.0,0.8889,0.8889
1692846914.573193,,0.0,0.6943,0.6943
1692846914.605243,,0.0,0.8855,0.8855
1692846914.637095,,0.0,0.812,0.812
1692846914.675842,,0.0,0.8394,0.8394
1692846914.705189,,0.0,0.8852,0.8852
1692846914.737106,,0.0,0.841,0.841
1692846914.773294,,0.0,0.895,0.895
1692846914.805317,,0.0,0.8748,0.8748
1692846914.837457,,0.0,0.8498,0.8498
1692846914.873214,,0.0,0.5251,0.5251
1692846914.905358,,0.0,0.8784,0.8784
1692846914.937324,,0.0,0.8322,0.8322
1692846914.973358,,0.0,0.8962,0.8962
1692846915.005243,,0.0,0.8435,0.8435
1692846915.037124,,0.0,0.8933,0.8933
1692846915.073318,,0.0,0.8252,0.8252
1692846915.105190,,0.0,0.8858,0.8858
1692846915.137128,,0.0,0.8929,0.8929
1692846915.173403,,0.0,0.835,0.835
1692846915.205066,,0.0,0.8912,0.8912
1692846915.237117,,0.0,0.8486,0.8486
1692846915.273307,,0.0,0.8807,0.8807
1692846915.305381,,0.0,0.8782,0.8782
1692846915.337535,,0.0,0.8341,0.8341
1692846915.373832,,0.0,0.8922,0.8922
1692846915.405681,,0.0,0.7518,0.7518
1692846915.437844,,0.0,0.882,0.882
1692846915.473507,,0.0,0.8786,0.8786
1692846915.505599,,0.0,0.8197,0.8197
1692846915.537611,,0.0,0.8443,0.8443
1692846915.573886,,0.0,0.8986,0.8986
1692846915.605597,,0.0,0.8911,0.8911
1692846915.637735,,0.0,0.902,0.902
1692846915.673509,,0.0,0.8752,0.8752
1692846915.705904,,0.0,0.8793,0.8793
1692846915.737619,,0.0,0.793,0.793
1692846915.773474,,0.0,0.8271,0.8271
1692846915.805942,,0.0,0.8942,0.8942
1692846915.837715,,0.0,0.883,0.883
1692846915.873919,,0.0,0.8748,0.8748
1692846915.905755,,0.0,0.863,0.863
1692846915.937808,,0.0,0.871,0.871
1692846915.973727,,0.0,0.89,0.89
1692846916.005891,,0.0,0.9015,0.9015
1692846916.038159,,0.0,0.8127,0.8127
1692846916.073805,,0.0,0.8832,0.8832
1692846916.105706,,0.0,0.8712,0.8712
1692846916.138579,,0.0,0.8709,0.8709
1692846916.173644,,0.0,0.8915,0.8915
1692846916.205640,,0.0,0.8913,0.8913
1692846916.237661,,0.0,0.8933,0.8933
1692846916.273643,,0.0,0.8818,0.8818
1692846916.305618,,0.0,0.8554,0.8554
1692846916.337446,,0.0,0.8837,0.8837
1692846916.373986,,0.0,0.8353,0.8353
1692846916.405599,,0.0,0.8414,0.8414
1692846916.437583,,0.0,0.8792,0.8792
1692846916.474006,,0.0,0.8913,0.8913
1692846916.505938,,0.0,0.7649,0.7649
1692846916.537551,,0.0,0.8677,0.8677
1692846916.573748,,0.0,0.8706,0.8706
1692846916.605847,,0.0,0.8804,0.8804
1692846916.637681,,0.0,0.8688,0.8688
1692846916.673792,,0.0,0.8655,0.8655
1692846916.705539,,0.0,0.8965,0.8965
1692846916.737513,,0.0,0.8761,0.8761
1692846916.773453,,0.0,0.8767,0.8767
1692846916.805493,,0.0,0.8768,0.8768
1692846916.837501,,0.0,0.8924,0.8924
1692846916.873468,,0.0,0.8967,0.8967
1692846916.905629,,0.0,0.8278,0.8278
1692846916.937568,,0.0,0.7186,0.7186
1692846916.973527,,0.0,0.8916,0.8916
1692846917.005595,,0.0,0.5852,0.5852
1692846917.037642,,0.0,0.8742,0.8742
1692846917.073893,,0.0,0.8734,0.8734
1692846917.105635,,0.0,0.5351,0.5351
1692846917.137581,,0.0,0.8459,0.8459
1692846917.173692,,0.0,0.7959,0.7959
1692846917.205747,,0.0,0.8863,0.8863
1692846917.237737,,0.0,0.826,0.826
1692846917.273517,,0.0,0.8729,0.8729
1692846917.305762,,0.0,0.8482,0.8482
1692846917.337727,,0.0,0.8834,0.8834
1692846917.373568,,0.0,0.7829,0.7829
1692846917.405604,,0.0,0.7786,0.7786
1692846917.437836,,0.0,0.7935,0.7935
1692846917.473557,,0.0,0.8753,0.8753
1692846917.505604,,0.0,0.8742,0.8742
1692846917.537506,,0.0,0.8764,0.8764
1692846917.573502,,0.0,0.8295,0.8295
1692846917.605537,,0.0,0.8803,0.8803
1692846917.637604,,0.0,0.4924,0.4924
1692846917.673568,,0.0,0.868,0.868
1692846917.705602,,0.0,0.8821,0.8821
1692846917.737543,,0.0,0.8893,0.8893
1692846917.773545,,0.0,0.8852,0.8852
1692846917.805492,,0.0,0.8953,0.8953
1692846917.837462,,0.0,0.8445,0.8445
1692846917.873709,,0.0,0.898,0.898
1692846917.905601,,0.0,0.8611,0.8611
1692846917.937502,,0.0,0.8022,0.8022
1692846917.973602,,0.0,0.8902,0.8902
1692846918.005571,,0.0,0.7881,0.7881
1692846918.037610,,0.0,0.8703,0.8703
1692846918.073665,,0.0,0.8602,0.8602
1692846918.105910,,0.0,0.8791,0.8791
1692846918.137840,,0.0,0.8716,0.8716
1692846918.173482,,0.0,0.6542,0.6542
1692846918.205919,,0.0,0.8794,0.8794
1692846918.237699,,0.0,0.7781,0.7781
1692846918.273569,,0.0,0.7905,0.7905
1692846918.305518,,0.0,0.8454,0.8454
1692846918.337680,,0.0,0.8118,0.8118
1692846918.373544,,0.0,0.752,0.752
1692846918.405625,,0.0,0.8834,0.8834
1692846918.437683,,0.0,0.8769,0.8769
1692846918.473549,,0.0,0.84,0.84
1692846918.505492,,0.0,0.6558,0.6558
1692846918.537532,,0.0,0.8007,0.8007
1692846918.573416,,0.0,0.6615,0.6615
1692846918.605569,,0.0,0.8649,0.8649
1692846918.637582,,0.0,0.8305,0.8305
1692846918.673449,,0.0,0.8444,0.8444
1692846918.705749,,0.0,0.8022,0.8022
1692846918.737564,,0.0,0.8617,0.8617
1692846918.773632,,0.0,0.884,0.884
1692846918.805931,,0.0,0.601,0.601
1692846918.837865,,0.0,0.808,0.808
1692846918.873783,,0.0,0.8688,0.8688
1692846918.905762,,0.0,0.8714,0.8714
1692846918.937750,,0.0,0.711,0.711
1692846918.973746,,0.0,0.8574,0.8574
1692846919.005647,,0.0,0.8167,0.8167
1692846919.037658,,0.0,0.8387,0.8387
1692846919.073483,,0.0,0.8475,0.8475
1692846919.105526,,0.0,0.6816,0.6816
1692846919.137535,,0.0,0.8541,0.8541
1692846919.173480,,0.0,0.847,0.847
1692846919.205511,,0.0,0.8552,0.8552
1692846919.237538,,0.0,0.8705,0.8705
1692846919.273563,,0.0,0.7373,0.7373
1692846919.305598,,0.0,0.8647,0.8647
1692846919.337491,,0.0,0.8455,0.8455
1692846919.373595,,0.0,0.6507,0.6507
1692846919.404991,,0.0,0.8567,0.8567
1692846919.437064,,0.0,0.8045,0.8045
1692846919.473253,,0.0,0.4463,0.4463
1692846919.504949,,0.0,0.8367,0.8367
1692846919.536978,,0.0,0.8741,0.8741
1692846919.573329,,0.0,0.5449,0.5449
1692846919.605391,,0.0,0.8642,0.8642
1692846919.637278,,0.0,0.8548,0.8548
1692846919.673475,,0.0,0.7815,0.7815
1692846919.705218,,0.0,0.6996,0.6996
1692846919.737226,,0.0,0.8702,0.8702
1692846919.773211,,0.0,0.6175,0.6175
1692846919.805300,,0.0,0.7979,0.7979
1692846919.837214,,0.0,0.6773,0.6773
1692846919.873456,,0.0,0.767,0.767
1692846919.905470,,0.0,0.5805,0.5805
1692846919.937449,,0.0,0.7979,0.7979
1692846919.973836,,0.0,0.5779,0.5779
1692846920.005317,,0.0,0.7378,0.7378
1692846920.037204,,0.0,0.7899,0.7899
1692846920.073076,,0.0,0.8089,0.8089
1692846920.105228,,0.0,0.5754,0.5754
1692846920.137219,,0.0,0.8451,0.8451
1692846920.173028,,0.0,0.8018,0.8018
1692846920.205121,,0.0,0.6101,0.6101
1692846920.237131,,0.0,0.8305,0.8305
1692846920.273241,,0.0,0.5816,0.5816
1692846920.305148,,0.0,0.816,0.816
1692846920.337081,,0.0,0.7595,0.7595
1692846920.373110,,0.0,0.6916,0.6916
1692846920.405250,,0.0,0.7209,0.7209
1692846920.437238,,0.0,0.7881,0.7881
1692846920.473153,,0.0,0.8468,0.8468
1692846920.505526,,0.0,0.5361,0.5361
1692846920.537445,,0.0,0.8564,0.8564
1692846920.573074,,0.0,0.7284,0.7284
1692846920.605246,,0.0,0.7068,0.7068
1692846920.637528,,0.0,0.8677,0.8677
1692846920.673076,,0.0,0.274,0.274
1692846920.705307,,0.0,0.8298,0.8298
1692846920.737244,,0.0,0.8299,0.8299
1692846920.773122,,0.0,0.7252,0.7252
1692846920.805236,,0.0,0.8261,0.8261
1692846920.837187,,0.0,0.8337,0.8337
1692846920.873239,,0.0,0.8793,0.8793
1692846920.905073,,0.0,0.3739,0.3739
1692846920.937136,,0.0,0.8827,0.8827
1692846920.973006,,0.0,0.8627,0.8627
1692846921.005166,,0.0,0.4301,0.4301
1692846921.037167,,0.0,0.8808,0.8808
1692846921.073643,,0.0,0.7975,0.7975
1692846921.105351,,0.0,0.8314,0.8314
1692846921.137071,,0.0,0.8007,0.8007
1692846921.173114,,0.0,0.8701,0.8701
1692846921.205402,,0.0,0.8543,0.8543
1692846921.237459,,0.0,0.8716,0.8716
1692846921.273428,,0.0,0.8616,0.8616
1692846921.305292,,0.0,0.8485,0.8485
1692846921.337275,,0.0,0.8341,0.8341
1692846921.373109,,0.0,0.8905,0.8905
1692846921.405213,,0.0,0.8616,0.8616
1692846921.437139,,0.0,0.8636,0.8636
1692846921.473056,,0.0,0.8722,0.8722
1692846921.505214,,0.0,0.8818,0.8818
1692846921.537122,,0.0,0.8736,0.8736
1692846921.573171,,0.0,0.7987,0.7987
1692846921.605064,,0.0,0.872,0.872
1692846921.637097,,0.0,0.8882,0.8882
1692846921.673227,,0.0,0.8889,0.8889
1692846921.705978,,0.0,0.8263,0.8263
1692846921.737273,,0.0,0.8168,0.8168
1692846921.773247,,0.0,0.8493,0.8493
1692846921.805136,,0.0,0.8801,0.8801
1692846921.837253,,0.0,0.8702,0.8702
1692846921.873162,,0.0,0.7877,0.7877
1692846921.905188,,0.0,0.8591,0.8591
1692846921.937306,,0.0,0.8732,0.8732
1692846921.973450,,0.0,0.8829,0.8829
1692846922.005257,,0.0,0.8167,0.8167
1692846922.037781,,0.0,0.7591,0.7591
1692846922.073246,,0.0,0.8608,0.8608
1692846922.105277,,0.0,0.8839,0.8839
1692846922.137227,,0.0,0.8606,0.8606
1692846922.173478,,0.0,0.6627,0.6627
1692846922.205586,,0.0,0.8903,0.8903
1692846922.237631,,0.0,0.8518,0.8518
1692846922.273386,,0.0,0.7424,0.7424
1692846922.305527,,0.0,0.8607,0.8607
1692846922.338495,,0.0,0.8141,0.8141
1692846922.373733,,0.0,0.8647,0.8647
1692846922.405319,,0.0,0.8631,0.8631
1692846922.437250,,0.0,0.8529,0.8529
1692846922.473096,,0.0,0.8618,0.8618
1692846922.505240,,0.0,0.8512,0.8512
1692846922.537112,,0.0,0.8613,0.8613
1692846922.573139,,0.0,0.7716,0.7716
1692846922.605237,,0.0,0.8659,0.8659
1692846922.637207,,0.0,0.8565,0.8565
1692846922.673165,,0.0,0.8375,0.8375
1692846922.705469,,0.0,0.8634,0.8634
1692846922.737202,,0.0,0.8306,0.8306
1692846922.773270,,0.0,0.864,0.864
1692846922.805329,,0.0,0.8619,0.8619
1692846922.837803,,0.0,0.831,0.831
1692846922.873441,,0.0,0.8758,0.8758
1692846922.905334,,0.0,0.8294,0.8294
1692846922.937285,,0.0,0.8301,0.8301
1692846922.973383,,0.0,0.8612,0.8612
1692846923.005241,,0.0,0.8264,0.8264
1692846923.037203,,0.0,0.7951,0.7951
1692846923.073282,,0.0,0.8398,0.8398
1692846923.105419,,0.0,0.8624,0.8624
1692846923.137500,,0.0,0.791,0.791
1692846923.173275,,0.0,0.8719,0.8719
1692846923.205321,,0.0,0.8077,0.8077
1692846923.237604,,0.0,0.8349,0.8349
1692846923.273396,,0.0,0.8416,0.8416
1692846923.305460,,0.0,0.7689,0.7689
1692846923.337439,,0.0,0.8446,0.8446
1692846923.373435,,0.0,0.8396,0.8396
1692846923.405413,,0.0,0.8014,0.8014
1692846923.437377,,0.0,0.8403,0.8403
1692846923.473329,,0.0,0.8638,0.8638
1692846923.505603,,0.0,0.771,0.771
1692846923.536950,,0.0,0.8639,0.8639
1692846923.573485,,0.0,0.7994,0.7994
1692846923.605595,,0.0,0.7902,0.7902
1692846923.637735,,0.0,0.8245,0.8245
1692846923.673550,,0.0,0.7843,0.7843
1692846923.705753,,0.0,0.7905,0.7905
1692846923.737570,,0.0,0.8259,0.8259
1692846923.773470,,0.0,0.8461,0.8461
1692846923.805606,,0.0,0.8292,0.8292
1692846923.837565,,0.0,0.8275,0.8275
1692846923.873494,,0.0,0.8063,0.8063
1692846923.905575,,0.0,0.7818,0.7818
1692846923.937859,,0.0,0.7712,0.7712
1692846923.973479,,0.0,0.8099,0.8099
1692846924.005633,,0.0,0.8133,0.8133
1692846924.037555,,0.0,0.8229,0.8229
1692846924.073763,,0.0,0.704,0.704
1692846924.105647,,0.0,0.7782,0.7782
1692846924.137520,,0.0,0.8258,0.8258
1692846924.173467,,0.0,0.781,0.781
1692846924.205520,,0.0,0.77,0.77
1692846924.237532,,0.0,0.7053,0.7053
1692846924.274077,,0.0,0.7465,0.7465
1692846924.305691,,0.0,0.6623,0.6623
1692846924.337674,,0.0,0.774,0.774
1692846924.374096,,0.0,0.6223,0.6223
1692846924.405790,,0.0,0.7579,0.7579
1692846924.438014,,0.0,0.7722,0.7722
1692846924.473553,,0.0,0.5867,0.5867
1692846924.505861,,0.0,0.6999,0.6999
1692846924.537673,,0.0,0.7035,0.7035
1692846924.573613,,0.0,0.5996,0.5996
1692846924.605629,,0.0,0.7066,0.7066
1692846924.637678,,0.0,0.7314,0.7314
1692846924.673866,,0.0,0.5173,0.5173
1692846924.705560,,0.0,0.5819,0.5819
1692846924.737662,,0.0,0.5365,0.5365
1692846924.773549,,0.0,0.5742,0.5742
1692846924.805808,,0.0,0.5895,0.5895
1692846924.837537,,0.0,0.5017,0.5017
1692846924.873417,,0.0,0.4782,0.4782
1692846924.905568,,0.0,0.5191,0.5191
1692846924.937598,,0.0,0.3637,0.3637
1692846924.973392,,0.0,0.5765,0.5765
1692846925.005560,,0.0,0.5215,0.5215
1692846925.037625,,0.0,0.5569,0.5569
1692846925.073403,,0.0,0.4,0.4
1692846925.105643,,0.0,0.4363,0.4363
1692846925.137498,,0.0,0.5157,0.5157
1692846925.173584,,0.0,0.3878,0.3878
1692846925.205511,,0.0,0.4156,0.4156
1692846925.237653,,0.0,0.4199,0.4199
1692846925.273578,,0.0,0.4021,0.4021
1692846925.305784,,0.0,0.4026,0.4026
1692846925.337548,,0.0,0.4344,0.4344
1692846925.373803,,0.0,0.4299,0.4299
1692846925.405670,,0.0,0.4224,0.4224
1692846925.437508,,0.0,0.3858,0.3858
1692846925.473685,,0.0,0.488,0.488
1692846925.505594,,0.0,0.453,0.453
1692846925.537503,,0.0,0.4769,0.4769
1692846925.573524,,0.0,0.415,0.415
1692846925.605462,,0.0,0.5009,0.5009
1692846925.637649,,0.0,0.4596,0.4596
1692846925.673437,,0.0,0.4147,0.4147
1692846925.705491,,0.0,0.4069,0.4069
1692846925.737580,,0.0,0.411,0.411
1692846925.773422,,0.0,0.4573,0.4573
1692846925.805484,,0.0,0.46,0.46
1692846925.837764,,0.0,0.4053,0.4053
1692846925.873451,,0.0,0.4004,0.4004
1692846925.905720,,0.0,0.4117,0.4117
1692846925.937460,,0.0,0.4243,0.4243
1692846925.973526,,0.0,0.4231,0.4231
1692846926.005645,,0.0,0.3864,0.3864
1692846926.037657,,0.0,0.3509,0.3509
1692846926.073606,,0.0,0.3717,0.3717
1692846926.105656,,0.0,0.3995,0.3995
1692846926.137772,,0.0,0.3925,0.3925
1692846926.173469,,0.0,0.3476,0.3476
1692846926.205693,,0.0,0.3509,0.3509
1692846926.237622,,0.0,0.354,0.354
1692846926.273623,,0.0,0.3293,0.3293
1692846926.305678,,0.0,0.3,0.3
1692846926.337652,,0.0,0.2719,0.2719
1692846926.373588,,0.0,0.2668,0.2668
1692846926.405701,,0.0,0.2636,0.2636
1692846926.437676,,0.0,0.3169,0.3169
1692846926.473546,,0.0,0.3239,0.3239
1692846926.505657,,0.0,0.3393,0.3393
1692846926.537662,,0.0,0.2894,0.2894
1692846926.573804,,0.0,0.3215,0.3215
1692846926.605479,,0.0,0.3041,0.3041
1692846926.637504,,0.0,0.3218,0.3218
1692846926.673521,,0.0,0.3256,0.3256
1692846926.705669,,0.0,0.3052,0.3052
1692846926.737519,,0.0,0.3004,0.3004
1692846926.773624,,0.0,0.2869,0.2869
1692846926.806080,,0.0,0.2855,0.2855
1692846926.837626,,0.0,0.3048,0.3048
1692846926.873539,,0.0,0.2812,0.2812
1692846926.905681,,0.0,0.3069,0.3069
1692846926.937602,,0.0,0.3222,0.3222
1692846926.973474,,0.0,0.3454,0.3454
1692846927.005796,,0.0,0.2977,0.2977
1692846927.037529,,0.0,0.2833,0.2833
1692846927.073461,,0.0,0.2913,0.2913
1692846927.105722,,0.0,0.271,0.271
1692846927.137519,,0.0,0.243,0.243
1692846927.173515,,0.0,0.2456,0.2456
1692846927.205631,,0.0,0.2255,0.2255
1692846927.237907,,0.0,0.3239,0.3239
1692846927.274413,,0.0,0.2407,0.2407
1692846927.305651,,0.0,0.2411,0.2411
1692846927.337634,,0.0,0.2137,0.2137
1692846927.373533,,0.0,0.2041,0.2041
1692846927.405766,,0.0,0.2228,0.2228
1692846927.437647,,0.0,0.2742,0.2742
1692846927.473508,,0.0,0.2136,0.2136
1692846927.505559,,0.0,0.0985,0.0985
1692846927.537557,,0.0,0.2762,0.2762
1692846927.573579,,0.0,0.2317,0.2317
1692846927.605688,,0.0,0.1311,0.1311
1692846927.637734,,0.0,0.1808,0.1808
1692846927.673780,,0.0,0.1162,0.1162
1692846927.705755,,0.0,0.1392,0.1392
1692846927.737664,,0.0,0.1764,0.1764
1692846927.773464,,0.0,0.1976,0.1976
1692846927.805523,,0.0,0.141,0.141
1692846927.837606,,0.0,0.1489,0.1489
1692846927.873517,,0.0,0.3016,0.3016
1692846927.905513,,0.0,0.1282,0.1282
1692846927.937540,,0.0,0.0654,0.0654
1692846927.973491,,0.0,0.1302,0.1302
1692846928.005536,,0.0,0.2637,0.2637
1692846928.037497,,0.0,0.3415,0.3415
1692846928.073576,,0.0,0.0724,0.0724
1692846928.105531,,0.0,0.0833,0.0833
1692846928.137572,,0.0,0.1147,0.1147
1692846928.173452,,0.0,0.1103,0.1103
1692846928.205547,,0.0,0.0999,0.0999
1692846928.237543,,0.0,0.2329,0.2329
1692846928.273672,,0.0,0.1455,0.1455
1692846928.305834,,0.0,0.064,0.064
1692846928.337512,,0.0,0.1049,0.1049
1692846928.373518,,0.0,0.0647,0.0647
1692846928.406279,,0.0,0.0516,0.0516
1692846928.437651,,0.0,0.2753,0.2753
1692846928.473492,,0.0,0.1734,0.1734
1692846928.505696,,0.0,0.2326,0.2326
1692846928.537638,,0.0,0.1617,0.1617
1692846928.573490,,0.0,0.2323,0.2323
1692846928.605705,,0.0,0.0523,0.0523
1692846928.637545,,0.0,0.1832,0.1832
1692846928.673452,,0.0,0.0914,0.0914
1692846928.705603,,0.0,0.0857,0.0857
1692846928.737581,,0.0,0.1308,0.1308
1692846928.773589,,0.0,0.1014,0.1014
1692846928.805575,,0.0,0.0581,0.0581
1692846928.837591,,0.0,0.084,0.084
1692846928.873601,,0.0,0.102,0.102
1692846928.905628,,0.0,0.176,0.176
1692846928.937572,,0.0,0.1178,0.1178
1692846928.973619,,0.0,0.1978,0.1978
1692846929.005670,,0.0,0.1109,0.1109
1692846929.037664,,0.0,0.0905,0.0905
1692846929.073514,,0.0,0.149,0.149
1692846929.105566,,0.0,0.0837,0.0837
1692846929.137522,,0.0,0.1134,0.1134
1692846929.173886,,0.0,0.1475,0.1475
1692846929.205792,,0.0,0.111,0.111
1692846929.238037,,0.0,0.0608,0.0608
1692846929.273835,,0.0,0.0502,0.0502
1692846929.305537,,0.0,0.1696,0.1696
1692846929.337630,,0.0,0.117,0.117
1692846929.373803,,0.0,0.075,0.075
1692846929.405696,,0.0,0.0773,0.0773
1692846929.437867,,0.0,0.0813,0.0813
1692846929.473667,,0.0,0.1136,0.1136
1692846929.505540,,0.0,0.1126,0.1126
1692846929.537469,,0.0,0.1197,0.1197
1692846929.574253,,0.0,0.0974,0.0974
1692846929.605644,,0.0,0.0894,0.0894
1692846929.637984,,0.0,0.2863,0.2863
1692846929.673536,,0.0,0.1133,0.1133
1692846929.705620,,0.0,0.1377,0.1377
1692846929.737540,,0.0,0.1086,0.1086
1692846929.773527,,0.0,0.1767,0.1767
1692846929.805638,,0.0,0.2119,0.2119
1692846929.837570,,0.0,0.0966,0.0966
1692846929.873493,,0.0,0.2548,0.2548
1692846929.905622,,0.0,0.2114,0.2114
1692846929.937533,,0.0,0.14,0.14
1692846929.973612,,0.0,0.0781,0.0781
1692846930.005648,,0.0,0.1179,0.1179
1692846930.037752,,0.0,0.0775,0.0775
1692846930.073592,,0.0,0.0815,0.0815
1692846930.105878,,0.0,0.1015,0.1015
1692846930.137652,,0.0,0.2292,0.2292
1692846930.173583,,0.0,0.2872,0.2872
1692846930.205608,,0.0,0.1029,0.1029
1692846930.237547,,0.0,0.0817,0.0817
1692846930.273476,,0.0,0.2632,0.2632
1692846930.305617,,0.0,0.0896,0.0896
1692846930.337565,,0.0,0.1077,0.1077
1692846930.373483,,0.0,0.2249,0.2249
1692846930.405466,,0.0,0.0957,0.0957
1692846930.437614,,0.0,0.1931,0.1931
1692846930.473431,,0.0,0.0595,0.0595
1692846930.505481,,0.0,0.1285,0.1285
1692846930.537536,,0.0,0.2762,0.2762
1692846930.573429,,0.0,0.1075,0.1075
1692846930.605674,,0.0,0.181,0.181
1692846930.638178,,0.0,0.3556,0.3556
1692846930.673474,,0.0,0.1026,0.1026
1692846930.705902,,0.0,0.2364,0.2364
1692846930.737576,,0.0,0.2654,0.2654
1692846930.773682,,0.0,0.1228,0.1228
1692846930.807536,,0.0,0.1546,0.1546
1692846930.837672,,0.0,0.1087,0.1087
1692846930.873640,,0.0,0.0705,0.0705
1692846930.905548,,0.0,0.0991,0.0991
1692846930.937602,,0.0,0.0661,0.0661
1692846930.973574,,0.0,0.147,0.147
1692846931.005586,,0.0,0.1148,0.1148
1692846931.037549,,0.0,0.1359,0.1359
1692846931.073565,,0.0,0.0834,0.0834
1692846931.105541,,0.0,0.1124,0.1124
1692846931.137532,,0.0,0.1381,0.1381
1692846931.173450,,0.0,0.0855,0.0855
1692846931.205690,,0.0,0.0563,0.0563
1692846931.237525,,0.0,0.0627,0.0627
1692846931.273626,,0.0,0.1515,0.1515
1692846931.305576,,0.0,0.2031,0.2031
1692846931.337524,,0.0,0.0913,0.0913
1692846931.373770,,0.0,0.0991,0.0991
1692846931.405523,,0.0,0.1003,0.1003
1692846931.437614,,0.0,0.0801,0.0801
1692846931.473696,,0.0,0.0822,0.0822
1692846931.505521,,0.0,0.2102,0.2102
1692846931.537576,,0.0,0.1273,0.1273
1692846931.573590,,0.0,0.0904,0.0904
1692846931.605577,,0.0,0.1108,0.1108
1692846931.637658,,0.0,0.1635,0.1635
1692846931.673573,,0.0,0.1111,0.1111
1692846931.705817,,0.0,0.098,0.098
1692846931.738010,,0.0,0.1814,0.1814
1692846931.773651,,0.0,0.1219,0.1219
1692846931.805763,,0.0,0.0694,0.0694
1692846931.837697,,0.0,0.0974,0.0974
1692846931.873634,,0.0,0.0795,0.0795
1692846931.905752,,0.0,0.0773,0.0773
1692846931.937539,,0.0,0.0688,0.0688
1692846931.974182,,0.0,0.2632,0.2632
1692846932.005724,,0.0,0.1957,0.1957
1692846932.037725,,0.0,0.0818,0.0818
1692846932.074140,,0.0,0.2917,0.2917
1692846932.105638,,0.0,0.088,0.088
1692846932.137636,,0.0,0.11,0.11
1692846932.173521,,0.0,0.1292,0.1292
1692846932.205586,,0.0,0.0937,0.0937
1692846932.237633,,0.0,0.0715,0.0715
1692846932.273473,,0.0,0.1518,0.1518
1692846932.305498,,0.0,0.0777,0.0777
1692846932.337499,,0.0,0.0739,0.0739
1692846932.374259,,0.0,0.1353,0.1353
1692846932.405661,,0.0,0.0651,0.0651
1692846932.437642,,0.0,0.0894,0.0894
1692846932.473666,,0.0,0.1051,0.1051
1692846932.505893,,0.0,0.1351,0.1351
1692846932.537592,,0.0,0.2734,0.2734
1692846932.573495,,0.0,0.095,0.095
1692846932.605547,,0.0,0.0778,0.0778
1692846932.637641,,0.0,0.0844,0.0844
1692846932.673488,,0.0,0.188,0.188
1692846932.705565,,0.0,0.0975,0.0975
1692846932.737513,,0.0,0.0607,0.0607
1692846932.773490,,0.0,0.2413,0.2413
1692846932.805493,,0.0,0.2338,0.2338
1692846932.837601,,0.0,0.0978,0.0978
1692846932.873509,,0.0,0.1298,0.1298
1692846932.905658,,0.0,0.1334,0.1334
1692846932.937557,,0.0,0.2729,0.2729
1692846932.973554,,0.0,0.1684,0.1684
1692846933.005563,,0.0,0.0837,0.0837
1692846933.037550,,0.0,0.1217,0.1217
1692846933.073457,,0.0,0.2677,0.2677
1692846933.105551,,0.0,0.0779,0.0779
1692846933.137484,,0.0,0.2616,0.2616
1692846933.173531,,0.0,0.0505,0.0505
1692846933.205208,,0.0,0.2157,0.2157
1692846933.237238,,0.0,0.1748,0.1748
1692846933.273458,,0.0,0.1103,0.1103
1692846933.305702,,0.0,0.0567,0.0567
1692846933.337823,,0.0,0.2218,0.2218
1692846933.373834,,0.0,0.1641,0.1641
1692846933.405441,,0.0,0.137,0.137
1692846933.437424,,0.0,0.0928,0.0928
1692846933.473670,,0.0,0.0739,0.0739
1692846933.505735,,0.0,0.1016,0.1016
1692846933.537409,,0.0,0.1945,0.1945
1692846933.573487,,0.0,0.055,0.055
1692846933.605381,,0.0,0.1261,0.1261
1692846933.637375,,0.0,0.1107,0.1107
1692846933.673551,,0.0,0.1395,0.1395
1692846933.705441,,0.0,0.056,0.056
1692846933.737373,,0.0,0.2031,0.2031
1692846933.773384,,0.0,0.0752,0.0752
1692846933.805393,,0.0,0.276,0.276
1692846933.837379,,0.0,0.1821,0.1821
1692846933.873374,,0.0,0.0882,0.0882
1692846933.905623,,0.0,0.0923,0.0923
1692846933.937396,,0.0,0.0754,0.0754
1692846933.973509,,0.0,0.2105,0.2105
1692846934.005481,,0.0,0.1,0.1
1692846934.037523,,0.0,0.304,0.304
1692846934.074493,,0.0,0.0875,0.0875
1692846934.105414,,0.0,0.1416,0.1416
1692846934.137726,,0.0,0.1311,0.1311
1692846934.173494,,0.0,0.1249,0.1249
1692846934.205572,,0.0,0.1225,0.1225
1692846934.237447,,0.0,0.106,0.106
1692846934.273702,,0.0,0.0895,0.0895
1692846934.305510,,0.0,0.093,0.093
1692846934.337437,,0.0,0.138,0.138
1692846934.374685,,0.0,0.1491,0.1491
1692846934.405722,,0.0,0.2161,0.2161
1692846934.438126,,0.0,0.1512,0.1512
1692846934.473813,,0.0,0.0636,0.0636
1692846934.505748,,0.0,0.1276,0.1276
1692846934.537539,,0.0,0.0735,0.0735
1692846934.573540,,0.0,0.127,0.127
1692846934.605624,,0.0,0.0774,0.0774
1692846934.637371,,0.0,0.1182,0.1182
1692846934.673357,,0.0,0.0672,0.0672
1692846934.705547,,0.0,0.1437,0.1437
1692846934.737395,,0.0,0.0,0.0
1692846934.773877,,0.0,0.0742,0.0742
1692846934.805652,,0.0,0.0,0.0
1692846934.837664,,0.0,0.1644,0.1644
1692846934.873460,,0.0,0.1788,0.1788
1692846934.905700,,0.0,0.0743,0.0743
1692846934.937450,,0.0,0.0991,0.0991
1692846934.973546,,0.0,0.1198,0.1198
1692846935.005569,,0.0,0.0661,0.0661
1692846935.037724,,0.0,0.1894,0.1894
1692846935.073562,,0.0,0.0604,0.0604
1692846935.105751,,0.0,0.1163,0.1163
1692846935.137670,,0.0,0.0782,0.0782
1692846935.173472,,0.0,0.188,0.188
1692846935.205369,,0.0,0.0,0.0
1692846935.237585,,0.0,0.0502,0.0502
1692846935.273438,,0.0,0.052,0.052
1692846935.305478,,0.0,0.2,0.2
1692846935.337399,,0.0,0.1001,0.1001
1692846935.373329,,0.0,0.1272,0.1272
1692846935.405510,,0.0,0.2896,0.2896
1692846935.437507,,0.0,0.1279,0.1279
1692846935.473076,,0.0,0.1092,0.1092
1692846935.505637,,0.0,0.0736,0.0736
1692846935.537459,,0.0,0.2186,0.2186
1692846935.573694,,0.0,0.1294,0.1294
1692846935.605679,,0.0,0.0758,0.0758
1692846935.637833,,0.0,0.2083,0.2083
1692846935.673886,,0.0,0.1343,0.1343
1692846935.705579,,0.0,0.1484,0.1484
1692846935.738745,,0.0,0.1908,0.1908
1692846935.773689,,0.0,0.133,0.133
1692846935.805509,,0.0,0.0597,0.0597
1692846935.837276,,0.0,0.1307,0.1307
1692846935.873528,,0.0,0.2759,0.2759
1692846935.905533,,0.0,0.1401,0.1401
1692846935.937502,,0.0,0.1576,0.1576
1692846935.973443,,0.0,0.2458,0.2458
1692846936.005913,,0.0,0.0713,0.0713
1692846936.037452,,0.0,0.1289,0.1289
1692846936.073509,,0.0,0.0571,0.0571
1692846936.105639,,0.0,0.0849,0.0849
1692846936.137510,,0.0,0.1511,0.1511
1692846936.173962,,0.0,0.0,0.0
1692846936.205711,,0.0,0.0809,0.0809
1692846936.237688,,0.0,0.1125,0.1125
1692846936.273523,,0.0,0.1061,0.1061
1692846936.305537,,0.0,0.1195,0.1195
1692846936.337472,,0.0,0.1459,0.1459
1692846936.374181,,0.0,0.0,0.0
1692846936.405698,,0.0,0.0701,0.0701
1692846936.437746,,0.0,0.0706,0.0706
1692846936.473829,,0.0,0.1295,0.1295
1692846936.505592,,0.0,0.1983,0.1983
1692846936.537707,,0.0,0.1312,0.1312
1692846936.573629,,0.0,0.0634,0.0634
1692846936.605682,,0.0,0.1397,0.1397
1692846936.637511,,0.0,0.0688,0.0688
1692846936.673470,,0.0,0.23,0.23
1692846936.705804,,0.0,0.1623,0.1623
1692846936.737736,,0.0,0.101,0.101
1692846936.773706,,0.0,0.2034,0.2034
1692846936.806377,,0.0,0.1072,0.1072
1692846936.837979,,0.0,0.1446,0.1446
1692846936.873467,,0.0,0.0875,0.0875
1692846936.906136,,0.0,0.1569,0.1569
1692846936.938076,,0.0,0.0817,0.0817
1692846936.973438,,0.0,0.2296,0.2296
1692846937.005603,,0.0,0.0554,0.0554
1692846937.037481,,0.0,0.1144,0.1144
1692846937.073537,,0.0,0.0831,0.0831
1692846937.105519,,0.0,0.1128,0.1128
1692846937.137583,,0.0,0.0869,0.0869
1692846937.173496,,0.0,0.2079,0.2079
1692846937.205903,,0.0,0.1191,0.1191
1692846937.237788,,0.0,0.1756,0.1756
1692846937.273565,,0.0,0.1076,0.1076
1692846937.305753,,0.0,0.0817,0.0817
1692846937.337637,,0.0,0.1868,0.1868
1692846937.373569,,0.0,0.1484,0.1484
1692846937.405571,,0.0,0.2153,0.2153
1692846937.437512,,0.0,0.092,0.092
1692846937.473479,,0.0,0.0501,0.0501
1692846937.505564,,0.0,0.076,0.076
1692846937.537557,,0.0,0.0572,0.0572
1692846937.573481,,0.0,0.1204,0.1204
1692846937.605462,,0.0,0.0747,0.0747
1692846937.637508,,0.0,0.1136,0.1136
1692846937.673539,,0.0,0.1795,0.1795
1692846937.705507,,0.0,0.2134,0.2134
1692846937.737597,,0.0,0.1251,0.1251
1692846937.773565,,0.0,0.2127,0.2127
1692846937.805541,,0.0,0.0659,0.0659
1692846937.837517,,0.0,0.0739,0.0739
1692846937.873503,,0.0,0.0577,0.0577
1692846937.905550,,0.0,0.1901,0.1901
1692846937.937521,,0.0,0.0712,0.0712
1692846937.973588,,0.0,0.1868,0.1868
1692846938.005641,,0.0,0.2657,0.2657
1692846938.037608,,0.0,0.2044,0.2044
1692846938.073524,,0.0,0.163,0.163
1692846938.105703,,0.0,0.2141,0.2141
1692846938.137616,,0.0,0.0909,0.0909
1692846938.173527,,0.0,0.1228,0.1228
1692846938.205513,,0.0,0.13,0.13
1692846938.237563,,0.0,0.1831,0.1831
1692846938.273452,,0.0,0.0,0.0
1692846938.305570,,0.0,0.1165,0.1165
1692846938.337425,,0.0,0.1104,0.1104
1692846938.373613,,0.0,0.1452,0.1452
1692846938.405700,,0.0,0.1822,0.1822
1692846938.437642,,0.0,0.1438,0.1438
1692846938.474011,,0.0,0.132,0.132
1692846938.505553,,0.0,0.134,0.134
1692846938.537636,,0.0,0.0829,0.0829
1692846938.573640,,0.0,0.1464,0.1464
1692846938.605653,,0.0,0.0802,0.0802
1692846938.637560,,0.0,0.0,0.0
1692846938.673696,,0.0,0.2138,0.2138
1692846938.705515,,0.0,0.1392,0.1392
1692846938.737483,,0.0,0.0609,0.0609
1692846938.773434,,0.0,0.0555,0.0555
1692846938.805672,,0.0,0.1637,0.1637
1692846938.837652,,0.0,0.0672,0.0672
1692846938.873661,,0.0,0.1597,0.1597
1692846938.905832,,0.0,0.1967,0.1967
1692846938.937593,,0.0,0.1149,0.1149
1692846938.973818,,0.0,0.1068,0.1068
1692846939.005687,,0.0,0.0,0.0
1692846939.038011,,0.0,0.0851,0.0851
1692846939.073556,,0.0,0.1873,0.1873
1692846939.105689,,0.0,0.2026,0.2026
1692846939.137612,,0.0,0.1502,0.1502
1692846939.173643,,0.0,0.1891,0.1891
1692846939.206493,,0.0,0.1204,0.1204
1692846939.238107,,0.0,0.1029,0.1029
1692846939.273706,,0.0,0.1651,0.1651
1692846939.305874,,0.0,0.1662,0.1662
1692846939.338170,,0.0,0.1975,0.1975
1692846939.373564,,0.0,0.1777,0.1777
1692846939.405570,,0.0,0.1848,0.1848
1692846939.437579,,0.0,0.1642,0.1642
1692846939.473509,,0.0,0.1917,0.1917
1692846939.505569,,0.0,0.2028,0.2028
1692846939.537529,,0.0,0.2919,0.2919
1692846939.573592,,0.0,0.1417,0.1417
1692846939.605727,,0.0,0.0912,0.0912
1692846939.637715,,0.0,0.0791,0.0791
1692846939.673770,,0.0,0.0875,0.0875
1692846939.705801,,0.0,0.0608,0.0608
1692846939.737570,,0.0,0.1151,0.1151
1692846939.773584,,0.0,0.0687,0.0687
1692846939.805552,,0.0,0.0882,0.0882
1692846939.837519,,0.0,0.1085,0.1085
1692846939.873484,,0.0,0.1355,0.1355
1692846939.905560,,0.0,0.1389,0.1389
1692846939.937484,,0.0,0.2337,0.2337
1692846939.973430,,0.0,0.151,0.151
1692846940.005551,,0.0,0.0997,0.0997
1692846940.037505,,0.0,0.1509,0.1509
1692846940.073664,,0.0,0.2646,0.2646
1692846940.105706,,0.0,0.1549,0.1549
1692846940.137506,,0.0,0.2053,0.2053
1692846940.173557,,0.0,0.1198,0.1198
1692846940.205720,,0.0,0.1496,0.1496
1692846940.237514,,0.0,0.1747,0.1747
1692846940.273513,,0.0,0.0879,0.0879
1692846940.305612,,0.0,0.1254,0.1254
1692846940.337491,,0.0,0.2075,0.2075
1692846940.373636,,0.0,0.0754,0.0754
1692846940.405758,,0.0,0.12,0.12
1692846940.437672,,0.0,0.1536,0.1536
1692846940.473585,,0.0,0.0902,0.0902
1692846940.505802,,0.0,0.1183,0.1183
1692846940.537544,,0.0,0.2213,0.2213
1692846940.573616,,0.0,0.0546,0.0546
1692846940.605538,,0.0,0.126,0.126
1692846940.637552,,0.0,0.1129,0.1129
1692846940.673567,,0.0,0.0656,0.0656
1692846940.705544,,0.0,0.2207,0.2207
1692846940.737485,,0.0,0.0572,0.0572
1692846940.773480,,0.0,0.1466,0.1466
1692846940.805617,,0.0,0.0922,0.0922
1692846940.837535,,0.0,0.065,0.065
1692846940.873528,,0.0,0.0977,0.0977
1692846940.905754,,0.0,0.0531,0.0531
1692846940.937509,,0.0,0.2054,0.2054
1692846940.973547,,0.0,0.2101,0.2101
1692846941.005771,,0.0,0.0597,0.0597
1692846941.037551,,0.0,0.0838,0.0838
1692846941.073471,,0.0,0.0,0.0
1692846941.105624,,0.0,0.1375,0.1375
1692846941.137580,,0.0,0.2672,0.2672
1692846941.173945,,0.0,0.0944,0.0944
1692846941.205735,,0.0,0.1048,0.1048
1692846941.237724,,0.0,0.0776,0.0776
1692846941.273659,,0.0,0.1456,0.1456
1692846941.305749,,0.0,0.1206,0.1206
1692846941.337789,,0.0,0.1568,0.1568
1692846941.373602,,0.0,0.3093,0.3093
1692846941.405774,,0.0,0.0509,0.0509
1692846941.437661,,0.0,0.1139,0.1139
1692846941.473596,,0.0,0.0811,0.0811
1692846941.505704,,0.0,0.1409,0.1409
1692846941.537643,,0.0,0.0846,0.0846
1692846941.573473,,0.0,0.1224,0.1224
1692846941.605696,,0.0,0.0675,0.0675
1692846941.637819,,0.0,0.0945,0.0945
1692846941.673501,,0.0,0.1747,0.1747
1692846941.705617,,0.0,0.0609,0.0609
1692846941.738105,,0.0,0.0802,0.0802
1692846941.773567,,0.0,0.0663,0.0663
1692846941.805601,,0.0,0.0542,0.0542
1692846941.837937,,0.0,0.1024,0.1024
1692846941.873430,,0.0,0.2033,0.2033
1692846941.905782,,0.0,0.1977,0.1977
1692846941.937611,,0.0,0.2147,0.2147
1692846941.973949,,0.0,0.1601,0.1601
1692846942.005722,,0.0,0.0901,0.0901
1692846942.037809,,0.0,0.1308,0.1308
1692846942.073622,,0.0,0.1054,0.1054
1692846942.105965,,0.0,0.1993,0.1993
1692846942.137567,,0.0,0.1591,0.1591
1692846942.173513,,0.0,0.1801,0.1801
1692846942.205642,,0.0,0.2159,0.2159
1692846942.237551,,0.0,0.1644,0.1644
1692846942.273524,,0.0,0.1024,0.1024
1692846942.305620,,0.0,0.0809,0.0809
1692846942.337587,,0.0,0.1869,0.1869
1692846942.373528,,0.0,0.1284,0.1284
1692846942.405530,,0.0,0.1835,0.1835
1692846942.437511,,0.0,0.2262,0.2262
1692846942.473583,,0.0,0.1668,0.1668
1692846942.505576,,0.0,0.1318,0.1318
1692846942.537527,,0.0,0.2018,0.2018
1692846942.573508,,0.0,0.1774,0.1774
1692846942.605664,,0.0,0.1242,0.1242
1692846942.637606,,0.0,0.1234,0.1234
1692846942.673579,,0.0,0.0923,0.0923
1692846942.705502,,0.0,0.1129,0.1129
1692846942.737575,,0.0,0.063,0.063
1692846942.773446,,0.0,0.1019,0.1019
1692846942.805799,,0.0,0.1669,0.1669
1692846942.837595,,0.0,0.1418,0.1418
1692846942.873558,,0.0,0.1257,0.1257
1692846942.905547,,0.0,0.1668,0.1668
1692846942.937656,,0.0,0.1347,0.1347
1692846942.973455,,0.0,0.1418,0.1418
1692846943.005507,,0.0,0.1723,0.1723
1692846943.037551,,0.0,0.0849,0.0849
1692846943.073628,,0.0,0.2027,0.2027
1692846943.105713,,0.0,0.129,0.129
1692846943.137579,,0.0,0.1482,0.1482
1692846943.173733,,0.0,0.1179,0.1179
1692846943.205561,,0.0,0.1176,0.1176
1692846943.237588,,0.0,0.1225,0.1225
1692846943.273122,,0.0,0.084,0.084
1692846943.305980,,0.0,0.2269,0.2269
1692846943.337167,,0.0,0.1169,0.1169
1692846943.373394,,0.0,0.1463,0.1463
1692846943.405470,,0.0,0.0814,0.0814
1692846943.437343,,0.0,0.0966,0.0966
1692846943.473291,,0.0,0.1728,0.1728
1692846943.505373,,0.0,0.0864,0.0864
1692846943.537268,,0.0,0.2344,0.2344
1692846943.573257,,0.0,0.1336,0.1336
1692846943.605362,,0.0,0.0991,0.0991
1692846943.637317,,0.0,0.1066,0.1066
1692846943.673265,,0.0,0.1933,0.1933
1692846943.706488,,0.0,0.1213,0.1213
1692846943.737623,,0.0,0.1434,0.1434
1692846943.773262,,0.0,0.2347,0.2347
1692846943.805328,,0.0,0.2557,0.2557
1692846943.837407,,0.0,0.1443,0.1443
1692846943.873501,,0.0,0.129,0.129
1692846943.905602,,0.0,0.1136,0.1136
1692846943.937469,,0.0,0.1403,0.1403
1692846943.973209,,0.0,0.1352,0.1352
1692846944.005479,,0.0,0.1133,0.1133
1692846944.037851,,0.0,0.1596,0.1596
1692846944.073492,,0.0,0.1019,0.1019
1692846944.105457,,0.0,0.1951,0.1951
1692846944.137713,,0.0,0.0956,0.0956
1692846944.173692,,0.0,0.0972,0.0972
1692846944.205333,,0.0,0.1335,0.1335
1692846944.237421,,0.0,0.1526,0.1526
1692846944.273660,,0.0,0.1591,0.1591
1692846944.305507,,0.0,0.0888,0.0888
1692846944.337338,,0.0,0.1375,0.1375
1692846944.373210,,0.0,0.0546,0.0546
1692846944.405336,,0.0,0.0845,0.0845
1692846944.437454,,0.0,0.1692,0.1692
1692846944.473586,,0.0,0.0686,0.0686
1692846944.505914,,0.0,0.0824,0.0824
1692846944.537793,,0.0,0.1002,0.1002
1692846944.573282,,0.0,0.166,0.166
1692846944.605153,,0.0,0.1086,0.1086
1692846944.637206,,0.0,0.1006,0.1006
1692846944.673833,,0.0,0.1105,0.1105
1692846944.705239,,0.0,0.1556,0.1556
1692846944.737367,,0.0,0.1224,0.1224
1692846944.773311,,0.0,0.0704,0.0704
1692846944.805302,,0.0,0.1507,0.1507
1692846944.837322,,0.0,0.329,0.329
1692846944.873214,,0.0,0.1435,0.1435
1692846944.905191,,0.0,0.1948,0.1948
1692846944.937432,,0.0,0.1825,0.1825
1692846944.973320,,0.0,0.0848,0.0848
1692846945.005330,,0.0,0.1566,0.1566
1692846945.037342,,0.0,0.2194,0.2194
1692846945.073215,,0.0,0.1987,0.1987
1692846945.105319,,0.0,0.1595,0.1595
1692846945.137267,,0.0,0.1081,0.1081
1692846945.173873,,0.0,0.1252,0.1252
1692846945.205505,,0.0,0.0826,0.0826
1692846945.237517,,0.0,0.1112,0.1112
1692846945.273230,,0.0,0.138,0.138
1692846945.305331,,0.0,0.2839,0.2839
1692846945.337405,,0.0,0.0987,0.0987
1692846945.373486,,0.0,0.1426,0.1426
1692846945.405205,,0.0,0.1154,0.1154
1692846945.437259,,0.0,0.1143,0.1143
1692846945.473480,,0.0,0.202,0.202
1692846945.505336,,0.0,0.0772,0.0772
1692846945.537274,,0.0,0.1812,0.1812
1692846945.573308,,0.0,0.1714,0.1714
1692846945.605339,,0.0,0.1205,0.1205
1692846945.637276,,0.0,0.1009,0.1009
1692846945.673579,,0.0,0.0856,0.0856
1692846945.705408,,0.0,0.0675,0.0675
1692846945.737269,,0.0,0.3512,0.3512
1692846945.773202,,0.0,0.1105,0.1105
1692846945.805389,,0.0,0.1919,0.1919
1692846945.837264,,0.0,0.1043,0.1043
1692846945.873237,,0.0,0.1288,0.1288
1692846945.905314,,0.0,0.0842,0.0842
1692846945.937510,,0.0,0.1011,0.1011
1692846945.973284,,0.0,0.1248,0.1248
1692846946.005300,,0.0,0.1656,0.1656
1692846946.037412,,0.0,0.1105,0.1105
1692846946.073667,,0.0,0.1769,0.1769
1692846946.105678,,0.0,0.0874,0.0874
1692846946.137678,,0.0,0.1512,0.1512
1692846946.173291,,0.0,0.2001,0.2001
1692846946.205792,,0.0,0.1843,0.1843
1692846946.237383,,0.0,0.1586,0.1586
1692846946.273420,,0.0,0.2655,0.2655
1692846946.305447,,0.0,0.2607,0.2607
1692846946.337549,,0.0,0.3424,0.3424
1692846946.373300,,0.0,0.233,0.233
1692846946.405507,,0.0,0.3436,0.3436
1692846946.437591,,0.0,0.3224,0.3224
1692846946.473358,,0.0,0.2983,0.2983
1692846946.505377,,0.0,0.1952,0.1952
1692846946.537461,,0.0,0.1973,0.1973
1692846946.573988,,0.0,0.116,0.116
1692846946.605283,,0.0,0.0746,0.0746
1692846946.637223,,0.0,0.2174,0.2174
1692846946.673199,,0.0,0.0819,0.0819
1692846946.705256,,0.0,0.246,0.246
1692846946.737168,,0.0,0.1442,0.1442
1692846946.773293,,0.0,0.3041,0.3041
1692846946.805360,,0.0,0.2149,0.2149
1692846946.837445,,0.0,0.2092,0.2092
1692846946.873450,,0.0,0.3172,0.3172
1692846946.905433,,0.0,0.1457,0.1457
1692846946.937348,,0.0,0.1451,0.1451
1692846946.973277,,0.0,0.2035,0.2035
1692846947.005354,,0.0,0.3218,0.3218
1692846947.037439,,0.0,0.2748,0.2748
1692846947.073173,,0.0,0.2606,0.2606
1692846947.105428,,0.0,0.1697,0.1697
1692846947.137197,,0.0,0.2025,0.2025
1692846947.173298,,0.0,0.2642,0.2642
1692846947.205202,,0.0,0.1472,0.1472
1692846947.237244,,0.0,0.1497,0.1497
1692846947.273335,,0.0,0.1838,0.1838
1692846947.305484,,0.0,0.2578,0.2578
1692846947.338649,,0.0,0.2671,0.2671
1692846947.373516,,0.0,0.2271,0.2271
1692846947.405418,,0.0,0.2977,0.2977
1692846947.437556,,0.0,0.2818,0.2818
1692846947.473501,,0.0,0.2726,0.2726
1692846947.505533,,0.0,0.284,0.284
1692846947.537683,,0.0,0.1431,0.1431
1692846947.573603,,0.0,0.2221,0.2221
1692846947.605669,,0.0,0.2601,0.2601
1692846947.637537,,0.0,0.2318,0.2318
1692846947.673391,,0.0,0.2144,0.2144
1692846947.705554,,0.0,0.2229,0.2229
1692846947.737336,,0.0,0.2618,0.2618
1692846947.773472,,0.0,0.2136,0.2136
1692846947.805538,,0.0,0.2201,0.2201
1692846947.837243,,0.0,0.1963,0.1963
1692846947.873351,,0.0,0.173,0.173
1692846947.905749,,0.0,0.2368,0.2368
1692846947.937326,,0.0,0.1848,0.1848
1692846947.973341,,0.0,0.2501,0.2501
1692846948.005392,,0.0,0.254,0.254
1692846948.037429,,0.0,0.2422,0.2422
1692846948.073459,,0.0,0.2738,0.2738
1692846948.105348,,0.0,0.1674,0.1674
1692846948.137290,,0.0,0.2277,0.2277
1692846948.173301,,0.0,0.2576,0.2576
1692846948.205576,,0.0,0.237,0.237
1692846948.237170,,0.0,0.1534,0.1534
1692846948.273225,,0.0,0.2509,0.2509
1692846948.305343,,0.0,0.2567,0.2567
1692846948.337309,,0.0,0.1891,0.1891
1692846948.373391,,0.0,0.2414,0.2414
1692846948.405284,,0.0,0.201,0.201
1692846948.437371,,0.0,0.1544,0.1544
1692846948.473282,,0.0,0.2178,0.2178
1692846948.505460,,0.0,0.2537,0.2537
1692846948.537340,,0.0,0.2447,0.2447
1692846948.573232,,0.0,0.2585,0.2585
1692846948.605854,,0.0,0.2171,0.2171
1692846948.637414,,0.0,0.2518,0.2518
1692846948.673223,,0.0,0.2484,0.2484
1692846948.705449,,0.0,0.2547,0.2547
1692846948.737489,,0.0,0.2426,0.2426
1692846948.773276,,0.0,0.224,0.224
1692846948.805396,,0.0,0.2257,0.2257
1692846948.837380,,0.0,0.2552,0.2552
1692846948.873348,,0.0,0.2207,0.2207
1692846948.905202,,0.0,0.2497,0.2497
1692846948.937296,,0.0,0.234,0.234
1692846948.973202,,0.0,0.2534,0.2534
1692846949.005334,,0.0,0.2676,0.2676
1692846949.037241,,0.0,0.2425,0.2425
1692846949.073276,,0.0,0.2646,0.2646
1692846949.105398,,0.0,0.2558,0.2558
1692846949.137427,,0.0,0.2115,0.2115
1692846949.173238,,0.0,0.2361,0.2361
1692846949.205411,,0.0,0.2602,0.2602
1692846949.237414,,0.0,0.223,0.223
1692846949.273313,,0.0,0.2172,0.2172
1692846949.305407,,0.0,0.2281,0.2281
1692846949.337344,,0.0,0.2307,0.2307
1692846949.373310,,0.0,0.2329,0.2329
1692846949.405310,,0.0,0.2376,0.2376
1692846949.437418,,0.0,0.234,0.234
1692846949.473593,,0.0,0.2242,0.2242
1692846949.505481,,0.0,0.2291,0.2291
1692846949.538692,,0.0,0.2144,0.2144
1692846949.573465,,0.0,0.2029,0.2029
1692846949.605520,,0.0,0.158,0.158
1692846949.637456,,0.0,0.1624,0.1624
1692846949.673322,,0.0,0.1735,0.1735
1692846949.705532,,0.0,0.1828,0.1828
1692846949.737501,,0.0,0.2069,0.2069
1692846949.773544,,0.0,0.2281,0.2281
1692846949.805252,,0.0,0.2523,0.2523
1692846949.837269,,0.0,0.2502,0.2502
1692846949.873224,,0.0,0.2397,0.2397
1692846949.905336,,0.0,0.2295,0.2295
1692846949.937395,,0.0,0.2396,0.2396
1692846949.973376,,0.0,0.2367,0.2367
1692846950.006086,,0.0,0.1625,0.1625
1692846950.037561,,0.0,0.2314,0.2314
1692846950.073349,,0.0,0.2316,0.2316
1692846950.105609,,0.0,0.2483,0.2483
1692846950.137483,,0.0,0.2412,0.2412
1692846950.173477,,0.0,0.2679,0.2679
1692846950.205403,,0.0,0.273,0.273
1692846950.237328,,0.0,0.2487,0.2487
1692846950.273368,,0.0,0.25,0.25
1692846950.305490,,0.0,0.2312,0.2312
1692846950.337287,,0.0,0.2119,0.2119
1692846950.373636,,0.0,0.2162,0.2162
1692846950.405366,,0.0,0.2538,0.2538
1692846950.437444,,0.0,0.2971,0.2971
1692846950.473338,,0.0,0.2961,0.2961
1692846950.505395,,0.0,0.2878,0.2878
1692846950.537323,,0.0,0.3118,0.3118
1692846950.573445,,0.0,0.2936,0.2936
1692846950.605300,,0.0,0.2808,0.2808
1692846950.637330,,0.0,0.2525,0.2525
1692846950.673414,,0.0,0.2434,0.2434
1692846950.705571,,0.0,0.2744,0.2744
1692846950.737482,,0.0,0.3042,0.3042
1692846950.773489,,0.0,0.2763,0.2763
1692846950.805609,,0.0,0.2901,0.2901
1692846950.837679,,0.0,0.2899,0.2899
1692846950.873541,,0.0,0.2613,0.2613
1692846950.905540,,0.0,0.2408,0.2408
1692846950.937699,,0.0,0.2716,0.2716
1692846950.973364,,0.0,0.2653,0.2653
1692846951.005627,,0.0,0.2644,0.2644
1692846951.037988,,0.0,0.3106,0.3106
1692846951.073611,,0.0,0.2705,0.2705
1692846951.105588,,0.0,0.3218,0.3218
1692846951.137652,,0.0,0.3003,0.3003
1692846951.173465,,0.0,0.3457,0.3457
1692846951.205382,,0.0,0.2927,0.2927
1692846951.237580,,0.0,0.2922,0.2922
1692846951.273448,,0.0,0.2969,0.2969
1692846951.305357,,0.0,0.3196,0.3196
1692846951.337419,,0.0,0.3251,0.3251
1692846951.373677,,0.0,0.3365,0.3365
1692846951.405435,,0.0,0.3343,0.3343
1692846951.437481,,0.0,0.3115,0.3115
1692846951.473494,,0.0,0.3241,0.3241
1692846951.505835,,0.0,0.2969,0.2969
1692846951.537646,,0.0,0.3037,0.3037
1692846951.573670,,0.0,0.3476,0.3476
1692846951.606035,,0.0,0.3242,0.3242
1692846951.637659,,0.0,0.4198,0.4198
1692846951.673863,,0.0,0.3427,0.3427
1692846951.705694,,0.0,0.4213,0.4213
1692846951.737545,,0.0,0.3143,0.3143
1692846951.773459,,0.0,0.4282,0.4282
1692846951.805484,,0.0,0.3497,0.3497
1692846951.837763,,0.0,0.354,0.354
1692846951.873563,,0.0,0.4755,0.4755
1692846951.905497,,0.0,0.316,0.316
1692846951.937490,,0.0,0.3623,0.3623
1692846951.973460,,0.0,0.3089,0.3089
1692846952.005522,,0.0,0.3278,0.3278
1692846952.037483,,0.0,0.4724,0.4724
1692846952.073440,,0.0,0.4467,0.4467
1692846952.105510,,0.0,0.3862,0.3862
1692846952.137441,,0.0,0.4087,0.4087
1692846952.173341,,0.0,0.4357,0.4357
1692846952.205675,,0.0,0.4222,0.4222
1692846952.237469,,0.0,0.3819,0.3819
1692846952.273456,,0.0,0.368,0.368
1692846952.305370,,0.0,0.589,0.589
1692846952.337519,,0.0,0.5689,0.5689
1692846952.373771,,0.0,0.524,0.524
1692846952.405761,,0.0,0.411,0.411
1692846952.438444,,0.0,0.3803,0.3803
1692846952.473706,,0.0,0.4806,0.4806
1692846952.505527,,0.0,0.4443,0.4443
1692846952.537550,,0.0,0.3683,0.3683
1692846952.573716,,0.0,0.3991,0.3991
1692846952.605452,,0.0,0.2978,0.2978
1692846952.637548,,0.0,0.428,0.428
1692846952.673409,,0.0,0.3614,0.3614
1692846952.705677,,0.0,0.4018,0.4018
1692846952.737419,,0.0,0.4592,0.4592
1692846952.773454,,0.0,0.4128,0.4128
1692846952.805659,,0.0,0.505,0.505
1692846952.837491,,0.0,0.4469,0.4469
1692846952.874010,,0.0,0.4218,0.4218
1692846952.905343,,0.0,0.4385,0.4385
1692846952.937400,,0.0,0.4689,0.4689
1692846952.973423,,0.0,0.5343,0.5343
1692846953.005557,,0.0,0.5958,0.5958
1692846953.037446,,0.0,0.42,0.42
1692846953.073329,,0.0,0.3689,0.3689
1692846953.105638,,0.0,0.4552,0.4552
1692846953.137507,,0.0,0.4603,0.4603
1692846953.173535,,0.0,0.637,0.637
1692846953.205393,,0.0,0.4863,0.4863
1692846953.238639,,0.0,0.5365,0.5365
1692846953.273586,,0.0,0.4519,0.4519
1692846953.305847,,0.0,0.6543,0.6543
1692846953.337671,,0.0,0.5119,0.5119
1692846953.373372,,0.0,0.3731,0.3731
1692846953.405647,,0.0,0.5164,0.5164
1692846953.437592,,0.0,0.5222,0.5222
1692846953.473452,,0.0,0.6077,0.6077
1692846953.505507,,0.0,0.6051,0.6051
1692846953.537368,,0.0,0.6166,0.6166
1692846953.573498,,0.0,0.5194,0.5194
1692846953.605639,,0.0,0.6496,0.6496
1692846953.637478,,0.0,0.5812,0.5812
1692846953.673473,,0.0,0.4883,0.4883
1692846953.705483,,0.0,0.4756,0.4756
1692846953.740665,,0.0,0.6534,0.6534
1692846953.777567,,0.0,0.4646,0.4646
1692846953.809749,,0.0,0.5403,0.5403
1692846953.841847,,0.0,0.639,0.639
1692846953.872915,,0.0,0.6273,0.6273
1692846953.905290,,0.0,0.6441,0.6441
1692846953.936883,,0.0,0.5298,0.5298
1692846953.973104,,0.0,0.6416,0.6416
1692846954.005370,,0.0,0.5115,0.5115
1692846954.037383,,0.0,0.6518,0.6518
1692846954.073458,,0.0,0.688,0.688
1692846954.105830,,0.0,0.5173,0.5173
1692846954.137463,,0.0,0.7404,0.7404
1692846954.173234,,0.0,0.6806,0.6806
1692846954.205336,,0.0,0.6049,0.6049
1692846954.237434,,0.0,0.6543,0.6543
1692846954.273186,,0.0,0.5878,0.5878
1692846954.305112,,0.0,0.7597,0.7597
1692846954.337178,,0.0,0.5667,0.5667
1692846954.373221,,0.0,0.5628,0.5628
1692846954.405210,,0.0,0.6797,0.6797
1692846954.437264,,0.0,0.7139,0.7139
1692846954.473134,,0.0,0.4987,0.4987
1692846954.505038,,0.0,0.5617,0.5617
1692846954.537139,,0.0,0.7056,0.7056
1692846954.573246,,0.0,0.7093,0.7093
1692846954.605250,,0.0,0.5737,0.5737
1692846954.637185,,0.0,0.7383,0.7383
1692846954.673349,,0.0,0.6653,0.6653
1692846954.705278,,0.0,0.7131,0.7131
1692846954.737268,,0.0,0.6501,0.6501
1692846954.773528,,0.0,0.5295,0.5295
1692846954.805398,,0.0,0.697,0.697
1692846954.837354,,0.0,0.7185,0.7185
1692846954.873258,,0.0,0.595,0.595
1692846954.905529,,0.0,0.6872,0.6872
1692846954.937375,,0.0,0.6165,0.6165
1692846954.973335,,0.0,0.6613,0.6613
1692846955.005423,,0.0,0.7458,0.7458
1692846955.037389,,0.0,0.2988,0.2988
1692846955.073188,,0.0,0.7512,0.7512
1692846955.105386,,0.0,0.578,0.578
1692846955.137088,,0.0,0.6267,0.6267
1692846955.173683,,0.0,0.5997,0.5997
1692846955.205441,,0.0,0.6873,0.6873
1692846955.237316,,0.0,0.6308,0.6308
1692846955.273185,,0.0,0.6897,0.6897
1692846955.305160,,0.0,0.5397,0.5397
1692846955.337083,,0.0,0.5607,0.5607
1692846955.373029,,0.0,0.6791,0.6791
1692846955.405519,,0.0,0.5865,0.5865
1692846955.437155,,0.0,0.751,0.751
1692846955.473238,,0.0,0.5357,0.5357
1692846955.505545,,0.0,0.4909,0.4909
1692846955.537063,,0.0,0.7686,0.7686
1692846955.573602,,0.0,0.5902,0.5902
1692846955.605633,,0.0,0.5746,0.5746
1692846955.637287,,0.0,0.735,0.735
1692846955.673103,,0.0,0.6751,0.6751
1692846955.705645,,0.0,0.7583,0.7583
1692846955.737269,,0.0,0.6968,0.6968
1692846955.773314,,0.0,0.7592,0.7592
1692846955.805354,,0.0,0.6466,0.6466
1692846955.837278,,0.0,0.7212,0.7212
1692846955.873061,,0.0,0.6709,0.6709
1692846955.905212,,0.0,0.7207,0.7207
1692846955.937288,,0.0,0.6225,0.6225
1692846955.973187,,0.0,0.7488,0.7488
1692846956.005217,,0.0,0.5939,0.5939
1692846956.037088,,0.0,0.5402,0.5402
1692846956.073421,,0.0,0.7383,0.7383
1692846956.105309,,0.0,0.5584,0.5584
1692846956.137353,,0.0,0.5733,0.5733
1692846956.173213,,0.0,0.6293,0.6293
1692846956.204977,,0.0,0.6021,0.6021
1692846956.237301,,0.0,0.5466,0.5466
1692846956.273243,,0.0,0.7311,0.7311
1692846956.305394,,0.0,0.5767,0.5767
1692846956.337470,,0.0,0.5605,0.5605
1692846956.373472,,0.0,0.7073,0.7073
1692846956.405752,,0.0,0.6899,0.6899
1692846956.437809,,0.0,0.5531,0.5531
1692846956.473720,,0.0,0.5824,0.5824
1692846956.505455,,0.0,0.6142,0.6142
1692846956.537609,,0.0,0.623,0.623
1692846956.573470,,0.0,0.5672,0.5672
1692846956.605658,,0.0,0.5665,0.5665
1692846956.637467,,0.0,0.7194,0.7194
1692846956.673498,,0.0,0.5537,0.5537
1692846956.705505,,0.0,0.6539,0.6539
1692846956.737507,,0.0,0.581,0.581
1692846956.773536,,0.0,0.7616,0.7616
1692846956.805217,,0.0,0.5361,0.5361
1692846956.837503,,0.0,0.7063,0.7063
1692846956.873611,,0.0,0.5693,0.5693
1692846956.905531,,0.0,0.6057,0.6057
1692846956.937568,,0.0,0.4526,0.4526
1692846956.973529,,0.0,0.4871,0.4871
1692846957.005585,,0.0,0.3856,0.3856
1692846957.037534,,0.0,0.347,0.347
1692846957.073836,,0.0,0.567,0.567
1692846957.105834,,0.0,0.4445,0.4445
1692846957.137758,,0.0,0.574,0.574
1692846957.174106,,0.0,0.2794,0.2794
1692846957.206119,,0.0,0.5211,0.5211
1692846957.238075,,0.0,0.1883,0.1883
1692846957.274375,,0.0,0.5157,0.5157
1692846957.305773,,0.0,0.2119,0.2119
1692846957.337928,,0.0,0.5228,0.5228
1692846957.373694,,0.0,0.2371,0.2371
1692846957.405960,,0.0,0.5418,0.5418
1692846957.437728,,0.0,0.4112,0.4112
1692846957.473799,,0.0,0.4799,0.4799
1692846957.505860,,0.0,0.5207,0.5207
1692846957.537793,,0.0,0.4986,0.4986
1692846957.574198,,0.0,0.6332,0.6332
1692846957.606041,,0.0,0.6588,0.6588
1692846957.638088,,0.0,0.7246,0.7246
1692846957.674641,,0.0,0.6975,0.6975
1692846957.705590,,0.0,0.8123,0.8123
1692846957.737525,,0.0,0.6865,0.6865
1692846957.773554,,0.0,0.7588,0.7588
1692846957.805648,,0.0,0.6944,0.6944
1692846957.837648,,0.0,0.706,0.706
1692846957.873544,,0.0,0.4111,0.4111
1692846957.905625,,0.0,0.6555,0.6555
1692846957.937534,,0.0,0.6858,0.6858
1692846957.973556,,0.0,0.5571,0.5571
1692846958.005672,,0.0,0.4969,0.4969
1692846958.037630,,0.0,0.2131,0.2131
1692846958.073517,,0.0,0.339,0.339
1692846958.105997,,0.0,0.2101,0.2101
1692846958.137652,,0.0,0.242,0.242
1692846958.173493,,0.0,0.2358,0.2358
1692846958.205490,,0.0,0.236,0.236
1692846958.237823,,0.0,0.4108,0.4108
1692846958.273897,,0.0,0.2324,0.2324
1692846958.305714,,0.0,0.3487,0.3487
1692846958.337763,,0.0,0.4661,0.4661
1692846958.373499,,0.0,0.2698,0.2698
1692846958.405519,,0.0,0.4298,0.4298
1692846958.437541,,0.0,0.2199,0.2199
1692846958.473598,,0.0,0.2806,0.2806
1692846958.505617,,0.0,0.4586,0.4586
1692846958.537562,,0.0,0.2069,0.2069
1692846958.573548,,0.0,0.199,0.199
1692846958.605560,,0.0,0.0813,0.0813
1692846958.637570,,0.0,0.0851,0.0851
1692846958.673512,,0.0,0.0967,0.0967
1692846958.705797,,0.0,0.0798,0.0798
1692846958.737616,,0.0,0.4641,0.4641
1692846958.773586,,0.0,0.2755,0.2755
1692846958.805918,,0.0,0.0613,0.0613
1692846958.837805,,0.0,0.1591,0.1591
1692846958.873582,,0.0,0.1923,0.1923
1692846958.905652,,0.0,0.2932,0.2932
1692846958.937575,,0.0,0.3551,0.3551
1692846958.973539,,0.0,0.2732,0.2732
1692846959.005570,,0.0,0.2191,0.2191
1692846959.037519,,0.0,0.5226,0.5226
1692846959.073453,,0.0,0.3019,0.3019
1692846959.105591,,0.0,0.4321,0.4321
1692846959.137569,,0.0,0.467,0.467
1692846959.173465,,0.0,0.6063,0.6063
1692846959.205454,,0.0,0.5977,0.5977
1692846959.237524,,0.0,0.4056,0.4056
1692846959.273543,,0.0,0.6512,0.6512
1692846959.305665,,0.0,0.4915,0.4915
1692846959.338389,,0.0,0.4924,0.4924
1692846959.373588,,0.0,0.5476,0.5476
1692846959.405583,,0.0,0.5085,0.5085
1692846959.437603,,0.0,0.6761,0.6761
1692846959.473660,,0.0,0.5187,0.5187
1692846959.505620,,0.0,0.6281,0.6281
1692846959.537546,,0.0,0.6182,0.6182
1692846959.573447,,0.0,0.2049,0.2049
1692846959.605713,,0.0,0.4753,0.4753
1692846959.637609,,0.0,0.6286,0.6286
1692846959.673661,,0.0,0.5396,0.5396
1692846959.706130,,0.0,0.6089,0.6089
1692846959.738230,,0.0,0.4585,0.4585
1692846959.773736,,0.0,0.5442,0.5442
1692846959.805512,,0.0,0.48,0.48
1692846959.837614,,0.0,0.5564,0.5564
1692846959.873876,,0.0,0.3138,0.3138
1692846959.905948,,0.0,0.6821,0.6821
1692846959.938138,,0.0,0.5812,0.5812
1692846959.973819,,0.0,0.3731,0.3731
1692846960.037723,,0.0,0.4117,0.4117
1692846960.074178,,0.0,0.434,0.434
1692846960.105604,,0.0,0.5091,0.5091
1692846960.137540,,0.0,0.4922,0.4922
1692846960.173609,,0.0,0.4565,0.4565
1692846960.205606,,0.0,0.5202,0.5202
1692846960.237855,,0.0,0.2212,0.2212
1692846960.273583,,0.0,0.5807,0.5807
1692846960.305927,,0.0,0.4631,0.4631
1692846960.337518,,0.0,0.5189,0.5189
1692846960.373614,,0.0,0.2541,0.2541
1692846960.405657,,0.0,0.6096,0.6096
1692846960.437653,,0.0,0.2182,0.2182
1692846960.473610,,0.0,0.5504,0.5504
1692846960.505736,,0.0,0.1042,0.1042
1692846960.538000,,0.0,0.6016,0.6016
1692846960.573541,,0.0,0.2577,0.2577
1692846960.605727,,0.0,0.3565,0.3565
1692846960.637707,,0.0,0.3268,0.3268
1692846960.673715,,0.0,0.4054,0.4054
1692846960.705526,,0.0,0.326,0.326
1692846960.737687,,0.0,0.512,0.512
1692846960.773674,,0.0,0.4243,0.4243
1692846960.805639,,0.0,0.3599,0.3599
1692846960.837665,,0.0,0.4818,0.4818
1692846960.873628,,0.0,0.4101,0.4101
1692846960.905504,,0.0,0.5274,0.5274
1692846960.937620,,0.0,0.4451,0.4451
1692846960.973488,,0.0,0.2728,0.2728
1692846961.005562,,0.0,0.4795,0.4795
1692846961.037599,,0.0,0.2735,0.2735
1692846961.073553,,0.0,0.5214,0.5214
1692846961.105664,,0.0,0.2846,0.2846
1692846961.137839,,0.0,0.3454,0.3454
1692846961.173944,,0.0,0.3391,0.3391
1692846961.205678,,0.0,0.3415,0.3415
1692846961.237700,,0.0,0.3893,0.3893
1692846961.274016,,0.0,0.2482,0.2482
1692846961.305895,,0.0,0.5666,0.5666
1692846961.337598,,0.0,0.3497,0.3497
1692846961.373513,,0.0,0.1449,0.1449
1692846961.405540,,0.0,0.5102,0.5102
1692846961.437563,,0.0,0.3546,0.3546
1692846961.473424,,0.0,0.451,0.451
1692846961.505519,,0.0,0.2096,0.2096
1692846961.537500,,0.0,0.4513,0.4513
1692846961.573797,,0.0,0.261,0.261
1692846961.605522,,0.0,0.2214,0.2214
1692846961.637602,,0.0,0.3136,0.3136
1692846961.673515,,0.0,0.3975,0.3975
1692846961.705542,,0.0,0.2552,0.2552
1692846961.737638,,0.0,0.5118,0.5118
1692846961.773726,,0.0,0.1655,0.1655
1692846961.805611,,0.0,0.2251,0.2251
1692846961.837543,,0.0,0.3763,0.3763
1692846961.873849,,0.0,0.3386,0.3386
1692846961.905521,,0.0,0.3806,0.3806
1692846961.937698,,0.0,0.4134,0.4134
1692846961.973895,,0.0,0.42,0.42
1692846962.005711,,0.0,0.37,0.37
1692846962.037820,,0.0,0.3329,0.3329
1692846962.073625,,0.0,0.5708,0.5708
1692846962.105733,,0.0,0.2549,0.2549
1692846962.137693,,0.0,0.5104,0.5104
1692846962.173550,,0.0,0.4086,0.4086
1692846962.208344,,0.0,0.495,0.495
1692846962.237530,,0.0,0.2009,0.2009
1692846962.273555,,0.0,0.6101,0.6101
1692846962.305566,,0.0,0.6256,0.6256
1692846962.337901,,0.0,0.5797,0.5797
1692846962.374317,,0.0,0.5623,0.5623
1692846962.406083,,0.0,0.2575,0.2575
1692846962.437664,,0.0,0.6632,0.6632
1692846962.473800,,0.0,0.4416,0.4416
1692846962.505862,,0.0,0.3166,0.3166
1692846962.537518,,0.0,0.6159,0.6159
1692846962.573509,,0.0,0.3567,0.3567
1692846962.605641,,0.0,0.5529,0.5529
1692846962.637510,,0.0,0.3257,0.3257
1692846962.673554,,0.0,0.6139,0.6139
1692846962.705568,,0.0,0.3819,0.3819
1692846962.737608,,0.0,0.268,0.268
1692846962.773963,,0.0,0.5224,0.5224
1692846962.805564,,0.0,0.4594,0.4594
1692846962.837624,,0.0,0.5898,0.5898
1692846962.873547,,0.0,0.5663,0.5663
1692846962.905590,,0.0,0.6151,0.6151
1692846962.937589,,0.0,0.6797,0.6797
1692846962.973481,,0.0,0.5524,0.5524
1692846963.005635,,0.0,0.4557,0.4557
1692846963.037556,,0.0,0.4576,0.4576
1692846963.073737,,0.0,0.6697,0.6697
1692846963.105493,,0.0,0.7016,0.7016
1692846963.137624,,0.0,0.5285,0.5285
1692846963.173821,,0.0,0.6756,0.6756
1692846963.205524,,0.0,0.6021,0.6021
1692846963.237518,,0.0,0.5138,0.5138
1692846963.273472,,0.0,0.7054,0.7054
1692846963.305559,,0.0,0.4127,0.4127
1692846963.337569,,0.0,0.5422,0.5422
1692846963.373511,,0.0,0.7738,0.7738
1692846963.405553,,0.0,0.7257,0.7257
1692846963.437521,,0.0,0.5684,0.5684
1692846963.473845,,0.0,0.5238,0.5238
1692846963.505585,,0.0,0.4541,0.4541
1692846963.537635,,0.0,0.4648,0.4648
1692846963.573692,,0.0,0.5302,0.5302
1692846963.605736,,0.0,0.4899,0.4899
1692846963.637751,,0.0,0.4134,0.4134
1692846963.673573,,0.0,0.2878,0.2878
1692846963.705610,,0.0,0.4038,0.4038
1692846963.737561,,0.0,0.3976,0.3976
1692846963.773798,,0.0,0.3066,0.3066
1692846963.805566,,0.0,0.2025,0.2025
1692846963.837694,,0.0,0.531,0.531
1692846963.873580,,0.0,0.6234,0.6234
1692846963.905522,,0.0,0.4529,0.4529
1692846963.937532,,0.0,0.598,0.598
1692846963.973591,,0.0,0.5773,0.5773
1692846964.005556,,0.0,0.6234,0.6234
1692846964.037541,,0.0,0.5975,0.5975
1692846964.073525,,0.0,0.4724,0.4724
1692846964.105564,,0.0,0.4757,0.4757
1692846964.137515,,0.0,0.4049,0.4049
1692846964.173607,,0.0,0.7539,0.7539
1692846964.205520,,0.0,0.7047,0.7047
1692846964.237515,,0.0,0.5465,0.5465
1692846964.273602,,0.0,0.4152,0.4152
1692846964.305469,,0.0,0.4702,0.4702
1692846964.337458,,0.0,0.4872,0.4872
1692846964.373590,,0.0,0.5628,0.5628
1692846964.405629,,0.0,0.4095,0.4095
1692846964.437822,,0.0,0.5939,0.5939
1692846964.473787,,0.0,0.4761,0.4761
1692846964.506057,,0.0,0.5683,0.5683
1692846964.537916,,0.0,0.5917,0.5917
1692846964.574263,,0.0,0.5295,0.5295
1692846964.605634,,0.0,0.5739,0.5739
1692846964.638168,,0.0,0.61,0.61
1692846964.673573,,0.0,0.6121,0.6121
1692846964.705605,,0.0,0.6232,0.6232
1692846964.737606,,0.0,0.5998,0.5998
1692846964.773565,,0.0,0.5806,0.5806
1692846964.805601,,0.0,0.541,0.541
1692846964.837912,,0.0,0.5591,0.5591
1692846964.873561,,0.0,0.4523,0.4523
1692846964.905718,,0.0,0.3707,0.3707
1692846964.938123,,0.0,0.4824,0.4824
1692846964.973477,,0.0,0.4772,0.4772
1692846965.005706,,0.0,0.6001,0.6001
1692846965.037457,,0.0,0.5018,0.5018
1692846965.073650,,0.0,0.4343,0.4343
1692846965.105796,,0.0,0.4709,0.4709
1692846965.137655,,0.0,0.5388,0.5388
1692846965.173601,,0.0,0.6119,0.6119
1692846965.205707,,0.0,0.646,0.646
1692846965.237743,,0.0,0.5211,0.5211
1692846965.273541,,0.0,0.5532,0.5532
1692846965.305898,,0.0,0.3933,0.3933
1692846965.337672,,0.0,0.5709,0.5709
1692846965.373440,,0.0,0.3758,0.3758
1692846965.405924,,0.0,0.4215,0.4215
1692846965.437744,,0.0,0.2297,0.2297
1692846965.473991,,0.0,0.5519,0.5519
1692846965.505563,,0.0,0.2916,0.2916
1692846965.537565,,0.0,0.5316,0.5316
1692846965.573459,,0.0,0.5812,0.5812
1692846965.605517,,0.0,0.504,0.504
1692846965.637556,,0.0,0.3933,0.3933
1692846965.673837,,0.0,0.5041,0.5041
1692846965.705557,,0.0,0.4156,0.4156
1692846965.737592,,0.0,0.3091,0.3091
1692846965.773495,,0.0,0.4658,0.4658
1692846965.805516,,0.0,0.2305,0.2305
1692846965.837593,,0.0,0.4682,0.4682
1692846965.873484,,0.0,0.3429,0.3429
1692846965.906096,,0.0,0.5982,0.5982
1692846965.937593,,0.0,0.6185,0.6185
1692846965.973514,,0.0,0.3437,0.3437
1692846966.005821,,0.0,0.4159,0.4159
1692846966.037810,,0.0,0.3487,0.3487
1692846966.073533,,0.0,0.3578,0.3578
1692846966.105722,,0.0,0.274,0.274
1692846966.137619,,0.0,0.1743,0.1743
1692846966.173564,,0.0,0.3177,0.3177
1692846966.205527,,0.0,0.1619,0.1619
1692846966.237619,,0.0,0.3943,0.3943
1692846966.273520,,0.0,0.1555,0.1555
1692846966.305523,,0.0,0.2519,0.2519
1692846966.337579,,0.0,0.1737,0.1737
1692846966.373494,,0.0,0.2822,0.2822
1692846966.405530,,0.0,0.3937,0.3937
1692846966.437624,,0.0,0.326,0.326
1692846966.473828,,0.0,0.1871,0.1871
1692846966.505571,,0.0,0.2878,0.2878
1692846966.537556,,0.0,0.3297,0.3297
1692846966.573593,,0.0,0.3884,0.3884
1692846966.605607,,0.0,0.473,0.473
1692846966.637486,,0.0,0.4064,0.4064
1692846966.673758,,0.0,0.259,0.259
1692846966.705637,,0.0,0.2942,0.2942
1692846966.737546,,0.0,0.3299,0.3299
1692846966.773699,,0.0,0.4068,0.4068
1692846966.805720,,0.0,0.2395,0.2395
1692846966.837731,,0.0,0.2666,0.2666
1692846966.873596,,0.0,0.4909,0.4909
1692846966.905644,,0.0,0.3821,0.3821
1692846966.937749,,0.0,0.3688,0.3688
1692846966.973810,,0.0,0.4301,0.4301
1692846967.005903,,0.0,0.1672,0.1672
1692846967.037597,,0.0,0.2708,0.2708
1692846967.073710,,0.0,0.2574,0.2574
1692846967.105971,,0.0,0.4593,0.4593
1692846967.137636,,0.0,0.2574,0.2574
1692846967.173713,,0.0,0.5233,0.5233
1692846967.206175,,0.0,0.249,0.249
1692846967.238144,,0.0,0.2961,0.2961
1692846967.273844,,0.0,0.1777,0.1777
1692846967.305990,,0.0,0.2466,0.2466
1692846967.337642,,0.0,0.2024,0.2024
1692846967.373464,,0.0,0.318,0.318
1692846967.405622,,0.0,0.2771,0.2771
1692846967.437495,,0.0,0.2708,0.2708
1692846967.473142,,0.0,0.1991,0.1991
1692846967.505143,,0.0,0.2799,0.2799
1692846967.536952,,0.0,0.2534,0.2534
1692846967.573262,,0.0,0.2438,0.2438
1692846967.605250,,0.0,0.2706,0.2706
1692846967.637226,,0.0,0.3449,0.3449
1692846967.673205,,0.0,0.2586,0.2586
1692846967.705457,,0.0,0.4194,0.4194
1692846967.737096,,0.0,0.2392,0.2392
1692846967.773018,,0.0,0.2307,0.2307
1692846967.805343,,0.0,0.3664,0.3664
1692846967.837341,,0.0,0.2247,0.2247
1692846967.873056,,0.0,0.4181,0.4181
1692846967.905296,,0.0,0.2307,0.2307
1692846967.937074,,0.0,0.4644,0.4644
1692846967.973014,,0.0,0.329,0.329
1692846968.005299,,0.0,0.358,0.358
1692846968.037085,,0.0,0.2927,0.2927
1692846968.073133,,0.0,0.331,0.331
1692846968.105310,,0.0,0.2862,0.2862
1692846968.137144,,0.0,0.3765,0.3765
1692846968.173305,,0.0,0.4177,0.4177
1692846968.205184,,0.0,0.4034,0.4034
1692846968.237368,,0.0,0.3006,0.3006
1692846968.273495,,0.0,0.2971,0.2971
1692846968.305349,,0.0,0.4161,0.4161
1692846968.337041,,0.0,0.2174,0.2174
1692846968.373208,,0.0,0.3461,0.3461
1692846968.405341,,0.0,0.3429,0.3429
1692846968.437466,,0.0,0.2085,0.2085
1692846968.473338,,0.0,0.4923,0.4923
1692846968.505365,,0.0,0.2375,0.2375
1692846968.537284,,0.0,0.4484,0.4484
1692846968.573051,,0.0,0.2806,0.2806
1692846968.605129,,0.0,0.2524,0.2524
1692846968.637084,,0.0,0.3128,0.3128
1692846968.673246,,0.0,0.4373,0.4373
1692846968.705254,,0.0,0.2534,0.2534
1692846968.737067,,0.0,0.4601,0.4601
1692846968.773389,,0.0,0.3615,0.3615
1692846968.805275,,0.0,0.3015,0.3015
1692846968.837299,,0.0,0.3648,0.3648
1692846968.872994,,0.0,0.3012,0.3012
1692846968.905142,,0.0,0.3652,0.3652
1692846968.937103,,0.0,0.2047,0.2047
1692846968.973358,,0.0,0.4341,0.4341
1692846969.005218,,0.0,0.2863,0.2863
1692846969.037284,,0.0,0.376,0.376
1692846969.073313,,0.0,0.3735,0.3735
1692846969.105262,,0.0,0.1987,0.1987
1692846969.137334,,0.0,0.2929,0.2929
1692846969.173756,,0.0,0.3136,0.3136
1692846969.205270,,0.0,0.2493,0.2493
1692846969.237418,,0.0,0.2343,0.2343
1692846969.273451,,0.0,0.4552,0.4552
1692846969.305593,,0.0,0.097,0.097
1692846969.337469,,0.0,0.3835,0.3835
1692846969.373939,,0.0,0.1136,0.1136
1692846969.405391,,0.0,0.3126,0.3126
1692846969.437465,,0.0,0.2857,0.2857
1692846969.473714,,0.0,0.2918,0.2918
1692846969.505235,,0.0,0.3831,0.3831
1692846969.537526,,0.0,0.2817,0.2817
1692846969.573297,,0.0,0.3338,0.3338
1692846969.605377,,0.0,0.3195,0.3195
1692846969.637843,,0.0,0.3185,0.3185
1692846969.673077,,0.0,0.4375,0.4375
1692846969.705524,,0.0,0.109,0.109
1692846969.737454,,0.0,0.4306,0.4306
1692846969.773250,,0.0,0.3635,0.3635
1692846969.805342,,0.0,0.3249,0.3249
1692846969.837323,,0.0,0.2607,0.2607
1692846969.873430,,0.0,0.2411,0.2411
1692846969.905244,,0.0,0.4692,0.4692
1692846969.937155,,0.0,0.2039,0.2039
1692846969.973301,,0.0,0.2461,0.2461
1692846970.005374,,0.0,0.2835,0.2835
1692846970.037333,,0.0,0.4053,0.4053
1692846970.077627,,0.0,0.1964,0.1964
1692846970.109648,,0.0,0.3004,0.3004
1692846970.141527,,0.0,0.394,0.394
1692846970.177505,,0.0,0.3779,0.3779
1692846970.209462,,0.0,0.4748,0.4748
1692846970.241551,,0.0,0.2187,0.2187
1692846970.277347,,0.0,0.3678,0.3678
1692846970.309611,,0.0,0.3239,0.3239
1692846970.341611,,0.0,0.3381,0.3381
1692846970.377317,,0.0,0.1997,0.1997
1692846970.404886,,0.0,0.4159,0.4159
1692846970.437536,,0.0,0.3484,0.3484
1692846970.473671,,0.0,0.3818,0.3818
1692846970.505574,,0.0,0.1543,0.1543
1692846970.537673,,0.0,0.0998,0.0998
1692846970.573606,,0.0,0.1065,0.1065
1692846970.605745,,0.0,0.4823,0.4823
1692846970.637668,,0.0,0.2683,0.2683
1692846970.673651,,0.0,0.3685,0.3685
1692846970.705485,,0.0,0.2109,0.2109
1692846970.737580,,0.0,0.3853,0.3853
1692846970.773716,,0.0,0.3833,0.3833
1692846970.805730,,0.0,0.4226,0.4226
1692846970.837792,,0.0,0.2346,0.2346
1692846970.873595,,0.0,0.3488,0.3488
1692846970.905906,,0.0,0.2824,0.2824
1692846970.937576,,0.0,0.3413,0.3413
1692846970.973655,,0.0,0.424,0.424
1692846971.005509,,0.0,0.3579,0.3579
1692846971.037952,,0.0,0.3514,0.3514
1692846971.073495,,0.0,0.1928,0.1928
1692846971.105790,,0.0,0.2667,0.2667
1692846971.137815,,0.0,0.3241,0.3241
1692846971.173486,,0.0,0.2521,0.2521
1692846971.205483,,0.0,0.3666,0.3666
1692846971.237653,,0.0,0.3133,0.3133
1692846971.273754,,0.0,0.3485,0.3485
1692846971.305645,,0.0,0.2774,0.2774
1692846971.337735,,0.0,0.2373,0.2373
1692846971.373545,,0.0,0.2771,0.2771
1692846971.405563,,0.0,0.0622,0.0622
1692846971.437811,,0.0,0.1683,0.1683
1692846971.473796,,0.0,0.1185,0.1185
1692846971.506153,,0.0,0.0727,0.0727
1692846971.537702,,0.0,0.1637,0.1637
1692846971.573802,,0.0,0.3208,0.3208
1692846971.605842,,0.0,0.0689,0.0689
1692846971.637679,,0.0,0.2342,0.2342
1692846971.673731,,0.0,0.2825,0.2825
1692846971.705581,,0.0,0.1039,0.1039
1692846971.737599,,0.0,0.3048,0.3048
1692846971.773788,,0.0,0.4005,0.4005
1692846971.805603,,0.0,0.317,0.317
1692846971.837528,,0.0,0.2767,0.2767
1692846971.873671,,0.0,0.3651,0.3651
1692846971.905624,,0.0,0.4688,0.4688
1692846971.937698,,0.0,0.4083,0.4083
1692846971.973611,,0.0,0.3012,0.3012
1692846972.006449,,0.0,0.3878,0.3878
1692846972.038200,,0.0,0.3031,0.3031
1692846972.073658,,0.0,0.2597,0.2597
1692846972.105647,,0.0,0.4936,0.4936
1692846972.137743,,0.0,0.4897,0.4897
1692846972.173612,,0.0,0.4326,0.4326
1692846972.205527,,0.0,0.528,0.528
1692846972.237497,,0.0,0.5162,0.5162
1692846972.273483,,0.0,0.3865,0.3865
1692846972.305900,,0.0,0.3674,0.3674
1692846972.337614,,0.0,0.3349,0.3349
1692846972.373871,,0.0,0.2177,0.2177
1692846972.405707,,0.0,0.1587,0.1587
1692846972.437568,,0.0,0.203,0.203
1692846972.473451,,0.0,0.4367,0.4367
1692846972.505543,,0.0,0.3823,0.3823
1692846972.537651,,0.0,0.5495,0.5495
1692846972.573685,,0.0,0.4588,0.4588
1692846972.605637,,0.0,0.4517,0.4517
1692846972.637576,,0.0,0.4369,0.4369
1692846972.673477,,0.0,0.4393,0.4393
1692846972.705765,,0.0,0.3923,0.3923
1692846972.737646,,0.0,0.3766,0.3766
1692846972.773729,,0.0,0.3497,0.3497
1692846972.805560,,0.0,0.418,0.418
1692846972.837598,,0.0,0.2997,0.2997
1692846972.873492,,0.0,0.3439,0.3439
1692846972.905607,,0.0,0.3895,0.3895
1692846972.937670,,0.0,0.3871,0.3871
1692846972.973505,,0.0,0.4831,0.4831
1692846973.005479,,0.0,0.6619,0.6619
1692846973.037511,,0.0,0.6671,0.6671
1692846973.073502,,0.0,0.5988,0.5988
1692846973.105548,,0.0,0.6569,0.6569
1692846973.137602,,0.0,0.6553,0.6553
1692846973.173725,,0.0,0.545,0.545
1692846973.205735,,0.0,0.6067,0.6067
1692846973.237813,,0.0,0.6587,0.6587
1692846973.273564,,0.0,0.7003,0.7003
1692846973.305925,,0.0,0.6574,0.6574
1692846973.337689,,0.0,0.6301,0.6301
1692846973.373931,,0.0,0.5407,0.5407
1692846973.405542,,0.0,0.4405,0.4405
1692846973.437573,,0.0,0.4353,0.4353
1692846973.473496,,0.0,0.5756,0.5756
1692846973.505647,,0.0,0.5611,0.5611
1692846973.537510,,0.0,0.4235,0.4235
1692846973.573548,,0.0,0.5295,0.5295
1692846973.605851,,0.0,0.4663,0.4663
1692846973.637901,,0.0,0.5995,0.5995
1692846973.673862,,0.0,0.6371,0.6371
1692846973.705935,,0.0,0.5405,0.5405
1692846973.737809,,0.0,0.5022,0.5022
1692846973.773592,,0.0,0.433,0.433
1692846973.805876,,0.0,0.5776,0.5776
1692846973.837854,,0.0,0.4931,0.4931
1692846973.873644,,0.0,0.5528,0.5528
1692846973.905741,,0.0,0.6085,0.6085
1692846973.937787,,0.0,0.6092,0.6092
1692846973.973864,,0.0,0.6478,0.6478
1692846974.005866,,0.0,0.5624,0.5624
1692846974.037916,,0.0,0.5247,0.5247
1692846974.073541,,0.0,0.4769,0.4769
1692846974.105762,,0.0,0.7116,0.7116
1692846974.137706,,0.0,0.7149,0.7149
1692846974.173678,,0.0,0.7201,0.7201
1692846974.205868,,0.0,0.7292,0.7292
1692846974.237817,,0.0,0.5773,0.5773
1692846974.273582,,0.0,0.5628,0.5628
1692846974.305624,,0.0,0.4974,0.4974
1692846974.337594,,0.0,0.4412,0.4412
1692846974.373568,,0.0,0.459,0.459
1692846974.406040,,0.0,0.5659,0.5659
1692846974.438068,,0.0,0.6019,0.6019
1692846974.473868,,0.0,0.5953,0.5953
1692846974.505704,,0.0,0.6133,0.6133
1692846974.538136,,0.0,0.6017,0.6017
1692846974.573724,,0.0,0.6459,0.6459
1692846974.605613,,0.0,0.7037,0.7037
1692846974.637557,,0.0,0.7713,0.7713
1692846974.673547,,0.0,0.6874,0.6874
1692846974.705538,,0.0,0.6922,0.6922
1692846974.737528,,0.0,0.6843,0.6843
1692846974.773754,,0.0,0.7145,0.7145
1692846974.805638,,0.0,0.757,0.757
1692846974.837674,,0.0,0.7315,0.7315
1692846974.873698,,0.0,0.7002,0.7002
1692846974.905527,,0.0,0.7072,0.7072
1692846974.937581,,0.0,0.6423,0.6423
1692846974.973851,,0.0,0.6031,0.6031
1692846975.005612,,0.0,0.7131,0.7131
1692846975.037682,,0.0,0.7343,0.7343
1692846975.073494,,0.0,0.7194,0.7194
1692846975.105631,,0.0,0.6144,0.6144
1692846975.137527,,0.0,0.5754,0.5754
1692846975.173494,,0.0,0.5327,0.5327
1692846975.205518,,0.0,0.6076,0.6076
1692846975.237523,,0.0,0.7004,0.7004
1692846975.273496,,0.0,0.6665,0.6665
1692846975.305764,,0.0,0.626,0.626
1692846975.337535,,0.0,0.5571,0.5571
1692846975.373756,,0.0,0.5036,0.5036
1692846975.405589,,0.0,0.4316,0.4316
1692846975.437511,,0.0,0.6279,0.6279
1692846975.473510,,0.0,0.48,0.48
1692846975.505543,,0.0,0.6092,0.6092
1692846975.537577,,0.0,0.63,0.63
1692846975.574054,,0.0,0.5452,0.5452
1692846975.606109,,0.0,0.5485,0.5485
1692846975.638216,,0.0,0.5441,0.5441
1692846975.673732,,0.0,0.5215,0.5215
1692846975.705805,,0.0,0.6137,0.6137
1692846975.737586,,0.0,0.4257,0.4257
1692846975.773625,,0.0,0.5115,0.5115
1692846975.805602,,0.0,0.6416,0.6416
1692846975.837593,,0.0,0.5463,0.5463
1692846975.873500,,0.0,0.5482,0.5482
1692846975.905592,,0.0,0.6739,0.6739
1692846975.939224,,0.0,0.5519,0.5519
1692846975.973516,,0.0,0.466,0.466
1692846976.005619,,0.0,0.5625,0.5625
1692846976.037640,,0.0,0.6194,0.6194
1692846976.073506,,0.0,0.5751,0.5751
1692846976.105746,,0.0,0.4932,0.4932
1692846976.137825,,0.0,0.4821,0.4821
1692846976.173711,,0.0,0.6278,0.6278
1692846976.205832,,0.0,0.5246,0.5246
1692846976.237834,,0.0,0.5948,0.5948
1692846976.273493,,0.0,0.6059,0.6059
1692846976.305660,,0.0,0.577,0.577
1692846976.337525,,0.0,0.5794,0.5794
1692846976.373452,,0.0,0.4811,0.4811
1692846976.405559,,0.0,0.492,0.492
1692846976.437683,,0.0,0.5312,0.5312
1692846976.473488,,0.0,0.3851,0.3851
1692846976.505778,,0.0,0.3226,0.3226
1692846976.537645,,0.0,0.6774,0.6774
1692846976.573625,,0.0,0.508,0.508
1692846976.605644,,0.0,0.4472,0.4472
1692846976.637906,,0.0,0.3517,0.3517
1692846976.673622,,0.0,0.3523,0.3523
1692846976.705661,,0.0,0.4334,0.4334
1692846976.737560,,0.0,0.5943,0.5943
1692846976.773414,,0.0,0.4353,0.4353
1692846976.805593,,0.0,0.3788,0.3788
1692846976.838156,,0.0,0.415,0.415
1692846976.873686,,0.0,0.3813,0.3813
1692846976.905527,,0.0,0.3967,0.3967
1692846976.937765,,0.0,0.3221,0.3221
1692846976.973794,,0.0,0.451,0.451
1692846977.005782,,0.0,0.3973,0.3973
1692846977.037873,,0.0,0.4505,0.4505
1692846977.073613,,0.0,0.4852,0.4852
1692846977.105621,,0.0,0.4401,0.4401
1692846977.137661,,0.0,0.3805,0.3805
1692846977.174113,,0.0,0.3182,0.3182
1692846977.205815,,0.0,0.2763,0.2763
1692846977.238008,,0.0,0.3002,0.3002
1692846977.273774,,0.0,0.2797,0.2797
1692846977.305909,,0.0,0.3455,0.3455
1692846977.337578,,0.0,0.3276,0.3276
1692846977.373526,,0.0,0.2882,0.2882
1692846977.405759,,0.0,0.4,0.4
1692846977.437557,,0.0,0.3267,0.3267
1692846977.473592,,0.0,0.2783,0.2783
1692846977.505606,,0.0,0.2599,0.2599
1692846977.538118,,0.0,0.2622,0.2622
1692846977.573722,,0.0,0.333,0.333
1692846977.605467,,0.0,0.3074,0.3074
1692846977.637503,,0.0,0.2608,0.2608
1692846977.673544,,0.0,0.3051,0.3051
1692846977.705471,,0.0,0.2945,0.2945
1692846977.737494,,0.0,0.3116,0.3116
1692846977.773559,,0.0,0.3356,0.3356
1692846977.805605,,0.0,0.2875,0.2875
1692846977.837485,,0.0,0.2664,0.2664
1692846977.873565,,0.0,0.2767,0.2767
1692846977.905537,,0.0,0.2722,0.2722
1692846977.937601,,0.0,0.3352,0.3352
1692846977.974081,,0.0,0.2622,0.2622
1692846978.006035,,0.0,0.2642,0.2642
1692846978.038036,,0.0,0.2649,0.2649
1692846978.073669,,0.0,0.2752,0.2752
1692846978.105845,,0.0,0.2714,0.2714
1692846978.137532,,0.0,0.241,0.241
1692846978.173487,,0.0,0.2538,0.2538
1692846978.205477,,0.0,0.2933,0.2933
1692846978.237498,,0.0,0.2624,0.2624
1692846978.273517,,0.0,0.2335,0.2335
1692846978.305696,,0.0,0.2041,0.2041
1692846978.337552,,0.0,0.2486,0.2486
1692846978.373497,,0.0,0.2594,0.2594
1692846978.405708,,0.0,0.2566,0.2566
1692846978.437581,,0.0,0.2538,0.2538
1692846978.473663,,0.0,0.2364,0.2364
1692846978.505593,,0.0,0.2572,0.2572
1692846978.537666,,0.0,0.2112,0.2112
1692846978.573483,,0.0,0.2388,0.2388
1692846978.605866,,0.0,0.2304,0.2304
1692846978.637523,,0.0,0.2525,0.2525
1692846978.673686,,0.0,0.2459,0.2459
1692846978.705652,,0.0,0.2465,0.2465
1692846978.737632,,0.0,0.2387,0.2387
1692846978.773584,,0.0,0.2374,0.2374
1692846978.805662,,0.0,0.2304,0.2304
1692846978.837740,,0.0,0.2012,0.2012
1692846978.873578,,0.0,0.2323,0.2323
1692846978.906321,,0.0,0.2694,0.2694
1692846978.937752,,0.0,0.2636,0.2636
1692846978.973469,,0.0,0.301,0.301
1692846979.005746,,0.0,0.2908,0.2908
1692846979.037980,,0.0,0.2621,0.2621
1692846979.073527,,0.0,0.264,0.264
1692846979.105573,,0.0,0.2513,0.2513
1692846979.138151,,0.0,0.2279,0.2279
1692846979.178213,,0.0,0.2391,0.2391
1692846979.210202,,0.0,0.2158,0.2158
1692846979.242214,,0.0,0.2396,0.2396
1692846979.278023,,0.0,0.2043,0.2043
1692846979.310181,,0.0,0.2341,0.2341
1692846979.342353,,0.0,0.2309,0.2309
1692846979.378199,,0.0,0.2204,0.2204
1692846979.410222,,0.0,0.2212,0.2212
1692846979.442158,,0.0,0.1977,0.1977
1692846979.478139,,0.0,0.2182,0.2182
1692846979.510285,,0.0,0.1948,0.1948
1692846979.537063,,0.0,0.2171,0.2171
1692846979.573234,,0.0,0.2334,0.2334
1692846979.605340,,0.0,0.105,0.105
1692846979.637289,,0.0,0.2306,0.2306
1692846979.673275,,0.0,0.2768,0.2768
1692846979.705383,,0.0,0.1834,0.1834
1692846979.737382,,0.0,0.2539,0.2539
1692846979.773294,,0.0,0.2291,0.2291
1692846979.805431,,0.0,0.192,0.192
1692846979.837499,,0.0,0.2601,0.2601
1692846979.873370,,0.0,0.1352,0.1352
1692846979.905369,,0.0,0.1636,0.1636
1692846979.937419,,0.0,0.1462,0.1462
1692846979.973322,,0.0,0.1523,0.1523
1692846980.005528,,0.0,0.1643,0.1643
1692846980.037353,,0.0,0.1199,0.1199
1692846980.073325,,0.0,0.1745,0.1745
1692846980.105620,,0.0,0.2169,0.2169
1692846980.137384,,0.0,0.2401,0.2401
1692846980.173328,,0.0,0.1515,0.1515
1692846980.206832,,0.0,0.2425,0.2425
1692846980.237435,,0.0,0.0978,0.0978
1692846980.273332,,0.0,0.0,0.0
1692846980.305422,,0.0,0.3426,0.3426
1692846980.337795,,0.0,0.0,0.0
1692846980.373468,,0.0,0.0503,0.0503
1692846980.405733,,0.0,0.0912,0.0912
1692846980.437568,,0.0,0.0,0.0
1692846980.473684,,0.0,0.0859,0.0859
1692846980.505585,,0.0,0.2106,0.2106
1692846980.537388,,0.0,0.0755,0.0755
1692846980.573922,,0.0,0.1213,0.1213
1692846980.605358,,0.0,0.0869,0.0869
1692846980.637442,,0.0,0.0941,0.0941
1692846980.673465,,0.0,0.0875,0.0875
1692846980.705451,,0.0,0.0899,0.0899
1692846980.737850,,0.0,0.1541,0.1541
1692846980.773470,,0.0,0.1741,0.1741
1692846980.805481,,0.0,0.1716,0.1716
1692846980.837470,,0.0,0.1719,0.1719
1692846980.873329,,0.0,0.1423,0.1423
1692846980.905646,,0.0,0.1397,0.1397
1692846980.937388,,0.0,0.1145,0.1145
1692846980.973404,,0.0,0.0,0.0
1692846981.005522,,0.0,0.0668,0.0668
1692846981.037388,,0.0,0.0747,0.0747
1692846981.073461,,0.0,0.1963,0.1963
1692846981.105422,,0.0,0.206,0.206
1692846981.137550,,0.0,0.2915,0.2915
1692846981.173305,,0.0,0.26,0.26
1692846981.205647,,0.0,0.1705,0.1705
1692846981.237624,,0.0,0.1377,0.1377
1692846981.273461,,0.0,0.0825,0.0825
1692846981.305597,,0.0,0.1692,0.1692
1692846981.337812,,0.0,0.2393,0.2393
1692846981.374033,,0.0,0.1418,0.1418
1692846981.405460,,0.0,0.0896,0.0896
1692846981.437584,,0.0,0.1732,0.1732
1692846981.473336,,0.0,0.2441,0.2441
1692846981.505525,,0.0,0.1086,0.1086
1692846981.537610,,0.0,0.1764,0.1764
1692846981.573416,,0.0,0.2711,0.2711
1692846981.605524,,0.0,0.1133,0.1133
1692846981.637429,,0.0,0.2165,0.2165
1692846981.673350,,0.0,0.2519,0.2519
1692846981.705368,,0.0,0.2263,0.2263
1692846981.737548,,0.0,0.2533,0.2533
1692846981.773402,,0.0,0.1992,0.1992
1692846981.805588,,0.0,0.2898,0.2898
1692846981.837335,,0.0,0.145,0.145
1692846981.873281,,0.0,0.158,0.158
1692846981.905646,,0.0,0.2304,0.2304
1692846981.973591,,0.0,0.3019,0.3019
1692846982.005476,,0.0,0.2272,0.2272
1692846982.037381,,0.0,0.2047,0.2047
1692846982.074990,,0.0,0.1327,0.1327
1692846982.105773,,0.0,0.1151,0.1151
1692846982.137625,,0.0,0.1193,0.1193
1692846982.173414,,0.0,0.2724,0.2724
1692846982.205561,,0.0,0.1874,0.1874
1692846982.237496,,0.0,0.097,0.097
1692846982.273449,,0.0,0.134,0.134
1692846982.305343,,0.0,0.1949,0.1949
1692846982.337535,,0.0,0.1123,0.1123
1692846982.373469,,0.0,0.0523,0.0523
1692846982.405399,,0.0,0.2527,0.2527
1692846982.437437,,0.0,0.1663,0.1663
1692846982.473469,,0.0,0.2156,0.2156
1692846982.505471,,0.0,0.0861,0.0861
1692846982.537397,,0.0,0.1327,0.1327
1692846982.573559,,0.0,0.0849,0.0849
1692846982.605414,,0.0,0.1094,0.1094
1692846982.637372,,0.0,0.0,0.0
1692846982.673592,,0.0,0.0593,0.0593
1692846982.705520,,0.0,0.117,0.117
1692846982.737400,,0.0,0.1803,0.1803
1692846982.773421,,0.0,0.1654,0.1654
1692846982.805816,,0.0,0.077,0.077
1692846982.837435,,0.0,0.1755,0.1755
1692846982.873479,,0.0,0.2778,0.2778
1692846982.905510,,0.0,0.2038,0.2038
1692846982.937496,,0.0,0.2254,0.2254
1692846982.978280,,0.0,0.1211,0.1211
1692846983.010448,,0.0,0.2799,0.2799
1692846983.042460,,0.0,0.0,0.0
1692846983.078272,,0.0,0.0929,0.0929
1692846983.110388,,0.0,0.1302,0.1302
1692846983.137151,,0.0,0.0725,0.0725
1692846983.173142,,0.0,0.0,0.0
1692846983.205078,,0.0,0.1417,0.1417
1692846983.237096,,0.0,0.0956,0.0956
1692846983.273012,,0.0,0.1843,0.1843
1692846983.305445,,0.0,0.1341,0.1341
1692846983.337147,,0.0,0.1485,0.1485
1692846983.373099,,0.0,0.1023,0.1023
1692846983.405239,,0.0,0.095,0.095
1692846983.437093,,0.0,0.2749,0.2749
1692846983.473077,,0.0,0.1329,0.1329
1692846983.505079,,0.0,0.0929,0.0929
1692846983.537223,,0.0,0.2262,0.2262
1692846983.573651,,0.0,0.1563,0.1563
1692846983.606076,,0.0,0.0782,0.0782
1692846983.637661,,0.0,0.0948,0.0948
1692846983.673313,,0.0,0.0764,0.0764
1692846983.705452,,0.0,0.1658,0.1658
1692846983.737629,,0.0,0.2925,0.2925
1692846983.773596,,0.0,0.0973,0.0973
1692846983.805660,,0.0,0.1967,0.1967
1692846983.837665,,0.0,0.0576,0.0576
1692846983.873571,,0.0,0.1427,0.1427
1692846983.905587,,0.0,0.0688,0.0688
1692846983.937488,,0.0,0.1315,0.1315
1692846983.973314,,0.0,0.0633,0.0633
1692846984.005502,,0.0,0.0,0.0
1692846984.037591,,0.0,0.2375,0.2375
1692846984.073422,,0.0,0.2181,0.2181
1692846984.105412,,0.0,0.1229,0.1229
1692846984.137481,,0.0,0.0,0.0
1692846984.173415,,0.0,0.1159,0.1159
1692846984.205461,,0.0,0.2556,0.2556
1692846984.238708,,0.0,0.1788,0.1788
1692846984.273325,,0.0,0.2429,0.2429
1692846984.305478,,0.0,0.2385,0.2385
1692846984.337297,,0.0,0.2324,0.2324
1692846984.373433,,0.0,0.1232,0.1232
1692846984.405552,,0.0,0.2098,0.2098
1692846984.437474,,0.0,0.1699,0.1699
1692846984.473461,,0.0,0.0945,0.0945
1692846984.505606,,0.0,0.0816,0.0816
1692846984.537534,,0.0,0.2171,0.2171
1692846984.573386,,0.0,0.1217,0.1217
1692846984.605566,,0.0,0.1328,0.1328
1692846984.637514,,0.0,0.1388,0.1388
1692846984.673409,,0.0,0.1673,0.1673
1692846984.705500,,0.0,0.0,0.0
1692846984.737396,,0.0,0.0726,0.0726
1692846984.773325,,0.0,0.2371,0.2371
1692846984.805520,,0.0,0.2663,0.2663
1692846984.837430,,0.0,0.1217,0.1217
1692846984.873483,,0.0,0.2822,0.2822
1692846984.905469,,0.0,0.0,0.0
1692846984.937440,,0.0,0.0696,0.0696
1692846984.973490,,0.0,0.2445,0.2445
1692846985.005378,,0.0,0.2178,0.2178
1692846985.037520,,0.0,0.152,0.152
1692846985.073665,,0.0,0.1653,0.1653
1692846985.105599,,0.0,0.2129,0.2129
1692846985.137579,,0.0,0.1838,0.1838
1692846985.173554,,0.0,0.1276,0.1276
1692846985.205560,,0.0,0.0,0.0
1692846985.237565,,0.0,0.0987,0.0987
1692846985.273441,,0.0,0.1051,0.1051
1692846985.305593,,0.0,0.1431,0.1431
1692846985.337565,,0.0,0.1602,0.1602
1692846985.373474,,0.0,0.1337,0.1337
1692846985.405446,,0.0,0.1194,0.1194
1692846985.437391,,0.0,0.1598,0.1598
1692846985.473329,,0.0,0.0807,0.0807
1692846985.505432,,0.0,0.1402,0.1402
1692846985.537457,,0.0,0.0644,0.0644
1692846985.573927,,0.0,0.0,0.0
1692846985.605816,,0.0,0.0696,0.0696
1692846985.637469,,0.0,0.2723,0.2723
1692846985.673666,,0.0,0.1442,0.1442
1692846985.705572,,0.0,0.2429,0.2429
1692846985.737373,,0.0,0.104,0.104
1692846985.773278,,0.0,0.1016,0.1016
1692846985.805436,,0.0,0.1873,0.1873
1692846985.837404,,0.0,0.1728,0.1728
1692846985.873371,,0.0,0.1227,0.1227
1692846985.905416,,0.0,0.1574,0.1574
1692846985.937438,,0.0,0.0,0.0
1692846985.973784,,0.0,0.1064,0.1064
1692846986.005564,,0.0,0.0533,0.0533
1692846986.037418,,0.0,0.1219,0.1219
1692846986.073417,,0.0,0.136,0.136
1692846986.105555,,0.0,0.0,0.0
1692846986.137504,,0.0,0.0873,0.0873
1692846986.173384,,0.0,0.1069,0.1069
1692846986.205419,,0.0,0.2047,0.2047
1692846986.237553,,0.0,0.0,0.0
1692846986.273391,,0.0,0.0,0.0
1692846986.305452,,0.0,0.1255,0.1255
1692846986.337504,,0.0,0.0747,0.0747
1692846986.373493,,0.0,0.0876,0.0876
1692846986.405456,,0.0,0.3102,0.3102
1692846986.437427,,0.0,0.1812,0.1812
1692846986.473411,,0.0,0.0,0.0
1692846986.505464,,0.0,0.0964,0.0964
1692846986.537462,,0.0,0.1118,0.1118
1692846986.573420,,0.0,0.2519,0.2519
1692846986.605428,,0.0,0.2,0.2
1692846986.637480,,0.0,0.072,0.072
1692846986.673259,,0.0,0.0788,0.0788
1692846986.705412,,0.0,0.0,0.0
1692846986.737269,,0.0,0.0,0.0
1692846986.775611,,0.0,0.273,0.273
1692846986.805509,,0.0,0.0988,0.0988
1692846986.837881,,0.0,0.17,0.17
1692846986.873654,,0.0,0.0513,0.0513
1692846986.905601,,0.0,0.1371,0.1371
1692846986.937622,,0.0,0.1098,0.1098
1692846986.973490,,0.0,0.0957,0.0957
1692846987.006541,,0.0,0.3147,0.3147
1692846987.037545,,0.0,0.0743,0.0743
1692846987.073351,,0.0,0.1203,0.1203
1692846987.105382,,0.0,0.2285,0.2285
1692846987.137421,,0.0,0.1066,0.1066
1692846987.173432,,0.0,0.1232,0.1232
1692846987.205554,,0.0,0.1439,0.1439
1692846987.237525,,0.0,0.2133,0.2133
1692846987.273355,,0.0,0.2206,0.2206
1692846987.305458,,0.0,0.1757,0.1757
1692846987.337471,,0.0,0.0976,0.0976
1692846987.373567,,0.0,0.0934,0.0934
1692846987.405500,,0.0,0.0,0.0
1692846987.437599,,0.0,0.1728,0.1728
1692846987.473471,,0.0,0.0,0.0
1692846987.505435,,0.0,0.084,0.084
1692846987.537457,,0.0,0.1489,0.1489
1692846987.573448,,0.0,0.108,0.108
1692846987.605847,,0.0,0.1519,0.1519
1692846987.637582,,0.0,0.0923,0.0923
1692846987.673596,,0.0,0.1341,0.1341
1692846987.705422,,0.0,0.2051,0.2051
1692846987.737380,,0.0,0.2877,0.2877
1692846987.773499,,0.0,0.098,0.098
1692846987.805502,,0.0,0.0,0.0
1692846987.837461,,0.0,0.1215,0.1215
1692846987.873407,,0.0,0.062,0.062
1692846987.905752,,0.0,0.0,0.0
1692846987.937577,,0.0,0.0991,0.0991
1692846987.973523,,0.0,0.052,0.052
1692846988.005548,,0.0,0.1098,0.1098
1692846988.037472,,0.0,0.0724,0.0724
1692846988.073512,,0.0,0.0,0.0
1692846988.105690,,0.0,0.2221,0.2221
1692846988.137816,,0.0,0.0768,0.0768
1692846988.173356,,0.0,0.0913,0.0913
1692846988.205436,,0.0,0.0,0.0
1692846988.237475,,0.0,0.122,0.122
1692846988.273347,,0.0,0.088,0.088
1692846988.305350,,0.0,0.0,0.0
1692846988.337562,,0.0,0.0,0.0
1692846988.373458,,0.0,0.2114,0.2114
1692846988.405679,,0.0,0.056,0.056
1692846988.437537,,0.0,0.0,0.0
1692846988.473464,,0.0,0.0,0.0
1692846988.505779,,0.0,0.2236,0.2236
1692846988.537541,,0.0,0.1058,0.1058
1692846988.573339,,0.0,0.0568,0.0568
1692846988.605361,,0.0,0.1222,0.1222
1692846988.637509,,0.0,0.0505,0.0505
1692846988.673506,,0.0,0.1021,0.1021
1692846988.705470,,0.0,0.0877,0.0877
1692846988.737449,,0.0,0.0579,0.0579
1692846988.773414,,0.0,0.1205,0.1205
1692846988.805597,,0.0,0.0675,0.0675
1692846988.837533,,0.0,0.0641,0.0641
1692846988.873759,,0.0,0.0711,0.0711
1692846988.905826,,0.0,0.0681,0.0681
1692846988.937696,,0.0,0.1123,0.1123
1692846988.973481,,0.0,0.0568,0.0568
1692846989.005560,,0.0,0.1221,0.1221
1692846989.037482,,0.0,0.0,0.0
1692846989.073382,,0.0,0.1638,0.1638
1692846989.105363,,0.0,0.0781,0.0781
1692846989.137695,,0.0,0.0754,0.0754
1692846989.173791,,0.0,0.0521,0.0521
1692846989.205487,,0.0,0.0988,0.0988
1692846989.237480,,0.0,0.1335,0.1335
1692846989.273598,,0.0,0.244,0.244
1692846989.305535,,0.0,0.2101,0.2101
1692846989.337436,,0.0,0.1935,0.1935
1692846989.373436,,0.0,0.1363,0.1363
1692846989.405480,,0.0,0.0512,0.0512
1692846989.437417,,0.0,0.1414,0.1414
1692846989.473409,,0.0,0.0577,0.0577
1692846989.505569,,0.0,0.0,0.0
1692846989.537409,,0.0,0.2037,0.2037
1692846989.573301,,0.0,0.1352,0.1352
1692846989.605561,,0.0,0.0742,0.0742
1692846989.637337,,0.0,0.0887,0.0887
1692846989.673453,,0.0,0.0969,0.0969
1692846989.705441,,0.0,0.0,0.0
1692846989.737577,,0.0,0.1769,0.1769
1692846989.773357,,0.0,0.0672,0.0672
1692846989.805468,,0.0,0.1341,0.1341
1692846989.837754,,0.0,0.0884,0.0884
1692846989.873512,,0.0,0.0718,0.0718
1692846989.905499,,0.0,0.0557,0.0557
1692846989.937421,,0.0,0.1251,0.1251
1692846989.973984,,0.0,0.0965,0.0965
1692846990.005958,,0.0,0.1161,0.1161
1692846990.037780,,0.0,0.0952,0.0952
1692846990.073501,,0.0,0.0,0.0
1692846990.105659,,0.0,0.2228,0.2228
1692846990.137440,,0.0,0.0,0.0
1692846990.173653,,0.0,0.1687,0.1687
1692846990.205750,,0.0,0.0879,0.0879
1692846990.237461,,0.0,0.0664,0.0664
1692846990.273403,,0.0,0.2523,0.2523
1692846990.305810,,0.0,0.0,0.0
1692846990.337439,,0.0,0.1339,0.1339
1692846990.373613,,0.0,0.1301,0.1301
1692846990.405394,,0.0,0.0776,0.0776
1692846990.437654,,0.0,0.3675,0.3675
1692846990.473828,,0.0,0.0872,0.0872
1692846990.506575,,0.0,0.0,0.0
1692846990.537457,,0.0,0.0777,0.0777
1692846990.573379,,0.0,0.1392,0.1392
1692846990.605479,,0.0,0.102,0.102
1692846990.637542,,0.0,0.1805,0.1805
1692846990.673332,,0.0,0.126,0.126
1692846990.705453,,0.0,0.2098,0.2098
1692846990.737541,,0.0,0.2694,0.2694
1692846990.773555,,0.0,0.1861,0.1861
1692846990.805794,,0.0,0.1396,0.1396
1692846990.837513,,0.0,0.0603,0.0603
1692846990.873430,,0.0,0.1241,0.1241
1692846990.905571,,0.0,0.0834,0.0834
1692846990.937402,,0.0,0.2093,0.2093
1692846990.973368,,0.0,0.1065,0.1065
1692846991.004959,,0.0,0.1801,0.1801
1692846991.037705,,0.0,0.0535,0.0535
1692846991.073552,,0.0,0.1006,0.1006
1692846991.105615,,0.0,0.1797,0.1797
1692846991.137507,,0.0,0.1887,0.1887
1692846991.173490,,0.0,0.132,0.132
1692846991.205518,,0.0,0.1219,0.1219
1692846991.237669,,0.0,0.0511,0.0511
1692846991.273433,,0.0,0.1498,0.1498
1692846991.305566,,0.0,0.0877,0.0877
1692846991.337516,,0.0,0.1602,0.1602
1692846991.373551,,0.0,0.1772,0.1772
1692846991.405693,,0.0,0.1075,0.1075
1692846991.437583,,0.0,0.1504,0.1504
1692846991.473883,,0.0,0.1895,0.1895
1692846991.505776,,0.0,0.0,0.0
1692846991.537631,,0.0,0.1871,0.1871
1692846991.573849,,0.0,0.1904,0.1904
1692846991.605877,,0.0,0.0,0.0
1692846991.637602,,0.0,0.0872,0.0872
1692846991.673648,,0.0,0.1486,0.1486
1692846991.705612,,0.0,0.1301,0.1301
1692846991.737721,,0.0,0.1682,0.1682
1692846991.773480,,0.0,0.053,0.053
1692846991.805702,,0.0,0.2062,0.2062
1692846991.837489,,0.0,0.2023,0.2023
1692846991.873476,,0.0,0.0563,0.0563
1692846991.908272,,0.0,0.1818,0.1818
1692846991.937528,,0.0,0.0,0.0
1692846991.973556,,0.0,0.0798,0.0798
1692846992.005520,,0.0,0.0765,0.0765
1692846992.037608,,0.0,0.1489,0.1489
1692846992.073529,,0.0,0.274,0.274
1692846992.105588,,0.0,0.0788,0.0788
1692846992.137516,,0.0,0.2464,0.2464
1692846992.173728,,0.0,0.129,0.129
1692846992.205506,,0.0,0.1524,0.1524
1692846992.237558,,0.0,0.0796,0.0796
1692846992.273685,,0.0,0.087,0.087
1692846992.306306,,0.0,0.0678,0.0678
1692846992.337679,,0.0,0.09,0.09
1692846992.373606,,0.0,0.1484,0.1484
1692846992.405927,,0.0,0.1198,0.1198
1692846992.437666,,0.0,0.1809,0.1809
1692846992.473984,,0.0,0.1255,0.1255
1692846992.505815,,0.0,0.0566,0.0566
1692846992.537914,,0.0,0.2338,0.2338
1692846992.573857,,0.0,0.0718,0.0718
1692846992.605532,,0.0,0.0664,0.0664
1692846992.637548,,0.0,0.0934,0.0934
1692846992.673536,,0.0,0.1076,0.1076
1692846992.705623,,0.0,0.2774,0.2774
1692846992.737597,,0.0,0.2282,0.2282
1692846992.774219,,0.0,0.1132,0.1132
1692846992.806078,,0.0,0.0582,0.0582
1692846992.838342,,0.0,0.0655,0.0655
1692846992.873675,,0.0,0.0732,0.0732
1692846992.906014,,0.0,0.0618,0.0618
1692846992.937497,,0.0,0.1495,0.1495
1692846992.973366,,0.0,0.2342,0.2342
1692846993.005586,,0.0,0.1151,0.1151
1692846993.037576,,0.0,0.203,0.203
1692846993.073464,,0.0,0.113,0.113
1692846993.105549,,0.0,0.1269,0.1269
1692846993.137517,,0.0,0.1227,0.1227
1692846993.173562,,0.0,0.3486,0.3486
1692846993.205791,,0.0,0.1638,0.1638
1692846993.237602,,0.0,0.1412,0.1412
1692846993.273774,,0.0,0.1004,0.1004
1692846993.305844,,0.0,0.1176,0.1176
1692846993.337625,,0.0,0.1429,0.1429
1692846993.373673,,0.0,0.1516,0.1516
1692846993.405574,,0.0,0.1199,0.1199
1692846993.437612,,0.0,0.1225,0.1225
1692846993.473533,,0.0,0.1077,0.1077
1692846993.510380,,0.0,0.0769,0.0769
1692846993.542491,,0.0,0.0913,0.0913
1692846993.578357,,0.0,0.1298,0.1298
1692846993.610335,,0.0,0.2475,0.2475
1692846993.642447,,0.0,0.2396,0.2396
1692846993.678159,,0.0,0.2457,0.2457
1692846993.710256,,0.0,0.0992,0.0992
1692846993.742307,,0.0,0.0512,0.0512
1692846993.778121,,0.0,0.0991,0.0991
1692846993.810176,,0.0,0.1643,0.1643
1692846993.842397,,0.0,0.1076,0.1076
1692846993.878410,,0.0,0.1668,0.1668
1692846993.910171,,0.0,0.1424,0.1424
1692846993.942469,,0.0,0.1141,0.1141
1692846993.978392,,0.0,0.1454,0.1454
1692846994.010378,,0.0,0.166,0.166
1692846994.042527,,0.0,0.1749,0.1749
1692846994.078166,,0.0,0.1349,0.1349
1692846994.110288,,0.0,0.0,0.0
1692846994.142254,,0.0,0.1349,0.1349
1692846994.178177,,0.0,0.0939,0.0939
1692846994.210194,,0.0,0.1997,0.1997
1692846994.242285,,0.0,0.2834,0.2834
1692846994.272997,,0.0,0.1785,0.1785
1692846994.305158,,0.0,0.1758,0.1758
1692846994.336990,,0.0,0.1619,0.1619
1692846994.373339,,0.0,0.0998,0.0998
1692846994.405303,,0.0,0.1033,0.1033
1692846994.437542,,0.0,0.144,0.144
1692846994.473697,,0.0,0.0587,0.0587
1692846994.505425,,0.0,0.2997,0.2997
1692846994.537491,,0.0,0.175,0.175
1692846994.573566,,0.0,0.2649,0.2649
1692846994.605641,,0.0,0.1029,0.1029
1692846994.637438,,0.0,0.0694,0.0694
1692846994.673591,,0.0,0.2698,0.2698
1692846994.705703,,0.0,0.0641,0.0641
1692846994.737292,,0.0,0.122,0.122
1692846994.773206,,0.0,0.1878,0.1878
1692846994.805292,,0.0,0.1177,0.1177
1692846994.873453,,0.0,0.1414,0.1414
1692846994.905472,,0.0,0.1077,0.1077
1692846994.937366,,0.0,0.0781,0.0781
1692846994.973355,,0.0,0.135,0.135
1692846995.005529,,0.0,0.1391,0.1391
1692846995.037454,,0.0,0.1563,0.1563
1692846995.073375,,0.0,0.1476,0.1476
1692846995.105504,,0.0,0.1216,0.1216
1692846995.137458,,0.0,0.2709,0.2709
1692846995.173607,,0.0,0.1404,0.1404
1692846995.206057,,0.0,0.2908,0.2908
1692846995.237403,,0.0,0.2564,0.2564
1692846995.273457,,0.0,0.2109,0.2109
1692846995.305926,,0.0,0.0914,0.0914
1692846995.337438,,0.0,0.1228,0.1228
1692846995.373369,,0.0,0.1457,0.1457
1692846995.405331,,0.0,0.1437,0.1437
1692846995.473284,,0.0,0.0842,0.0842
1692846995.505442,,0.0,0.0672,0.0672
1692846995.537285,,0.0,0.1918,0.1918
1692846995.573532,,0.0,0.0805,0.0805
1692846995.605706,,0.0,0.1565,0.1565
1692846995.637401,,0.0,0.1899,0.1899
1692846995.673354,,0.0,0.1097,0.1097
1692846995.705318,,0.0,0.0985,0.0985
1692846995.737378,,0.0,0.0791,0.0791
1692846995.773496,,0.0,0.1137,0.1137
1692846995.805305,,0.0,0.2686,0.2686
1692846995.837342,,0.0,0.0848,0.0848
1692846995.873195,,0.0,0.1058,0.1058
1692846995.905315,,0.0,0.106,0.106
1692846995.937267,,0.0,0.0914,0.0914
1692846995.973336,,0.0,0.1776,0.1776
1692846996.005474,,0.0,0.0827,0.0827
1692846996.037349,,0.0,0.1688,0.1688
1692846996.073354,,0.0,0.1361,0.1361
1692846996.105507,,0.0,0.1765,0.1765
1692846996.137376,,0.0,0.1828,0.1828
1692846996.173181,,0.0,0.1173,0.1173
1692846996.205517,,0.0,0.0997,0.0997
1692846996.237458,,0.0,0.255,0.255
1692846996.273551,,0.0,0.1911,0.1911
1692846996.305392,,0.0,0.1237,0.1237
1692846996.337384,,0.0,0.164,0.164
1692846996.373439,,0.0,0.0815,0.0815
1692846996.405580,,0.0,0.055,0.055
1692846996.437652,,0.0,0.0932,0.0932
1692846996.473330,,0.0,0.1106,0.1106
1692846996.505359,,0.0,0.0845,0.0845
1692846996.537496,,0.0,0.0724,0.0724
1692846996.573345,,0.0,0.124,0.124
1692846996.605364,,0.0,0.0633,0.0633
1692846996.637939,,0.0,0.0725,0.0725
1692846996.673416,,0.0,0.1886,0.1886
1692846996.705389,,0.0,0.1884,0.1884
1692846996.737351,,0.0,0.0836,0.0836
1692846996.773286,,0.0,0.0,0.0
1692846996.805412,,0.0,0.2201,0.2201
1692846996.837595,,0.0,0.192,0.192
1692846996.873378,,0.0,0.052,0.052
1692846996.905245,,0.0,0.0712,0.0712
1692846996.937242,,0.0,0.1408,0.1408
1692846996.973376,,0.0,0.1859,0.1859
1692846997.005398,,0.0,0.0,0.0
1692846997.037337,,0.0,0.2915,0.2915
1692846997.073450,,0.0,0.0726,0.0726
1692846997.105428,,0.0,0.1173,0.1173
1692846997.137376,,0.0,0.2483,0.2483
1692846997.173513,,0.0,0.146,0.146
1692846997.205472,,0.0,0.0915,0.0915
1692846997.238769,,0.0,0.1413,0.1413
1692846997.273284,,0.0,0.0964,0.0964
1692846997.305702,,0.0,0.1214,0.1214
1692846997.337443,,0.0,0.0627,0.0627
1692846997.373401,,0.0,0.0815,0.0815
1692846997.405624,,0.0,0.0,0.0
1692846997.437434,,0.0,0.1226,0.1226
1692846997.473764,,0.0,0.0,0.0
1692846997.505412,,0.0,0.1739,0.1739
1692846997.537429,,0.0,0.2253,0.2253
1692846997.573289,,0.0,0.1349,0.1349
1692846997.605406,,0.0,0.0507,0.0507
1692846997.637424,,0.0,0.0599,0.0599
1692846997.673335,,0.0,0.0848,0.0848
1692846997.705360,,0.0,0.152,0.152
1692846997.738428,,0.0,0.1031,0.1031
1692846997.773352,,0.0,0.0542,0.0542
1692846997.805432,,0.0,0.2548,0.2548
1692846997.837413,,0.0,0.102,0.102
1692846997.873578,,0.0,0.1758,0.1758
1692846997.905749,,0.0,0.0621,0.0621
1692846997.937458,,0.0,0.2098,0.2098
1692846997.973434,,0.0,0.2008,0.2008
1692846998.005391,,0.0,0.1407,0.1407
1692846998.037489,,0.0,0.0624,0.0624
1692846998.073386,,0.0,0.1575,0.1575
1692846998.105308,,0.0,0.1051,0.1051
1692846998.137242,,0.0,0.0855,0.0855
1692846998.173311,,0.0,0.1081,0.1081
1692846998.205520,,0.0,0.0682,0.0682
1692846998.237376,,0.0,0.1205,0.1205
1692846998.273481,,0.0,0.1545,0.1545
1692846998.305436,,0.0,0.1121,0.1121
1692846998.337458,,0.0,0.0521,0.0521
1692846998.373341,,0.0,0.0829,0.0829
1692846998.405550,,0.0,0.086,0.086
1692846998.437365,,0.0,0.063,0.063
1692846998.473531,,0.0,0.0987,0.0987
1692846998.505528,,0.0,0.1132,0.1132
1692846998.537391,,0.0,0.1014,0.1014
1692846998.573250,,0.0,0.1007,0.1007
1692846998.605849,,0.0,0.1242,0.1242
1692846998.637361,,0.0,0.1165,0.1165
1692846998.673334,,0.0,0.0885,0.0885
1692846998.705442,,0.0,0.1474,0.1474
1692846998.737354,,0.0,0.2329,0.2329
1692846998.773421,,0.0,0.1035,0.1035
1692846998.805505,,0.0,0.2525,0.2525
1692846998.837508,,0.0,0.209,0.209
1692846998.873359,,0.0,0.1968,0.1968
1692846998.907452,,0.0,0.1655,0.1655
1692846998.937463,,0.0,0.122,0.122
1692846998.975042,,0.0,0.126,0.126
1692846999.005417,,0.0,0.1281,0.1281
1692846999.037426,,0.0,0.0,0.0
1692846999.073346,,0.0,0.0978,0.0978
1692846999.105360,,0.0,0.0917,0.0917
1692846999.137373,,0.0,0.1735,0.1735
1692846999.173367,,0.0,0.2161,0.2161
1692846999.205428,,0.0,0.0696,0.0696
1692846999.237480,,0.0,0.1494,0.1494
1692846999.273413,,0.0,0.0848,0.0848
1692846999.305409,,0.0,0.1449,0.1449
1692846999.337390,,0.0,0.2497,0.2497
1692846999.373276,,0.0,0.1763,0.1763
1692846999.405412,,0.0,0.0804,0.0804
1692846999.437468,,0.0,0.0,0.0
1692846999.473432,,0.0,0.0,0.0
1692846999.505561,,0.0,0.0,0.0
1692846999.537459,,0.0,0.2087,0.2087
1692846999.573575,,0.0,0.1851,0.1851
1692846999.605491,,0.0,0.1563,0.1563
1692846999.637552,,0.0,0.2827,0.2827
1692846999.673548,,0.0,0.2577,0.2577
1692846999.705525,,0.0,0.1331,0.1331
1692846999.737480,,0.0,0.0,0.0
1692846999.773556,,0.0,0.2227,0.2227
1692846999.805549,,0.0,0.1054,0.1054
1692846999.837415,,0.0,0.1235,0.1235
1692846999.874244,,0.0,0.3048,0.3048
1692846999.905478,,0.0,0.3004,0.3004
1692846999.937448,,0.0,0.1554,0.1554
1692846999.973650,,0.0,0.083,0.083
1692847000.005732,,0.0,0.079,0.079
1692847000.037790,,0.0,0.1134,0.1134
1692847000.073348,,0.0,0.0984,0.0984
1692847000.106035,,0.0,0.147,0.147
1692847000.138005,,0.0,0.2788,0.2788
1692847000.173285,,0.0,0.2004,0.2004
1692847000.205398,,0.0,0.0,0.0
1692847000.237202,,0.0,0.0,0.0
1692847000.273504,,0.0,0.0899,0.0899
1692847000.306768,,0.0,0.0767,0.0767
1692847000.337339,,0.0,0.122,0.122
1692847000.373538,,0.0,0.1275,0.1275
1692847000.405668,,0.0,0.1358,0.1358
1692847000.437461,,0.0,0.1728,0.1728
1692847000.473439,,0.0,0.0875,0.0875
1692847000.505316,,0.0,0.1255,0.1255
1692847000.537455,,0.0,0.1436,0.1436
1692847000.573350,,0.0,0.1921,0.1921
1692847000.605465,,0.0,0.0991,0.0991
1692847000.637408,,0.0,0.1187,0.1187
1692847000.673607,,0.0,0.0612,0.0612
1692847000.705513,,0.0,0.1473,0.1473
1692847000.737468,,0.0,0.0859,0.0859
1692847000.773297,,0.0,0.1178,0.1178
1692847000.805461,,0.0,0.056,0.056
1692847000.837386,,0.0,0.1112,0.1112
1692847000.873368,,0.0,0.1075,0.1075
1692847000.905607,,0.0,0.1293,0.1293
1692847000.937489,,0.0,0.1408,0.1408
1692847000.973299,,0.0,0.0659,0.0659
1692847001.005395,,0.0,0.0774,0.0774
1692847001.037465,,0.0,0.1319,0.1319
1692847001.073505,,0.0,0.127,0.127
1692847001.105400,,0.0,0.0734,0.0734
1692847001.137360,,0.0,0.1249,0.1249
1692847001.173355,,0.0,0.0636,0.0636
1692847001.205559,,0.0,0.103,0.103
1692847001.237484,,0.0,0.1245,0.1245
1692847001.273352,,0.0,0.0,0.0
1692847001.305420,,0.0,0.2191,0.2191
1692847001.337447,,0.0,0.0,0.0
1692847001.373374,,0.0,0.064,0.064
1692847001.405485,,0.0,0.1833,0.1833
1692847001.437385,,0.0,0.0649,0.0649
1692847001.473351,,0.0,0.1548,0.1548
1692847001.505474,,0.0,0.0898,0.0898
1692847001.537437,,0.0,0.066,0.066
1692847001.573375,,0.0,0.1056,0.1056
1692847001.605465,,0.0,0.08,0.08
1692847001.637447,,0.0,0.0746,0.0746
1692847001.673621,,0.0,0.0712,0.0712
1692847001.705430,,0.0,0.3212,0.3212
1692847001.737416,,0.0,0.2773,0.2773
1692847001.773527,,0.0,0.2057,0.2057
1692847001.805565,,0.0,0.1421,0.1421
1692847001.837251,,0.0,0.2197,0.2197
1692847001.873297,,0.0,0.0997,0.0997
1692847001.905420,,0.0,0.0762,0.0762
1692847001.937343,,0.0,0.1311,0.1311
1692847001.973302,,0.0,0.0664,0.0664
1692847002.005443,,0.0,0.0923,0.0923
1692847002.037481,,0.0,0.2083,0.2083
1692847002.073291,,0.0,0.1146,0.1146
1692847002.105803,,0.0,0.1661,0.1661
1692847002.137530,,0.0,0.1237,0.1237
1692847002.173753,,0.0,0.1079,0.1079
1692847002.205430,,0.0,0.1775,0.1775
1692847002.237505,,0.0,0.1697,0.1697
1692847002.273449,,0.0,0.1431,0.1431
1692847002.305593,,0.0,0.0953,0.0953
1692847002.337552,,0.0,0.1799,0.1799
1692847002.373725,,0.0,0.1283,0.1283
1692847002.405753,,0.0,0.1373,0.1373
1692847002.437876,,0.0,0.1579,0.1579
1692847002.473606,,0.0,0.1789,0.1789
1692847002.506129,,0.0,0.1234,0.1234
1692847002.538162,,0.0,0.1697,0.1697
1692847002.573269,,0.0,0.1256,0.1256
1692847002.605464,,0.0,0.1146,0.1146
1692847002.637457,,0.0,0.0899,0.0899
1692847002.673146,,0.0,0.1763,0.1763
1692847002.705463,,0.0,0.1069,0.1069
1692847002.737514,,0.0,0.1065,0.1065
1692847002.773266,,0.0,0.0872,0.0872
1692847002.805406,,0.0,0.2584,0.2584
1692847002.837563,,0.0,0.0824,0.0824
1692847002.873504,,0.0,0.0,0.0
1692847002.905655,,0.0,0.1481,0.1481
1692847002.937410,,0.0,0.0521,0.0521
1692847002.973325,,0.0,0.0972,0.0972
1692847003.005436,,0.0,0.2059,0.2059
1692847003.037427,,0.0,0.0,0.0
1692847003.073246,,0.0,0.0,0.0
1692847003.105522,,0.0,0.1474,0.1474
1692847003.137426,,0.0,0.0665,0.0665
1692847003.173341,,0.0,0.0777,0.0777
1692847003.205403,,0.0,0.1043,0.1043
1692847003.237381,,0.0,0.0886,0.0886
1692847003.273307,,0.0,0.0,0.0
1692847003.305384,,0.0,0.0924,0.0924
1692847003.337246,,0.0,0.0774,0.0774
1692847003.373628,,0.0,0.0834,0.0834
1692847003.405412,,0.0,0.1812,0.1812
1692847003.437398,,0.0,0.1526,0.1526
1692847003.473539,,0.0,0.1037,0.1037
1692847003.505537,,0.0,0.1499,0.1499
1692847003.537390,,0.0,0.1591,0.1591
1692847003.573633,,0.0,0.1222,0.1222
1692847003.605831,,0.0,0.0738,0.0738
1692847003.637573,,0.0,0.1108,0.1108
1692847003.673516,,0.0,0.1937,0.1937
1692847003.705436,,0.0,0.1382,0.1382
1692847003.737538,,0.0,0.1084,0.1084
1692847003.773403,,0.0,0.2607,0.2607
1692847003.805527,,0.0,0.1681,0.1681
1692847003.837212,,0.0,0.2188,0.2188
1692847003.873668,,0.0,0.1087,0.1087
1692847003.905571,,0.0,0.0911,0.0911
1692847003.937545,,0.0,0.2007,0.2007
1692847003.973663,,0.0,0.1342,0.1342
1692847004.005771,,0.0,0.0816,0.0816
1692847004.037340,,0.0,0.1151,0.1151
1692847004.073414,,0.0,0.0626,0.0626
1692847004.105337,,0.0,0.1036,0.1036
1692847004.137259,,0.0,0.1193,0.1193
1692847004.173446,,0.0,0.0814,0.0814
1692847004.207417,,0.0,0.2083,0.2083
1692847004.237395,,0.0,0.1461,0.1461
1692847004.273249,,0.0,0.1562,0.1562
1692847004.305399,,0.0,0.1747,0.1747
1692847004.337358,,0.0,0.1382,0.1382
1692847004.373452,,0.0,0.0929,0.0929
1692847004.405416,,0.0,0.1494,0.1494
1692847004.437381,,0.0,0.1041,0.1041
1692847004.473425,,0.0,0.146,0.146
1692847004.505704,,0.0,0.1486,0.1486
1692847004.537447,,0.0,0.0,0.0
1692847004.573514,,0.0,0.0829,0.0829
1692847004.605466,,0.0,0.1585,0.1585
1692847004.637452,,0.0,0.2005,0.2005
1692847004.673400,,0.0,0.0632,0.0632
1692847004.705588,,0.0,0.0992,0.0992
1692847004.737535,,0.0,0.0563,0.0563
1692847004.773460,,0.0,0.1452,0.1452
1692847004.805806,,0.0,0.0733,0.0733
1692847004.837929,,0.0,0.0851,0.0851
1692847004.873466,,0.0,0.1169,0.1169
1692847004.905744,,0.0,0.1363,0.1363
1692847004.937764,,0.0,0.0564,0.0564
1692847004.973568,,0.0,0.0,0.0
1692847005.005534,,0.0,0.096,0.096
1692847005.037425,,0.0,0.098,0.098
1692847005.073270,,0.0,0.2761,0.2761
1692847005.105580,,0.0,0.1733,0.1733
1692847005.137236,,0.0,0.0807,0.0807
1692847005.173363,,0.0,0.0808,0.0808
1692847005.205482,,0.0,0.0705,0.0705
1692847005.237602,,0.0,0.0538,0.0538
1692847005.273326,,0.0,0.0992,0.0992
1692847005.305427,,0.0,0.1768,0.1768
1692847005.337698,,0.0,0.1385,0.1385
1692847005.373561,,0.0,0.1245,0.1245
1692847005.405384,,0.0,0.1204,0.1204
1692847005.437441,,0.0,0.1608,0.1608
1692847005.473424,,0.0,0.1544,0.1544
1692847005.505308,,0.0,0.0987,0.0987
1692847005.537450,,0.0,0.1681,0.1681
1692847005.573409,,0.0,0.2232,0.2232
1692847005.605537,,0.0,0.0802,0.0802
1692847005.637480,,0.0,0.178,0.178
1692847005.673414,,0.0,0.1593,0.1593
1692847005.705440,,0.0,0.1475,0.1475
1692847005.737379,,0.0,0.0775,0.0775
1692847005.773356,,0.0,0.0978,0.0978
1692847005.805777,,0.0,0.1348,0.1348
1692847005.837406,,0.0,0.1318,0.1318
1692847005.873354,,0.0,0.1574,0.1574
1692847005.905302,,0.0,0.0926,0.0926
1692847005.937311,,0.0,0.1073,0.1073
1692847005.973394,,0.0,0.0816,0.0816
1692847006.005637,,0.0,0.168,0.168
1692847006.037413,,0.0,0.0834,0.0834
1692847006.073408,,0.0,0.208,0.208
1692847006.105649,,0.0,0.0696,0.0696
1692847006.137469,,0.0,0.0788,0.0788
1692847006.173252,,0.0,0.1215,0.1215
1692847006.205382,,0.0,0.1212,0.1212
1692847006.237470,,0.0,0.1009,0.1009
1692847006.273309,,0.0,0.2302,0.2302
1692847006.305447,,0.0,0.1433,0.1433
1692847006.337319,,0.0,0.0674,0.0674
1692847006.373574,,0.0,0.0659,0.0659
1692847006.405312,,0.0,0.1279,0.1279
1692847006.437314,,0.0,0.16,0.16
1692847006.473396,,0.0,0.0635,0.0635
1692847006.505445,,0.0,0.1044,0.1044
1692847006.537359,,0.0,0.1002,0.1002
1692847006.573451,,0.0,0.1452,0.1452
1692847006.605442,,0.0,0.0945,0.0945
1692847006.637401,,0.0,0.0954,0.0954
1692847006.673415,,0.0,0.2063,0.2063
1692847006.705382,,0.0,0.1934,0.1934
1692847006.737304,,0.0,0.1186,0.1186
1692847006.773749,,0.0,0.2157,0.2157
1692847006.805772,,0.0,0.155,0.155
1692847006.837769,,0.0,0.166,0.166
1692847006.873435,,0.0,0.1186,0.1186
1692847006.905760,,0.0,0.166,0.166
1692847006.937505,,0.0,0.1428,0.1428
1692847006.973447,,0.0,0.0862,0.0862
1692847007.005657,,0.0,0.14,0.14
1692847007.037460,,0.0,0.1004,0.1004
1692847007.073366,,0.0,0.0623,0.0623
1692847007.105580,,0.0,0.0784,0.0784
1692847007.137558,,0.0,0.0944,0.0944
1692847007.173420,,0.0,0.0645,0.0645
1692847007.205431,,0.0,0.072,0.072
1692847007.237460,,0.0,0.0557,0.0557
1692847007.273416,,0.0,0.261,0.261
1692847007.305435,,0.0,0.2022,0.2022
1692847007.337679,,0.0,0.0858,0.0858
1692847007.373472,,0.0,0.0862,0.0862
1692847007.405371,,0.0,0.095,0.095
1692847007.437363,,0.0,0.1903,0.1903
1692847007.473292,,0.0,0.1077,0.1077
1692847007.505442,,0.0,0.1792,0.1792
1692847007.537588,,0.0,0.0894,0.0894
1692847007.573324,,0.0,0.0965,0.0965
1692847007.605541,,0.0,0.1474,0.1474
1692847007.637613,,0.0,0.1996,0.1996
1692847007.673658,,0.0,0.1548,0.1548
1692847007.705411,,0.0,0.1466,0.1466
1692847007.737460,,0.0,0.1319,0.1319
1692847007.773390,,0.0,0.1427,0.1427
1692847007.805724,,0.0,0.1224,0.1224
1692847007.837555,,0.0,0.0953,0.0953
1692847007.873630,,0.0,0.1712,0.1712
1692847007.905540,,0.0,0.1736,0.1736
1692847007.937391,,0.0,0.1882,0.1882
1692847007.973341,,0.0,0.1679,0.1679
1692847008.005487,,0.0,0.1301,0.1301
1692847008.037353,,0.0,0.1719,0.1719
1692847008.073272,,0.0,0.1213,0.1213
1692847008.105449,,0.0,0.1807,0.1807
1692847008.137323,,0.0,0.1739,0.1739
1692847008.173345,,0.0,0.2262,0.2262
1692847008.205543,,0.0,0.2112,0.2112
1692847008.237518,,0.0,0.1382,0.1382
1692847008.273539,,0.0,0.1582,0.1582
1692847008.305618,,0.0,0.1782,0.1782
1692847008.337548,,0.0,0.1384,0.1384
1692847008.373586,,0.0,0.1207,0.1207
1692847008.405698,,0.0,0.1589,0.1589
1692847008.437603,,0.0,0.1156,0.1156
1692847008.473448,,0.0,0.1701,0.1701
1692847008.505332,,0.0,0.1705,0.1705
1692847008.537547,,0.0,0.1155,0.1155
1692847008.573630,,0.0,0.1513,0.1513
1692847008.605462,,0.0,0.1356,0.1356
1692847008.637436,,0.0,0.1458,0.1458
1692847008.673676,,0.0,0.1166,0.1166
1692847008.705599,,0.0,0.1187,0.1187
1692847008.737450,,0.0,0.1287,0.1287
1692847008.773747,,0.0,0.1847,0.1847
1692847008.805310,,0.0,0.1634,0.1634
1692847008.837450,,0.0,0.1052,0.1052
1692847008.873714,,0.0,0.1174,0.1174
1692847008.905533,,0.0,0.0982,0.0982
1692847008.937461,,0.0,0.1122,0.1122
1692847008.973699,,0.0,0.213,0.213
1692847009.005630,,0.0,0.2084,0.2084
1692847009.037446,,0.0,0.1266,0.1266
1692847009.073442,,0.0,0.1646,0.1646
1692847009.105855,,0.0,0.1355,0.1355
1692847009.137540,,0.0,0.1673,0.1673
1692847009.173537,,0.0,0.1307,0.1307
1692847009.205724,,0.0,0.1176,0.1176
1692847009.237624,,0.0,0.1305,0.1305
1692847009.273441,,0.0,0.1827,0.1827
1692847009.305770,,0.0,0.1457,0.1457
1692847009.337470,,0.0,0.2622,0.2622
1692847009.373363,,0.0,0.3932,0.3932
1692847009.405640,,0.0,0.1647,0.1647
1692847009.437529,,0.0,0.1773,0.1773
1692847009.473569,,0.0,0.1218,0.1218
1692847009.505507,,0.0,0.1654,0.1654
1692847009.537627,,0.0,0.244,0.244
1692847009.573438,,0.0,0.1668,0.1668
1692847009.605511,,0.0,0.112,0.112
1692847009.637502,,0.0,0.2074,0.2074
1692847009.673493,,0.0,0.3246,0.3246
1692847009.705424,,0.0,0.2466,0.2466
1692847009.737322,,0.0,0.2559,0.2559
1692847009.773430,,0.0,0.1815,0.1815
1692847009.805505,,0.0,0.1553,0.1553
1692847009.837332,,0.0,0.131,0.131
1692847009.873317,,0.0,0.1549,0.1549
1692847009.905585,,0.0,0.1149,0.1149
1692847009.937413,,0.0,0.2233,0.2233
1692847009.973487,,0.0,0.1611,0.1611
1692847010.005456,,0.0,0.1458,0.1458
1692847010.037481,,0.0,0.1905,0.1905
1692847010.073443,,0.0,0.1376,0.1376
1692847010.105824,,0.0,0.1607,0.1607
1692847010.137515,,0.0,0.1951,0.1951
1692847010.173374,,0.0,0.2222,0.2222
1692847010.205584,,0.0,0.2118,0.2118
1692847010.237488,,0.0,0.1837,0.1837
1692847010.273728,,0.0,0.249,0.249
1692847010.305536,,0.0,0.282,0.282
1692847010.337449,,0.0,0.2034,0.2034
1692847010.373468,,0.0,0.2905,0.2905
1692847010.405459,,0.0,0.2184,0.2184
1692847010.437628,,0.0,0.223,0.223
1692847010.473432,,0.0,0.2397,0.2397
1692847010.505535,,0.0,0.2558,0.2558
1692847010.537387,,0.0,0.2504,0.2504
1692847010.573444,,0.0,0.2638,0.2638
1692847010.605504,,0.0,0.2636,0.2636
1692847010.637371,,0.0,0.2043,0.2043
1692847010.673407,,0.0,0.1504,0.1504
1692847010.705616,,0.0,0.1339,0.1339
1692847010.737349,,0.0,0.1712,0.1712
1692847010.773556,,0.0,0.2129,0.2129
1692847010.805723,,0.0,0.2133,0.2133
1692847010.837581,,0.0,0.228,0.228
1692847010.873589,,0.0,0.231,0.231
1692847010.905462,,0.0,0.192,0.192
1692847010.937503,,0.0,0.262,0.262
1692847010.973699,,0.0,0.1404,0.1404
1692847011.005545,,0.0,0.1448,0.1448
1692847011.037361,,0.0,0.1416,0.1416
1692847011.073468,,0.0,0.1876,0.1876
1692847011.105502,,0.0,0.1439,0.1439
1692847011.137329,,0.0,0.2234,0.2234
1692847011.173426,,0.0,0.2004,0.2004
1692847011.205816,,0.0,0.1653,0.1653
1692847011.237399,,0.0,0.2137,0.2137
1692847011.273609,,0.0,0.1731,0.1731
1692847011.306652,,0.0,0.1175,0.1175
1692847011.337608,,0.0,0.0979,0.0979
1692847011.373397,,0.0,0.1903,0.1903
1692847011.405482,,0.0,0.1993,0.1993
1692847011.437468,,0.0,0.2536,0.2536
1692847011.473415,,0.0,0.2794,0.2794
1692847011.505590,,0.0,0.2444,0.2444
1692847011.537308,,0.0,0.242,0.242
1692847011.573982,,0.0,0.2223,0.2223
1692847011.605447,,0.0,0.2038,0.2038
1692847011.637605,,0.0,0.1492,0.1492
1692847011.673455,,0.0,0.2049,0.2049
1692847011.705463,,0.0,0.1579,0.1579
1692847011.737597,,0.0,0.272,0.272
1692847011.773416,,0.0,0.1542,0.1542
1692847011.805516,,0.0,0.2522,0.2522
1692847011.837525,,0.0,0.2087,0.2087
1692847011.873509,,0.0,0.1832,0.1832
1692847011.905559,,0.0,0.1198,0.1198
1692847011.937596,,0.0,0.1192,0.1192
1692847011.973802,,0.0,0.1344,0.1344
1692847012.005620,,0.0,0.1367,0.1367
1692847012.037787,,0.0,0.1207,0.1207
1692847012.073463,,0.0,0.1732,0.1732
1692847012.105567,,0.0,0.2797,0.2797
1692847012.137544,,0.0,0.0685,0.0685
1692847012.173391,,0.0,0.1081,0.1081
1692847012.205547,,0.0,0.1442,0.1442
1692847012.237379,,0.0,0.1816,0.1816
1692847012.273366,,0.0,0.1344,0.1344
1692847012.305507,,0.0,0.2511,0.2511
1692847012.337443,,0.0,0.1407,0.1407
1692847012.373653,,0.0,0.1077,0.1077
1692847012.405847,,0.0,0.1111,0.1111
1692847012.437478,,0.0,0.177,0.177
1692847012.473471,,0.0,0.0539,0.0539
1692847012.505570,,0.0,0.1379,0.1379
1692847012.537485,,0.0,0.3367,0.3367
1692847012.573414,,0.0,0.0658,0.0658
1692847012.605545,,0.0,0.1692,0.1692
1692847012.637414,,0.0,0.0992,0.0992
1692847012.673392,,0.0,0.1715,0.1715
1692847012.705417,,0.0,0.0,0.0
1692847012.737426,,0.0,0.1689,0.1689
1692847012.773410,,0.0,0.083,0.083
1692847012.805499,,0.0,0.085,0.085
1692847012.837485,,0.0,0.0899,0.0899
1692847012.873400,,0.0,0.1837,0.1837
1692847012.905562,,0.0,0.0882,0.0882
1692847012.937553,,0.0,0.1173,0.1173
1692847012.973334,,0.0,0.0956,0.0956
1692847013.005587,,0.0,0.0979,0.0979
1692847013.037437,,0.0,0.0,0.0
1692847013.073320,,0.0,0.0,0.0
1692847013.105492,,0.0,0.0,0.0
1692847013.137479,,0.0,0.0,0.0
1692847013.173455,,0.0,0.146,0.146
1692847013.205597,,0.0,0.0774,0.0774
1692847013.237570,,0.0,0.0902,0.0902
1692847013.273455,,0.0,0.0783,0.0783
1692847013.305520,,0.0,0.0,0.0
1692847013.337836,,0.0,0.0605,0.0605
1692847013.373472,,0.0,0.0531,0.0531
1692847013.405476,,0.0,0.051,0.051
1692847013.437576,,0.0,0.1123,0.1123
1692847013.473608,,0.0,0.0821,0.0821
1692847013.505398,,0.0,0.191,0.191
1692847013.537455,,0.0,0.1801,0.1801
1692847013.573500,,0.0,0.0814,0.0814
1692847013.605511,,0.0,0.0565,0.0565
1692847013.637432,,0.0,0.0,0.0
1692847013.673378,,0.0,0.0871,0.0871
1692847013.705509,,0.0,0.0534,0.0534
1692847013.737334,,0.0,0.0,0.0
1692847013.773469,,0.0,0.1991,0.1991
1692847013.805480,,0.0,0.0797,0.0797
1692847013.837403,,0.0,0.0617,0.0617
1692847013.873454,,0.0,0.3094,0.3094
1692847013.905519,,0.0,0.104,0.104
1692847013.937391,,0.0,0.3069,0.3069
1692847013.973536,,0.0,0.0,0.0
1692847014.005483,,0.0,0.0928,0.0928
1692847014.037520,,0.0,0.3191,0.3191
1692847014.073813,,0.0,0.0702,0.0702
1692847014.105475,,0.0,0.1057,0.1057
1692847014.137425,,0.0,0.0585,0.0585
1692847014.173606,,0.0,0.1108,0.1108
1692847014.205467,,0.0,0.1091,0.1091
1692847014.237544,,0.0,0.1064,0.1064
1692847014.273401,,0.0,0.122,0.122
1692847014.305457,,0.0,0.0928,0.0928
1692847014.337577,,0.0,0.1561,0.1561
1692847014.373604,,0.0,0.1499,0.1499
1692847014.405430,,0.0,0.0588,0.0588
1692847014.437565,,0.0,0.0631,0.0631
1692847014.473694,,0.0,0.4142,0.4142
1692847014.505350,,0.0,0.2895,0.2895
1692847014.537575,,0.0,0.0,0.0
1692847014.573424,,0.0,0.05,0.05
1692847014.605425,,0.0,0.1462,0.1462
1692847014.637326,,0.0,0.1509,0.1509
1692847014.673438,,0.0,0.2339,0.2339
1692847014.705450,,0.0,0.2389,0.2389
1692847014.737453,,0.0,0.1036,0.1036
1692847014.773469,,0.0,0.0915,0.0915
1692847014.805566,,0.0,0.0,0.0
1692847014.837445,,0.0,0.1605,0.1605
1692847014.873512,,0.0,0.2119,0.2119
1692847014.905580,,0.0,0.0,0.0
1692847014.937614,,0.0,0.0,0.0
1692847014.973466,,0.0,0.0824,0.0824
1692847015.005372,,0.0,0.0,0.0
1692847015.037513,,0.0,0.0615,0.0615
1692847015.073400,,0.0,0.0862,0.0862
1692847015.105573,,0.0,0.1108,0.1108
1692847015.137441,,0.0,0.0,0.0
1692847015.173452,,0.0,0.0633,0.0633
1692847015.205480,,0.0,0.1282,0.1282
1692847015.237580,,0.0,0.0,0.0
1692847015.273485,,0.0,0.0864,0.0864
1692847015.305496,,0.0,0.0672,0.0672
1692847015.337493,,0.0,0.0876,0.0876
1692847015.373441,,0.0,0.0954,0.0954
1692847015.405568,,0.0,0.1053,0.1053
1692847015.437505,,0.0,0.0872,0.0872
1692847015.473886,,0.0,0.0676,0.0676
1692847015.505519,,0.0,0.0903,0.0903
1692847015.537460,,0.0,0.08,0.08
1692847015.573455,,0.0,0.086,0.086
1692847015.605774,,0.0,0.0634,0.0634
1692847015.637694,,0.0,0.0568,0.0568
1692847015.673368,,0.0,0.09,0.09
1692847015.705510,,0.0,0.0787,0.0787
1692847015.737541,,0.0,0.1997,0.1997
1692847015.773492,,0.0,0.0755,0.0755
1692847015.805663,,0.0,0.192,0.192
1692847015.837909,,0.0,0.0786,0.0786
1692847015.873688,,0.0,0.1214,0.1214
1692847015.905861,,0.0,0.0,0.0
1692847015.937414,,0.0,0.0,0.0
1692847015.973469,,0.0,0.0,0.0
1692847016.005401,,0.0,0.0934,0.0934
1692847016.037847,,0.0,0.0,0.0
1692847016.073495,,0.0,0.0686,0.0686
1692847016.105556,,0.0,0.0713,0.0713
1692847016.137622,,0.0,0.0,0.0
1692847016.173433,,0.0,0.1775,0.1775
1692847016.205477,,0.0,0.1202,0.1202
1692847016.237954,,0.0,0.0884,0.0884
1692847016.273295,,0.0,0.0658,0.0658
1692847016.305452,,0.0,0.0564,0.0564
1692847016.337485,,0.0,0.0537,0.0537
1692847016.373487,,0.0,0.0,0.0
1692847016.405488,,0.0,0.0,0.0
1692847016.437498,,0.0,0.063,0.063
1692847016.473605,,0.0,0.0,0.0
1692847016.505518,,0.0,0.0689,0.0689
1692847016.537699,,0.0,0.1124,0.1124
1692847016.573628,,0.0,0.2576,0.2576
1692847016.605655,,0.0,0.081,0.081
1692847016.637569,,0.0,0.0818,0.0818
1692847016.673384,,0.0,0.1193,0.1193
1692847016.705584,,0.0,0.1118,0.1118
1692847016.739457,,0.0,0.2194,0.2194
1692847016.773484,,0.0,0.1218,0.1218
1692847016.805596,,0.0,0.1165,0.1165
1692847016.837423,,0.0,0.1441,0.1441
1692847016.873308,,0.0,0.1092,0.1092
1692847016.905542,,0.0,0.1559,0.1559
1692847016.937439,,0.0,0.1323,0.1323
1692847016.973341,,0.0,0.1818,0.1818
1692847017.005661,,0.0,0.1451,0.1451
1692847017.037437,,0.0,0.0857,0.0857
1692847017.073372,,0.0,0.188,0.188
1692847017.105609,,0.0,0.0806,0.0806
1692847017.137426,,0.0,0.0739,0.0739
1692847017.173409,,0.0,0.17,0.17
1692847017.205581,,0.0,0.1145,0.1145
1692847017.237679,,0.0,0.1166,0.1166
1692847017.273720,,0.0,0.1669,0.1669
1692847017.305591,,0.0,0.1487,0.1487
1692847017.337704,,0.0,0.166,0.166
1692847017.373363,,0.0,0.1463,0.1463
1692847017.406118,,0.0,0.1253,0.1253
1692847017.437431,,0.0,0.1551,0.1551
1692847017.473461,,0.0,0.0894,0.0894
1692847017.505494,,0.0,0.1044,0.1044
1692847017.537491,,0.0,0.0546,0.0546
1692847017.573536,,0.0,0.0921,0.0921
1692847017.605473,,0.0,0.1328,0.1328
1692847017.637388,,0.0,0.1726,0.1726
1692847017.673472,,0.0,0.1974,0.1974
1692847017.705595,,0.0,0.109,0.109
1692847017.737465,,0.0,0.1729,0.1729
1692847017.775665,,0.0,0.0922,0.0922
1692847017.805892,,0.0,0.1573,0.1573
1692847017.837602,,0.0,0.1545,0.1545
1692847017.873493,,0.0,0.1579,0.1579
1692847017.905468,,0.0,0.1945,0.1945
1692847017.937431,,0.0,0.1287,0.1287
1692847017.973454,,0.0,0.1446,0.1446
1692847018.005504,,0.0,0.2055,0.2055
1692847018.037830,,0.0,0.1264,0.1264
1692847018.073766,,0.0,0.089,0.089
1692847018.105853,,0.0,0.1048,0.1048
1692847018.137758,,0.0,0.1517,0.1517
1692847018.173697,,0.0,0.158,0.158
1692847018.205723,,0.0,0.1599,0.1599
1692847018.237645,,0.0,0.0956,0.0956
1692847018.273481,,0.0,0.2155,0.2155
1692847018.305429,,0.0,0.1909,0.1909
1692847018.337480,,0.0,0.1958,0.1958
1692847018.373410,,0.0,0.1391,0.1391
1692847018.405700,,0.0,0.1723,0.1723
1692847018.437534,,0.0,0.1159,0.1159
1692847018.473488,,0.0,0.1697,0.1697
1692847018.505661,,0.0,0.1483,0.1483
1692847018.537344,,0.0,0.1012,0.1012
1692847018.573325,,0.0,0.1375,0.1375
1692847018.605543,,0.0,0.1512,0.1512
1692847018.637427,,0.0,0.1648,0.1648
1692847018.673364,,0.0,0.0987,0.0987
1692847018.705429,,0.0,0.1066,0.1066
1692847018.737346,,0.0,0.2129,0.2129
1692847018.773412,,0.0,0.0922,0.0922
1692847018.805572,,0.0,0.1074,0.1074
1692847018.837528,,0.0,0.0523,0.0523
1692847018.873443,,0.0,0.0874,0.0874
1692847018.905745,,0.0,0.1251,0.1251
1692847018.937561,,0.0,0.0865,0.0865
1692847018.973365,,0.0,0.1999,0.1999
1692847019.005674,,0.0,0.1655,0.1655
1692847019.037532,,0.0,0.0788,0.0788
1692847019.073402,,0.0,0.1711,0.1711
1692847019.105532,,0.0,0.1931,0.1931
1692847019.137497,,0.0,0.1469,0.1469
1692847019.173512,,0.0,0.2035,0.2035
1692847019.205490,,0.0,0.1874,0.1874
1692847019.237485,,0.0,0.1267,0.1267
1692847019.273397,,0.0,0.1725,0.1725
1692847019.305457,,0.0,0.1252,0.1252
1692847019.337451,,0.0,0.1327,0.1327
1692847019.373495,,0.0,0.167,0.167
1692847019.405598,,0.0,0.0706,0.0706
1692847019.437461,,0.0,0.0,0.0
1692847019.473464,,0.0,0.0717,0.0717
1692847019.505718,,0.0,0.0653,0.0653
1692847019.537373,,0.0,0.1104,0.1104
1692847019.573675,,0.0,0.0843,0.0843
1692847019.605496,,0.0,0.076,0.076
1692847019.637564,,0.0,0.0968,0.0968
1692847019.673389,,0.0,0.1178,0.1178
1692847019.705481,,0.0,0.1531,0.1531
1692847019.737553,,0.0,0.1162,0.1162
1692847019.773409,,0.0,0.1128,0.1128
1692847019.805457,,0.0,0.0699,0.0699
1692847019.837558,,0.0,0.0,0.0
1692847019.873484,,0.0,0.1314,0.1314
1692847019.905625,,0.0,0.1295,0.1295
1692847019.937386,,0.0,0.1423,0.1423
1692847019.973419,,0.0,0.2236,0.2236
1692847020.005554,,0.0,0.1168,0.1168
1692847020.037462,,0.0,0.0702,0.0702
1692847020.073394,,0.0,0.1042,0.1042
1692847020.105582,,0.0,0.1788,0.1788
1692847020.137353,,0.0,0.1901,0.1901
1692847020.173394,,0.0,0.1989,0.1989
1692847020.205589,,0.0,0.224,0.224
1692847020.237498,,0.0,0.1894,0.1894
1692847020.273416,,0.0,0.2092,0.2092
1692847020.305618,,0.0,0.2097,0.2097
1692847020.337470,,0.0,0.1949,0.1949
1692847020.373663,,0.0,0.2736,0.2736
1692847020.405649,,0.0,0.2159,0.2159
1692847020.437925,,0.0,0.1252,0.1252
1692847020.473608,,0.0,0.12,0.12
1692847020.505508,,0.0,0.0814,0.0814
1692847020.537588,,0.0,0.0606,0.0606
1692847020.573475,,0.0,0.1198,0.1198
1692847020.605462,,0.0,0.1627,0.1627
1692847020.637511,,0.0,0.1444,0.1444
1692847020.673505,,0.0,0.2102,0.2102
1692847020.705470,,0.0,0.1577,0.1577
1692847020.737473,,0.0,0.1989,0.1989
1692847020.774239,,0.0,0.1689,0.1689
1692847020.805561,,0.0,0.2221,0.2221
1692847020.837523,,0.0,0.2641,0.2641
1692847020.874256,,0.0,0.1858,0.1858
1692847020.905429,,0.0,0.2133,0.2133
1692847020.937445,,0.0,0.2479,0.2479
1692847020.973580,,0.0,0.2831,0.2831
1692847021.005471,,0.0,0.2033,0.2033
1692847021.037600,,0.0,0.205,0.205
1692847021.073219,,0.0,0.2017,0.2017
1692847021.104981,,0.0,0.1961,0.1961
1692847021.137042,,0.0,0.208,0.208
1692847021.173363,,0.0,0.2582,0.2582
1692847021.205426,,0.0,0.2363,0.2363
1692847021.237648,,0.0,0.2153,0.2153
1692847021.273879,,0.0,0.2496,0.2496
1692847021.309984,,0.0,0.2162,0.2162
1692847021.341883,,0.0,0.2149,0.2149
1692847021.377764,,0.0,0.1964,0.1964
1692847021.409817,,0.0,0.1715,0.1715
1692847021.441656,,0.0,0.1148,0.1148
1692847021.477749,,0.0,0.2346,0.2346
1692847021.509781,,0.0,0.2183,0.2183
1692847021.541850,,0.0,0.2124,0.2124
1692847021.577749,,0.0,0.2372,0.2372
1692847021.609876,,0.0,0.2352,0.2352
1692847021.641876,,0.0,0.1926,0.1926
1692847021.677892,,0.0,0.2179,0.2179
1692847021.709827,,0.0,0.1563,0.1563
1692847021.741813,,0.0,0.1447,0.1447
1692847021.777747,,0.0,0.2199,0.2199
1692847021.808434,,0.0,0.1852,0.1852
1692847021.837444,,0.0,0.138,0.138
1692847021.873379,,0.0,0.1588,0.1588
1692847021.905357,,0.0,0.0884,0.0884
1692847021.937210,,0.0,0.2523,0.2523
1692847021.973293,,0.0,0.1983,0.1983
1692847022.005475,,0.0,0.2061,0.2061
1692847022.037459,,0.0,0.2159,0.2159
1692847022.073458,,0.0,0.2585,0.2585
1692847022.105437,,0.0,0.2497,0.2497
1692847022.137306,,0.0,0.174,0.174
1692847022.173478,,0.0,0.1677,0.1677
1692847022.205268,,0.0,0.1695,0.1695
1692847022.237270,,0.0,0.1332,0.1332
1692847022.273355,,0.0,0.2265,0.2265
1692847022.305288,,0.0,0.2251,0.2251
1692847022.337363,,0.0,0.2437,0.2437
1692847022.373263,,0.0,0.221,0.221
1692847022.405416,,0.0,0.1716,0.1716
1692847022.437324,,0.0,0.2663,0.2663
1692847022.473392,,0.0,0.2531,0.2531
1692847022.505368,,0.0,0.2123,0.2123
1692847022.537437,,0.0,0.2369,0.2369
1692847022.573314,,0.0,0.1964,0.1964
1692847022.605450,,0.0,0.2246,0.2246
1692847022.637490,,0.0,0.2066,0.2066
1692847022.673327,,0.0,0.2443,0.2443
1692847022.705461,,0.0,0.1807,0.1807
1692847022.741929,,0.0,0.1558,0.1558
1692847022.777913,,0.0,0.1397,0.1397
1692847022.809945,,0.0,0.1711,0.1711
1692847022.841907,,0.0,0.1945,0.1945
1692847022.877886,,0.0,0.1413,0.1413
1692847022.910028,,0.0,0.1413,0.1413
1692847022.941920,,0.0,0.1868,0.1868
1692847022.977797,,0.0,0.1705,0.1705
1692847023.009887,,0.0,0.2131,0.2131
1692847023.041922,,0.0,0.1768,0.1768
1692847023.077871,,0.0,0.1797,0.1797
1692847023.109932,,0.0,0.1633,0.1633
1692847023.141885,,0.0,0.1854,0.1854
1692847023.178154,,0.0,0.1624,0.1624
1692847023.209900,,0.0,0.219,0.219
1692847023.241886,,0.0,0.2453,0.2453
1692847023.278091,,0.0,0.201,0.201
1692847023.309952,,0.0,0.1784,0.1784
1692847023.341718,,0.0,0.1648,0.1648
1692847023.377689,,0.0,0.1345,0.1345
1692847023.404929,,0.0,0.1659,0.1659
1692847023.437216,,0.0,0.2212,0.2212
1692847023.473428,,0.0,0.2494,0.2494
1692847023.505352,,0.0,0.2184,0.2184
1692847023.537277,,0.0,0.2445,0.2445
1692847023.573909,,0.0,0.2334,0.2334
1692847023.605896,,0.0,0.2419,0.2419
1692847023.637803,,0.0,0.1887,0.1887
1692847023.673414,,0.0,0.2093,0.2093
1692847023.705488,,0.0,0.1737,0.1737
1692847023.737726,,0.0,0.1503,0.1503
1692847023.773649,,0.0,0.2288,0.2288
1692847023.805650,,0.0,0.2726,0.2726
1692847023.837677,,0.0,0.2775,0.2775
1692847023.873572,,0.0,0.3069,0.3069
1692847023.905738,,0.0,0.2277,0.2277
1692847023.937671,,0.0,0.257,0.257
1692847023.973664,,0.0,0.2417,0.2417
1692847024.005700,,0.0,0.2877,0.2877
1692847024.037599,,0.0,0.2544,0.2544
1692847024.073590,,0.0,0.2544,0.2544
1692847024.105675,,0.0,0.2356,0.2356
1692847024.137641,,0.0,0.2701,0.2701
1692847024.173516,,0.0,0.1457,0.1457
1692847024.205658,,0.0,0.207,0.207
1692847024.237515,,0.0,0.2152,0.2152
1692847024.273584,,0.0,0.2874,0.2874
1692847024.305680,,0.0,0.1838,0.1838
1692847024.337418,,0.0,0.2182,0.2182
1692847024.374215,,0.0,0.2547,0.2547
1692847024.406014,,0.0,0.2269,0.2269
1692847024.437544,,0.0,0.2557,0.2557
1692847024.473575,,0.0,0.152,0.152
1692847024.506616,,0.0,0.2475,0.2475
1692847024.537405,,0.0,0.2727,0.2727
1692847024.573395,,0.0,0.2353,0.2353
1692847024.605509,,0.0,0.2674,0.2674
1692847024.637470,,0.0,0.1632,0.1632
1692847024.673424,,0.0,0.25,0.25
1692847024.705547,,0.0,0.2697,0.2697
1692847024.737501,,0.0,0.1569,0.1569
1692847024.773472,,0.0,0.2423,0.2423
1692847024.805608,,0.0,0.2231,0.2231
1692847024.837470,,0.0,0.2045,0.2045
1692847024.873534,,0.0,0.2769,0.2769
1692847024.905459,,0.0,0.2091,0.2091
1692847024.937436,,0.0,0.211,0.211
1692847024.974607,,0.0,0.2783,0.2783
1692847025.005459,,0.0,0.2586,0.2586
1692847025.037440,,0.0,0.146,0.146
1692847025.073451,,0.0,0.2579,0.2579
1692847025.105519,,0.0,0.2962,0.2962
1692847025.137425,,0.0,0.2526,0.2526
1692847025.173430,,0.0,0.2621,0.2621
1692847025.205466,,0.0,0.2663,0.2663
1692847025.237655,,0.0,0.2432,0.2432
1692847025.273633,,0.0,0.2639,0.2639
1692847025.305694,,0.0,0.2409,0.2409
1692847025.337546,,0.0,0.198,0.198
1692847025.374081,,0.0,0.2554,0.2554
1692847025.405542,,0.0,0.2459,0.2459
1692847025.437557,,0.0,0.1676,0.1676
1692847025.473637,,0.0,0.2531,0.2531
1692847025.505516,,0.0,0.2352,0.2352
1692847025.537614,,0.0,0.3182,0.3182
1692847025.575068,,0.0,0.1961,0.1961
1692847025.605707,,0.0,0.2642,0.2642
1692847025.637843,,0.0,0.2665,0.2665
1692847025.674563,,0.0,0.2797,0.2797
1692847025.705879,,0.0,0.2615,0.2615
1692847025.737475,,0.0,0.2848,0.2848
1692847025.773448,,0.0,0.2161,0.2161
1692847025.805532,,0.0,0.2645,0.2645
1692847025.837459,,0.0,0.2264,0.2264
1692847025.873337,,0.0,0.2349,0.2349
1692847025.905562,,0.0,0.2606,0.2606
1692847025.937384,,0.0,0.2724,0.2724
1692847025.973438,,0.0,0.2427,0.2427
1692847026.005621,,0.0,0.267,0.267
1692847026.038153,,0.0,0.1522,0.1522
1692847026.073469,,0.0,0.2492,0.2492
1692847026.105699,,0.0,0.1154,0.1154
1692847026.137535,,0.0,0.176,0.176
1692847026.173432,,0.0,0.1118,0.1118
1692847026.205464,,0.0,0.1783,0.1783
1692847026.237852,,0.0,0.2115,0.2115
1692847026.273423,,0.0,0.2039,0.2039
1692847026.305441,,0.0,0.2745,0.2745
1692847026.337568,,0.0,0.1459,0.1459
1692847026.373799,,0.0,0.2238,0.2238
1692847026.405821,,0.0,0.1099,0.1099
1692847026.437867,,0.0,0.1978,0.1978
1692847026.473492,,0.0,0.1189,0.1189
1692847026.505447,,0.0,0.2559,0.2559
1692847026.537527,,0.0,0.1632,0.1632
1692847026.573421,,0.0,0.2194,0.2194
1692847026.605521,,0.0,0.2176,0.2176
1692847026.637385,,0.0,0.1722,0.1722
1692847026.673614,,0.0,0.1973,0.1973
1692847026.705423,,0.0,0.1953,0.1953
1692847026.737464,,0.0,0.1189,0.1189
1692847026.773413,,0.0,0.1782,0.1782
1692847026.805580,,0.0,0.2394,0.2394
1692847026.837523,,0.0,0.1856,0.1856
1692847026.873532,,0.0,0.262,0.262
1692847026.905488,,0.0,0.1744,0.1744
1692847026.937588,,0.0,0.2152,0.2152
1692847026.973533,,0.0,0.2023,0.2023
1692847027.005530,,0.0,0.19,0.19
1692847027.037590,,0.0,0.2355,0.2355
1692847027.073674,,0.0,0.2112,0.2112
1692847027.105669,,0.0,0.2038,0.2038
1692847027.137750,,0.0,0.2136,0.2136
1692847027.173646,,0.0,0.1942,0.1942
1692847027.205669,,0.0,0.1794,0.1794
1692847027.237613,,0.0,0.2803,0.2803
1692847027.273650,,0.0,0.2065,0.2065
1692847027.305609,,0.0,0.2109,0.2109
1692847027.337538,,0.0,0.2072,0.2072
1692847027.373423,,0.0,0.3034,0.3034
1692847027.405470,,0.0,0.249,0.249
1692847027.437490,,0.0,0.1962,0.1962
1692847027.473914,,0.0,0.2079,0.2079
1692847027.505640,,0.0,0.2508,0.2508
1692847027.537493,,0.0,0.3059,0.3059
1692847027.573552,,0.0,0.2692,0.2692
1692847027.605644,,0.0,0.2581,0.2581
1692847027.637677,,0.0,0.2936,0.2936
1692847027.675264,,0.0,0.279,0.279
1692847027.705670,,0.0,0.1997,0.1997
1692847027.737954,,0.0,0.2528,0.2528
1692847027.773703,,0.0,0.275,0.275
1692847027.805539,,0.0,0.1915,0.1915
1692847027.837550,,0.0,0.2392,0.2392
1692847027.873842,,0.0,0.1694,0.1694
1692847027.905637,,0.0,0.1755,0.1755
1692847027.937548,,0.0,0.1871,0.1871
1692847027.975331,,0.0,0.2202,0.2202
1692847028.005503,,0.0,0.2938,0.2938
1692847028.038408,,0.0,0.2845,0.2845
1692847028.073498,,0.0,0.2396,0.2396
1692847028.105716,,0.0,0.2236,0.2236
1692847028.137396,,0.0,0.2338,0.2338
1692847028.173364,,0.0,0.2472,0.2472
1692847028.205889,,0.0,0.2177,0.2177
1692847028.237451,,0.0,0.2029,0.2029
1692847028.273574,,0.0,0.2738,0.2738
1692847028.305523,,0.0,0.2688,0.2688
1692847028.337419,,0.0,0.2473,0.2473
1692847028.373509,,0.0,0.2064,0.2064
1692847028.405750,,0.0,0.2553,0.2553
1692847028.437428,,0.0,0.3009,0.3009
1692847028.473791,,0.0,0.2191,0.2191
1692847028.505708,,0.0,0.242,0.242
1692847028.537533,,0.0,0.2483,0.2483
1692847028.574578,,0.0,0.2338,0.2338
1692847028.605570,,0.0,0.2061,0.2061
1692847028.637469,,0.0,0.2171,0.2171
1692847028.673458,,0.0,0.2,0.2
1692847028.705559,,0.0,0.1677,0.1677
1692847028.737526,,0.0,0.3323,0.3323
1692847028.773459,,0.0,0.2647,0.2647
1692847028.805529,,0.0,0.2419,0.2419
1692847028.837521,,0.0,0.3018,0.3018
1692847028.873432,,0.0,0.3106,0.3106
1692847028.905558,,0.0,0.2819,0.2819
1692847028.937514,,0.0,0.2958,0.2958
1692847028.973392,,0.0,0.3102,0.3102
1692847029.005592,,0.0,0.2707,0.2707
1692847029.037419,,0.0,0.2857,0.2857
1692847029.073435,,0.0,0.2973,0.2973
1692847029.105675,,0.0,0.2538,0.2538
1692847029.137495,,0.0,0.2568,0.2568
1692847029.173555,,0.0,0.2808,0.2808
1692847029.205693,,0.0,0.2772,0.2772
1692847029.237661,,0.0,0.2045,0.2045
1692847029.273469,,0.0,0.2787,0.2787
1692847029.305697,,0.0,0.2345,0.2345
1692847029.337532,,0.0,0.2193,0.2193
1692847029.373434,,0.0,0.3632,0.3632
1692847029.405650,,0.0,0.2205,0.2205
1692847029.437538,,0.0,0.2971,0.2971
1692847029.473417,,0.0,0.3205,0.3205
1692847029.505594,,0.0,0.3257,0.3257
1692847029.537551,,0.0,0.2803,0.2803
1692847029.573601,,0.0,0.2838,0.2838
1692847029.605633,,0.0,0.2451,0.2451
1692847029.637393,,0.0,0.2773,0.2773
1692847029.673507,,0.0,0.1977,0.1977
1692847029.705524,,0.0,0.2393,0.2393
1692847029.737459,,0.0,0.1874,0.1874
1692847029.773603,,0.0,0.2101,0.2101
1692847029.805487,,0.0,0.1835,0.1835
1692847029.837588,,0.0,0.1857,0.1857
1692847029.873456,,0.0,0.1633,0.1633
1692847029.905560,,0.0,0.1841,0.1841
1692847029.937005,,0.0,0.175,0.175
1692847029.973279,,0.0,0.1888,0.1888
1692847030.005492,,0.0,0.2299,0.2299
1692847030.037578,,0.0,0.1784,0.1784
1692847030.073476,,0.0,0.1596,0.1596
1692847030.105517,,0.0,0.2094,0.2094
1692847030.137506,,0.0,0.1888,0.1888
1692847030.173494,,0.0,0.1686,0.1686
1692847030.205464,,0.0,0.1282,0.1282
1692847030.237441,,0.0,0.0839,0.0839
1692847030.273618,,0.0,0.181,0.181
1692847030.305591,,0.0,0.1282,0.1282
1692847030.337476,,0.0,0.2024,0.2024
1692847030.374005,,0.0,0.1613,0.1613
1692847030.405558,,0.0,0.2281,0.2281
1692847030.437771,,0.0,0.2103,0.2103
1692847030.473609,,0.0,0.246,0.246
1692847030.506005,,0.0,0.2524,0.2524
1692847030.537326,,0.0,0.2156,0.2156
1692847030.573219,,0.0,0.2404,0.2404
1692847030.605492,,0.0,0.2612,0.2612
1692847030.637315,,0.0,0.1802,0.1802
1692847030.673441,,0.0,0.2024,0.2024
1692847030.705316,,0.0,0.1101,0.1101
1692847030.737295,,0.0,0.155,0.155
1692847030.773315,,0.0,0.1227,0.1227
1692847030.805897,,0.0,0.1913,0.1913
1692847030.837519,,0.0,0.2149,0.2149
1692847030.873530,,0.0,0.2427,0.2427
1692847030.905529,,0.0,0.2425,0.2425
1692847030.937490,,0.0,0.224,0.224
1692847030.973349,,0.0,0.2264,0.2264
1692847031.005441,,0.0,0.1964,0.1964
1692847031.037459,,0.0,0.1912,0.1912
1692847031.073374,,0.0,0.2227,0.2227
1692847031.105434,,0.0,0.1792,0.1792
1692847031.137417,,0.0,0.2424,0.2424
1692847031.173588,,0.0,0.2154,0.2154
1692847031.205456,,0.0,0.2372,0.2372
1692847031.237406,,0.0,0.2587,0.2587
1692847031.273397,,0.0,0.2309,0.2309
1692847031.305605,,0.0,0.2175,0.2175
1692847031.337422,,0.0,0.2233,0.2233
1692847031.373420,,0.0,0.1755,0.1755
1692847031.405410,,0.0,0.1779,0.1779
1692847031.437369,,0.0,0.1772,0.1772
1692847031.473356,,0.0,0.2056,0.2056
1692847031.505536,,0.0,0.1948,0.1948
1692847031.537284,,0.0,0.1818,0.1818
1692847031.573480,,0.0,0.206,0.206
1692847031.605483,,0.0,0.2277,0.2277
1692847031.637619,,0.0,0.1213,0.1213
1692847031.673696,,0.0,0.2043,0.2043
1692847031.705793,,0.0,0.2072,0.2072
1692847031.737575,,0.0,0.1307,0.1307
1692847031.773438,,0.0,0.1677,0.1677
1692847031.805496,,0.0,0.2158,0.2158
1692847031.837410,,0.0,0.2424,0.2424
1692847031.873447,,0.0,0.2753,0.2753
1692847031.905465,,0.0,0.1953,0.1953
1692847031.937355,,0.0,0.1248,0.1248
1692847031.973313,,0.0,0.3346,0.3346
1692847032.005459,,0.0,0.1514,0.1514
1692847032.037357,,0.0,0.2431,0.2431
1692847032.073844,,0.0,0.2569,0.2569
1692847032.105493,,0.0,0.236,0.236
1692847032.137537,,0.0,0.2331,0.2331
1692847032.173408,,0.0,0.2274,0.2274
1692847032.205592,,0.0,0.1417,0.1417
1692847032.237511,,0.0,0.1574,0.1574
1692847032.273329,,0.0,0.2283,0.2283
1692847032.305389,,0.0,0.1783,0.1783
1692847032.337306,,0.0,0.2545,0.2545
1692847032.373345,,0.0,0.151,0.151
1692847032.405518,,0.0,0.1206,0.1206
1692847032.437600,,0.0,0.1035,0.1035
1692847032.473563,,0.0,0.0798,0.0798
1692847032.505567,,0.0,0.3373,0.3373
1692847032.537589,,0.0,0.0,0.0
1692847032.573436,,0.0,0.1194,0.1194
1692847032.605752,,0.0,0.0604,0.0604
1692847032.637375,,0.0,0.2254,0.2254
1692847032.673524,,0.0,0.0,0.0
1692847032.705572,,0.0,0.0657,0.0657
1692847032.737460,,0.0,0.0665,0.0665
1692847032.773379,,0.0,0.1229,0.1229
1692847032.806307,,0.0,0.0987,0.0987
1692847032.837871,,0.0,0.0,0.0
1692847032.873421,,0.0,0.0,0.0
1692847032.905700,,0.0,0.2644,0.2644
1692847032.938002,,0.0,0.1979,0.1979
1692847032.973241,,0.0,0.0859,0.0859
1692847033.005433,,0.0,0.1257,0.1257
1692847033.037673,,0.0,0.0,0.0
1692847033.073292,,0.0,0.2673,0.2673
1692847033.105468,,0.0,0.0882,0.0882
1692847033.137434,,0.0,0.1189,0.1189
1692847033.173428,,0.0,0.0,0.0
1692847033.205569,,0.0,0.0577,0.0577
1692847033.237728,,0.0,0.0799,0.0799
1692847033.273458,,0.0,0.1254,0.1254
1692847033.305733,,0.0,0.065,0.065
1692847033.337417,,0.0,0.0591,0.0591
1692847033.373426,,0.0,0.0778,0.0778
1692847033.405488,,0.0,0.1334,0.1334
1692847033.437497,,0.0,0.1574,0.1574
1692847033.473357,,0.0,0.0805,0.0805
1692847033.505442,,0.0,0.065,0.065
1692847033.537488,,0.0,0.0663,0.0663
1692847033.573384,,0.0,0.0861,0.0861
1692847033.605481,,0.0,0.1215,0.1215
1692847033.637459,,0.0,0.0553,0.0553
1692847033.673340,,0.0,0.2311,0.2311
1692847033.705430,,0.0,0.1249,0.1249
1692847033.737486,,0.0,0.1209,0.1209
1692847033.773391,,0.0,0.1067,0.1067
1692847033.805496,,0.0,0.0983,0.0983
1692847033.837349,,0.0,0.113,0.113
1692847033.873419,,0.0,0.1972,0.1972
1692847033.905464,,0.0,0.089,0.089
1692847033.937408,,0.0,0.1499,0.1499
1692847033.973420,,0.0,0.0605,0.0605
1692847034.005596,,0.0,0.2163,0.2163
1692847034.037620,,0.0,0.1426,0.1426
1692847034.073386,,0.0,0.1417,0.1417
1692847034.105433,,0.0,0.1504,0.1504
1692847034.137567,,0.0,0.1208,0.1208
1692847034.173605,,0.0,0.1064,0.1064
1692847034.205508,,0.0,0.1817,0.1817
1692847034.237410,,0.0,0.1633,0.1633
1692847034.273426,,0.0,0.1416,0.1416
1692847034.305654,,0.0,0.1685,0.1685
1692847034.337350,,0.0,0.2052,0.2052
1692847034.373396,,0.0,0.1529,0.1529
1692847034.405399,,0.0,0.1191,0.1191
1692847034.437758,,0.0,0.0979,0.0979
1692847034.473403,,0.0,0.1598,0.1598
1692847034.505964,,0.0,0.232,0.232
1692847034.537512,,0.0,0.1815,0.1815
1692847034.573749,,0.0,0.0714,0.0714
1692847034.605572,,0.0,0.184,0.184
1692847034.637417,,0.0,0.2076,0.2076
1692847034.673656,,0.0,0.1281,0.1281
1692847034.705456,,0.0,0.1872,0.1872
1692847034.737444,,0.0,0.1257,0.1257
1692847034.773341,,0.0,0.2313,0.2313
1692847034.805560,,0.0,0.0757,0.0757
1692847034.837867,,0.0,0.0806,0.0806
1692847034.873524,,0.0,0.1608,0.1608
1692847034.905415,,0.0,0.1221,0.1221
1692847034.937700,,0.0,0.221,0.221
1692847034.974999,,0.0,0.1411,0.1411
1692847035.005992,,0.0,0.0684,0.0684
1692847035.037991,,0.0,0.1168,0.1168
1692847035.073621,,0.0,0.1531,0.1531
1692847035.105584,,0.0,0.0,0.0
1692847035.137411,,0.0,0.3269,0.3269
1692847035.173393,,0.0,0.1519,0.1519
1692847035.205991,,0.0,0.1574,0.1574
1692847035.237694,,0.0,0.2167,0.2167
1692847035.273416,,0.0,0.2045,0.2045
1692847035.305470,,0.0,0.078,0.078
1692847035.337595,,0.0,0.1939,0.1939
1692847035.373946,,0.0,0.1902,0.1902
1692847035.405895,,0.0,0.1094,0.1094
1692847035.437832,,0.0,0.2225,0.2225
1692847035.473603,,0.0,0.1385,0.1385
1692847035.505570,,0.0,0.1749,0.1749
1692847035.537307,,0.0,0.1866,0.1866
1692847035.573415,,0.0,0.2131,0.2131
1692847035.605486,,0.0,0.2533,0.2533
1692847035.637587,,0.0,0.2288,0.2288
1692847035.673487,,0.0,0.2171,0.2171
1692847035.705474,,0.0,0.2318,0.2318
1692847035.737568,,0.0,0.2414,0.2414
1692847035.773677,,0.0,0.2226,0.2226
1692847035.805560,,0.0,0.2265,0.2265
1692847035.837493,,0.0,0.2346,0.2346
1692847035.873443,,0.0,0.1822,0.1822
1692847035.905437,,0.0,0.2038,0.2038
1692847035.937517,,0.0,0.2494,0.2494
1692847035.973323,,0.0,0.2219,0.2219
1692847036.005390,,0.0,0.1696,0.1696
1692847036.037494,,0.0,0.1894,0.1894
1692847036.073441,,0.0,0.2045,0.2045
1692847036.105533,,0.0,0.2494,0.2494
1692847036.137404,,0.0,0.2241,0.2241
1692847036.173566,,0.0,0.1933,0.1933
1692847036.205526,,0.0,0.2137,0.2137
1692847036.237516,,0.0,0.1899,0.1899
1692847036.273266,,0.0,0.2109,0.2109
1692847036.305473,,0.0,0.2424,0.2424
1692847036.337407,,0.0,0.1937,0.1937
1692847036.373330,,0.0,0.2426,0.2426
1692847036.405568,,0.0,0.2347,0.2347
1692847036.437556,,0.0,0.2643,0.2643
1692847036.473496,,0.0,0.2314,0.2314
1692847036.505542,,0.0,0.2069,0.2069
1692847036.537401,,0.0,0.2076,0.2076
1692847036.573479,,0.0,0.2144,0.2144
1692847036.605444,,0.0,0.1874,0.1874
1692847036.637405,,0.0,0.1952,0.1952
1692847036.673336,,0.0,0.2257,0.2257
1692847036.705477,,0.0,0.2288,0.2288
1692847036.737346,,0.0,0.189,0.189
1692847036.773571,,0.0,0.2096,0.2096
1692847036.805553,,0.0,0.2518,0.2518
1692847036.837384,,0.0,0.2132,0.2132
1692847036.873769,,0.0,0.1892,0.1892
1692847036.905572,,0.0,0.1975,0.1975
1692847036.937562,,0.0,0.2003,0.2003
1692847036.973655,,0.0,0.1413,0.1413
1692847037.005513,,0.0,0.2126,0.2126
1692847037.037496,,0.0,0.2069,0.2069
1692847037.073273,,0.0,0.1865,0.1865
1692847037.105559,,0.0,0.2206,0.2206
1692847037.137279,,0.0,0.2805,0.2805
1692847037.173506,,0.0,0.2363,0.2363
1692847037.205532,,0.0,0.2463,0.2463
1692847037.238634,,0.0,0.2561,0.2561
1692847037.273559,,0.0,0.235,0.235
1692847037.305475,,0.0,0.2691,0.2691
1692847037.337642,,0.0,0.2623,0.2623
1692847037.373328,,0.0,0.2282,0.2282
1692847037.405502,,0.0,0.2579,0.2579
1692847037.437510,,0.0,0.251,0.251
1692847037.473409,,0.0,0.2085,0.2085
1692847037.505682,,0.0,0.2717,0.2717
1692847037.537473,,0.0,0.2486,0.2486
1692847037.573460,,0.0,0.2871,0.2871
1692847037.605757,,0.0,0.2136,0.2136
1692847037.637870,,0.0,0.2581,0.2581
1692847037.673361,,0.0,0.2497,0.2497
1692847037.705451,,0.0,0.2228,0.2228
1692847037.737612,,0.0,0.2765,0.2765
1692847037.773432,,0.0,0.2513,0.2513
1692847037.805637,,0.0,0.2431,0.2431
1692847037.837373,,0.0,0.2343,0.2343
1692847037.873291,,0.0,0.2278,0.2278
1692847037.905326,,0.0,0.2248,0.2248
1692847037.937311,,0.0,0.2784,0.2784
1692847037.973319,,0.0,0.2134,0.2134
1692847038.005429,,0.0,0.2279,0.2279
1692847038.037481,,0.0,0.2336,0.2336
1692847038.073649,,0.0,0.2713,0.2713
1692847038.105618,,0.0,0.2903,0.2903
1692847038.137496,,0.0,0.2766,0.2766
1692847038.173370,,0.0,0.2991,0.2991
1692847038.205455,,0.0,0.2869,0.2869
1692847038.237468,,0.0,0.2858,0.2858
1692847038.273357,,0.0,0.3127,0.3127
1692847038.305396,,0.0,0.2724,0.2724
1692847038.337355,,0.0,0.2657,0.2657
1692847038.373486,,0.0,0.3051,0.3051
1692847038.405400,,0.0,0.2627,0.2627
1692847038.437395,,0.0,0.1914,0.1914
1692847038.473457,,0.0,0.2493,0.2493
1692847038.505396,,0.0,0.2727,0.2727
1692847038.537423,,0.0,0.2828,0.2828
1692847038.573283,,0.0,0.2716,0.2716
1692847038.605615,,0.0,0.2125,0.2125
1692847038.637346,,0.0,0.2543,0.2543
1692847038.673293,,0.0,0.2868,0.2868
1692847038.705493,,0.0,0.2397,0.2397
1692847038.737366,,0.0,0.2812,0.2812
1692847038.773291,,0.0,0.2955,0.2955
1692847038.805576,,0.0,0.2869,0.2869
1692847038.837383,,0.0,0.235,0.235
1692847038.873364,,0.0,0.273,0.273
1692847038.905494,,0.0,0.2611,0.2611
1692847038.937427,,0.0,0.2798,0.2798
1692847038.973690,,0.0,0.2456,0.2456
1692847039.005469,,0.0,0.2756,0.2756
1692847039.037451,,0.0,0.235,0.235
1692847039.073269,,0.0,0.2492,0.2492
1692847039.105489,,0.0,0.2391,0.2391
1692847039.137431,,0.0,0.2969,0.2969
1692847039.173467,,0.0,0.2456,0.2456
1692847039.205704,,0.0,0.2146,0.2146
1692847039.237483,,0.0,0.284,0.284
1692847039.273478,,0.0,0.2333,0.2333
1692847039.305610,,0.0,0.3129,0.3129
1692847039.337390,,0.0,0.2492,0.2492
1692847039.373411,,0.0,0.2924,0.2924
1692847039.405491,,0.0,0.2816,0.2816
1692847039.437478,,0.0,0.2875,0.2875
1692847039.473457,,0.0,0.3203,0.3203
1692847039.505556,,0.0,0.2919,0.2919
1692847039.537512,,0.0,0.3311,0.3311
1692847039.573441,,0.0,0.299,0.299
1692847039.605678,,0.0,0.2472,0.2472
1692847039.637509,,0.0,0.3911,0.3911
1692847039.673369,,0.0,0.3185,0.3185
1692847039.705505,,0.0,0.3431,0.3431
1692847039.737870,,0.0,0.3623,0.3623
1692847039.773348,,0.0,0.3371,0.3371
1692847039.805672,,0.0,0.3215,0.3215
1692847039.837536,,0.0,0.3809,0.3809
1692847039.873404,,0.0,0.3915,0.3915
1692847039.905705,,0.0,0.2478,0.2478
1692847039.937482,,0.0,0.3535,0.3535
1692847039.973446,,0.0,0.2447,0.2447
1692847040.005397,,0.0,0.2867,0.2867
1692847040.037473,,0.0,0.2947,0.2947
1692847040.073496,,0.0,0.4564,0.4564
1692847040.105380,,0.0,0.386,0.386
1692847040.137498,,0.0,0.3148,0.3148
1692847040.173460,,0.0,0.4055,0.4055
1692847040.205554,,0.0,0.3599,0.3599
1692847040.237237,,0.0,0.3087,0.3087
1692847040.273441,,0.0,0.2818,0.2818
1692847040.305481,,0.0,0.2988,0.2988
1692847040.337326,,0.0,0.2512,0.2512
1692847040.373410,,0.0,0.2972,0.2972
1692847040.405713,,0.0,0.2617,0.2617
1692847040.437486,,0.0,0.2702,0.2702
1692847040.473373,,0.0,0.1927,0.1927
1692847040.505564,,0.0,0.3917,0.3917
1692847040.537560,,0.0,0.2875,0.2875
1692847040.573678,,0.0,0.4369,0.4369
1692847040.605467,,0.0,0.4178,0.4178
1692847040.637483,,0.0,0.3109,0.3109
1692847040.673559,,0.0,0.2497,0.2497
1692847040.705506,,0.0,0.2679,0.2679
1692847040.737346,,0.0,0.242,0.242
1692847040.774957,,0.0,0.2852,0.2852
1692847040.805480,,0.0,0.2789,0.2789
1692847040.837543,,0.0,0.2833,0.2833
1692847040.873449,,0.0,0.2713,0.2713
1692847040.905461,,0.0,0.2556,0.2556
1692847040.937346,,0.0,0.2823,0.2823
1692847040.973464,,0.0,0.2727,0.2727
1692847041.005430,,0.0,0.271,0.271
1692847041.037349,,0.0,0.2763,0.2763
1692847041.073363,,0.0,0.2832,0.2832
1692847041.105482,,0.0,0.2518,0.2518
1692847041.137419,,0.0,0.2317,0.2317
1692847041.173402,,0.0,0.2828,0.2828
1692847041.205510,,0.0,0.2757,0.2757
1692847041.237541,,0.0,0.2757,0.2757
1692847041.273481,,0.0,0.2781,0.2781
1692847041.305577,,0.0,0.2936,0.2936
1692847041.337587,,0.0,0.2691,0.2691
1692847041.373354,,0.0,0.2594,0.2594
1692847041.405487,,0.0,0.2376,0.2376
1692847041.437435,,0.0,0.2897,0.2897
1692847041.473377,,0.0,0.2566,0.2566
1692847041.505371,,0.0,0.2792,0.2792
1692847041.537378,,0.0,0.2645,0.2645
1692847041.573292,,0.0,0.1971,0.1971
1692847041.605199,,0.0,0.2508,0.2508
1692847041.637240,,0.0,0.2717,0.2717
1692847041.673116,,0.0,0.279,0.279
1692847041.705122,,0.0,0.2683,0.2683
1692847041.737172,,0.0,0.2778,0.2778
1692847041.773132,,0.0,0.2482,0.2482
1692847041.805342,,0.0,0.2622,0.2622
1692847041.837296,,0.0,0.294,0.294
1692847041.873372,,0.0,0.292,0.292
1692847041.905371,,0.0,0.2844,0.2844
1692847041.937396,,0.0,0.2823,0.2823
1692847041.973287,,0.0,0.2263,0.2263
1692847042.005465,,0.0,0.2618,0.2618
1692847042.037442,,0.0,0.2724,0.2724
1692847042.073544,,0.0,0.2805,0.2805
1692847042.105658,,0.0,0.2744,0.2744
1692847042.137559,,0.0,0.2734,0.2734
1692847042.173071,,0.0,0.2946,0.2946
1692847042.205508,,0.0,0.2804,0.2804
1692847042.237251,,0.0,0.2786,0.2786
1692847042.273225,,0.0,0.2871,0.2871
1692847042.305284,,0.0,0.3357,0.3357
1692847042.337343,,0.0,0.2901,0.2901
1692847042.373349,,0.0,0.2614,0.2614
1692847042.405376,,0.0,0.2617,0.2617
1692847042.437796,,0.0,0.291,0.291
1692847042.473230,,0.0,0.2712,0.2712
1692847042.505247,,0.0,0.2767,0.2767
1692847042.537358,,0.0,0.2719,0.2719
1692847042.573255,,0.0,0.3216,0.3216
1692847042.605375,,0.0,0.2978,0.2978
1692847042.637238,,0.0,0.265,0.265
1692847042.673152,,0.0,0.261,0.261
1692847042.705233,,0.0,0.2645,0.2645
1692847042.737194,,0.0,0.2891,0.2891
1692847042.773164,,0.0,0.2798,0.2798
1692847042.805426,,0.0,0.2616,0.2616
1692847042.837377,,0.0,0.2661,0.2661
1692847042.873368,,0.0,0.2668,0.2668
1692847042.905706,,0.0,0.2694,0.2694
1692847042.937553,,0.0,0.255,0.255
1692847042.973410,,0.0,0.2671,0.2671
1692847043.005522,,0.0,0.2692,0.2692
1692847043.037504,,0.0,0.2617,0.2617
1692847043.077173,,0.0,0.272,0.272
1692847043.110310,,0.0,0.2591,0.2591
1692847043.137368,,0.0,0.2457,0.2457
1692847043.173409,,0.0,0.243,0.243
1692847043.205483,,0.0,0.2331,0.2331
1692847043.237428,,0.0,0.2655,0.2655
1692847043.273458,,0.0,0.2622,0.2622
1692847043.305615,,0.0,0.266,0.266
1692847043.337428,,0.0,0.268,0.268
1692847043.373482,,0.0,0.2557,0.2557
1692847043.405567,,0.0,0.2611,0.2611
1692847043.437446,,0.0,0.267,0.267
1692847043.473509,,0.0,0.2565,0.2565
1692847043.505441,,0.0,0.2489,0.2489
1692847043.537474,,0.0,0.2708,0.2708
1692847043.573636,,0.0,0.2515,0.2515
1692847043.605688,,0.0,0.2494,0.2494
1692847043.637479,,0.0,0.2278,0.2278
1692847043.675156,,0.0,0.225,0.225
1692847043.705516,,0.0,0.2503,0.2503
1692847043.737508,,0.0,0.2484,0.2484
1692847043.773422,,0.0,0.2648,0.2648
1692847043.805483,,0.0,0.2903,0.2903
1692847043.837469,,0.0,0.261,0.261
1692847043.873612,,0.0,0.2537,0.2537
1692847043.905468,,0.0,0.255,0.255
1692847043.937492,,0.0,0.2757,0.2757
1692847043.973699,,0.0,0.2848,0.2848
1692847044.005475,,0.0,0.2834,0.2834
1692847044.037505,,0.0,0.2466,0.2466
1692847044.073477,,0.0,0.2413,0.2413
1692847044.105467,,0.0,0.2629,0.2629
1692847044.137465,,0.0,0.2309,0.2309
1692847044.173515,,0.0,0.2235,0.2235
1692847044.205562,,0.0,0.2822,0.2822
1692847044.237484,,0.0,0.2663,0.2663
1692847044.273779,,0.0,0.2447,0.2447
1692847044.305534,,0.0,0.2924,0.2924
1692847044.337432,,0.0,0.2592,0.2592
1692847044.373360,,0.0,0.268,0.268
1692847044.405520,,0.0,0.2524,0.2524
1692847044.437550,,0.0,0.2257,0.2257
1692847044.473497,,0.0,0.2158,0.2158
1692847044.506112,,0.0,0.2287,0.2287
1692847044.537616,,0.0,0.228,0.228
1692847044.573430,,0.0,0.1957,0.1957
1692847044.605565,,0.0,0.2277,0.2277
1692847044.637580,,0.0,0.2581,0.2581
1692847044.673438,,0.0,0.2269,0.2269
1692847044.705546,,0.0,0.2215,0.2215
1692847044.737599,,0.0,0.2355,0.2355
1692847044.773427,,0.0,0.2615,0.2615
1692847044.805519,,0.0,0.2749,0.2749
1692847044.837665,,0.0,0.2444,0.2444
1692847044.873793,,0.0,0.2269,0.2269
1692847044.905544,,0.0,0.2246,0.2246
1692847044.937532,,0.0,0.2173,0.2173
1692847044.973546,,0.0,0.24,0.24
1692847045.005528,,0.0,0.241,0.241
1692847045.037521,,0.0,0.2228,0.2228
1692847045.073363,,0.0,0.2669,0.2669
1692847045.105442,,0.0,0.2629,0.2629
1692847045.137471,,0.0,0.2338,0.2338
1692847045.173516,,0.0,0.2537,0.2537
1692847045.205772,,0.0,0.2227,0.2227
1692847045.237480,,0.0,0.2586,0.2586
1692847045.273479,,0.0,0.2509,0.2509
1692847045.305512,,0.0,0.2579,0.2579
1692847045.337376,,0.0,0.2425,0.2425
1692847045.373454,,0.0,0.2461,0.2461
1692847045.405539,,0.0,0.2708,0.2708
1692847045.437477,,0.0,0.2458,0.2458
1692847045.473742,,0.0,0.2052,0.2052
1692847045.505471,,0.0,0.2338,0.2338
1692847045.537472,,0.0,0.1968,0.1968
1692847045.573411,,0.0,0.2552,0.2552
1692847045.605810,,0.0,0.2495,0.2495
1692847045.637414,,0.0,0.2088,0.2088
1692847045.673411,,0.0,0.2492,0.2492
1692847045.705530,,0.0,0.1973,0.1973
1692847045.737478,,0.0,0.1505,0.1505
1692847045.773443,,0.0,0.196,0.196
1692847045.805566,,0.0,0.2081,0.2081
1692847045.837493,,0.0,0.1749,0.1749
1692847045.873471,,0.0,0.1095,0.1095
1692847045.905553,,0.0,0.204,0.204
1692847045.937490,,0.0,0.2297,0.2297
1692847045.973609,,0.0,0.1831,0.1831
1692847046.005616,,0.0,0.1892,0.1892
1692847046.037502,,0.0,0.2162,0.2162
1692847046.073383,,0.0,0.205,0.205
1692847046.105680,,0.0,0.2404,0.2404
1692847046.137638,,0.0,0.2622,0.2622
1692847046.173600,,0.0,0.2656,0.2656
1692847046.205609,,0.0,0.2414,0.2414
1692847046.237487,,0.0,0.2272,0.2272
1692847046.273582,,0.0,0.2476,0.2476
1692847046.305845,,0.0,0.2402,0.2402
1692847046.337637,,0.0,0.236,0.236
1692847046.373484,,0.0,0.2197,0.2197
1692847046.405527,,0.0,0.2135,0.2135
1692847046.437464,,0.0,0.22,0.22
1692847046.473408,,0.0,0.2283,0.2283
1692847046.505585,,0.0,0.2244,0.2244
1692847046.537461,,0.0,0.2397,0.2397
1692847046.573435,,0.0,0.227,0.227
1692847046.605488,,0.0,0.2192,0.2192
1692847046.637558,,0.0,0.2736,0.2736
1692847046.674698,,0.0,0.2832,0.2832
1692847046.705500,,0.0,0.2804,0.2804
1692847046.739080,,0.0,0.258,0.258
1692847046.773475,,0.0,0.2458,0.2458
1692847046.805629,,0.0,0.2642,0.2642
1692847046.837879,,0.0,0.2689,0.2689
1692847046.873393,,0.0,0.2718,0.2718
1692847046.905485,,0.0,0.2592,0.2592
1692847046.937561,,0.0,0.2423,0.2423
1692847046.973422,,0.0,0.2507,0.2507
1692847047.005393,,0.0,0.2466,0.2466
1692847047.037436,,0.0,0.2362,0.2362
1692847047.073381,,0.0,0.2234,0.2234
1692847047.105480,,0.0,0.244,0.244
1692847047.137486,,0.0,0.2287,0.2287
1692847047.173358,,0.0,0.2268,0.2268
1692847047.205479,,0.0,0.2318,0.2318
1692847047.237447,,0.0,0.207,0.207
1692847047.273422,,0.0,0.2375,0.2375
1692847047.305400,,0.0,0.2698,0.2698
1692847047.337349,,0.0,0.2586,0.2586
1692847047.373440,,0.0,0.2535,0.2535
1692847047.405592,,0.0,0.2389,0.2389
1692847047.437438,,0.0,0.2614,0.2614
1692847047.473385,,0.0,0.2539,0.2539
1692847047.505472,,0.0,0.2464,0.2464
1692847047.537328,,0.0,0.2551,0.2551
1692847047.573416,,0.0,0.2471,0.2471
1692847047.605593,,0.0,0.2553,0.2553
1692847047.637786,,0.0,0.224,0.224
1692847047.673449,,0.0,0.2294,0.2294
1692847047.709774,,0.0,0.248,0.248
1692847047.741672,,0.0,0.2393,0.2393
1692847047.777881,,0.0,0.2357,0.2357
1692847047.809711,,0.0,0.2481,0.2481
1692847047.841695,,0.0,0.2744,0.2744
1692847047.877654,,0.0,0.2572,0.2572
1692847047.909642,,0.0,0.2634,0.2634
1692847047.941764,,0.0,0.2709,0.2709
1692847047.977495,,0.0,0.2555,0.2555
1692847048.005618,,0.0,0.246,0.246
1692847048.037441,,0.0,0.2395,0.2395
1692847048.073649,,0.0,0.2443,0.2443
1692847048.105503,,0.0,0.2402,0.2402
1692847048.137417,,0.0,0.245,0.245
1692847048.173378,,0.0,0.2303,0.2303
1692847048.205440,,0.0,0.2359,0.2359
1692847048.237457,,0.0,0.2135,0.2135
1692847048.273441,,0.0,0.2474,0.2474
1692847048.305402,,0.0,0.2172,0.2172
1692847048.337464,,0.0,0.2382,0.2382
1692847048.373485,,0.0,0.2534,0.2534
1692847048.405756,,0.0,0.2101,0.2101
1692847048.437661,,0.0,0.2446,0.2446
1692847048.469795,,0.0,0.2688,0.2688
1692847048.505672,,0.0,0.2582,0.2582
1692847048.537588,,0.0,0.1971,0.1971
1692847048.569878,,0.0,0.2342,0.2342
1692847048.605606,,0.0,0.2505,0.2505
1692847048.637494,,0.0,0.2303,0.2303
1692847048.670038,,0.0,0.2212,0.2212
1692847048.705561,,0.0,0.2285,0.2285
1692847048.737545,,0.0,0.2446,0.2446
1692847048.769534,,0.0,0.2117,0.2117
1692847048.805591,,0.0,0.2583,0.2583
1692847048.837884,,0.0,0.1641,0.1641
1692847048.869536,,0.0,0.2252,0.2252
1692847048.905566,,0.0,0.2894,0.2894
1692847048.937498,,0.0,0.2683,0.2683
1692847048.969606,,0.0,0.2529,0.2529
1692847049.005536,,0.0,0.2641,0.2641
1692847049.037513,,0.0,0.2484,0.2484
1692847049.069555,,0.0,0.2334,0.2334
1692847049.105635,,0.0,0.2365,0.2365
1692847049.137511,,0.0,0.2273,0.2273
1692847049.169590,,0.0,0.2038,0.2038
1692847049.205605,,0.0,0.1744,0.1744
1692847049.237803,,0.0,0.2262,0.2262
1692847049.270309,,0.0,0.1551,0.1551
1692847049.305513,,0.0,0.2102,0.2102
1692847049.337813,,0.0,0.1785,0.1785
1692847049.369722,,0.0,0.1246,0.1246
1692847049.405543,,0.0,0.1676,0.1676
1692847049.437640,,0.0,0.2356,0.2356
1692847049.469643,,0.0,0.1057,0.1057
1692847049.505593,,0.0,0.228,0.228
1692847049.537537,,0.0,0.1725,0.1725
1692847049.569677,,0.0,0.224,0.224
1692847049.605632,,0.0,0.0786,0.0786
1692847049.637529,,0.0,0.1069,0.1069
1692847049.669572,,0.0,0.1102,0.1102
1692847049.705499,,0.0,0.2054,0.2054
1692847049.737526,,0.0,0.1608,0.1608
1692847049.769698,,0.0,0.2419,0.2419
1692847049.805487,,0.0,0.3178,0.3178
1692847049.837493,,0.0,0.3071,0.3071
1692847049.869724,,0.0,0.271,0.271
1692847049.905598,,0.0,0.2811,0.2811
1692847049.937610,,0.0,0.1778,0.1778
1692847049.969688,,0.0,0.2955,0.2955
1692847050.005759,,0.0,0.3199,0.3199
1692847050.037645,,0.0,0.3276,0.3276
1692847050.071443,,0.0,0.2987,0.2987
1692847050.105717,,0.0,0.3343,0.3343
1692847050.137535,,0.0,0.2375,0.2375
1692847050.169660,,0.0,0.1866,0.1866
1692847050.205520,,0.0,0.2985,0.2985
1692847050.237525,,0.0,0.3008,0.3008
1692847050.269546,,0.0,0.1864,0.1864
1692847050.305563,,0.0,0.2425,0.2425
1692847050.337489,,0.0,0.2031,0.2031
1692847050.369566,,0.0,0.145,0.145
1692847050.405553,,0.0,0.1845,0.1845
1692847050.437509,,0.0,0.2719,0.2719
1692847050.469585,,0.0,0.2353,0.2353
1692847050.505534,,0.0,0.204,0.204
1692847050.537512,,0.0,0.1693,0.1693
1692847050.571810,,0.0,0.2751,0.2751
1692847050.605524,,0.0,0.1601,0.1601
1692847050.637554,,0.0,0.1527,0.1527
1692847050.669743,,0.0,0.3696,0.3696
1692847050.705508,,0.0,0.2716,0.2716
1692847050.737733,,0.0,0.1209,0.1209
1692847050.769778,,0.0,0.1757,0.1757
1692847050.805757,,0.0,0.2287,0.2287
1692847050.837929,,0.0,0.231,0.231
1692847050.870083,,0.0,0.293,0.293
1692847050.905730,,0.0,0.215,0.215
1692847050.937868,,0.0,0.3156,0.3156
1692847050.969858,,0.0,0.3423,0.3423
1692847051.005838,,0.0,0.2386,0.2386
1692847051.037989,,0.0,0.2896,0.2896
1692847051.069551,,0.0,0.1825,0.1825
1692847051.105544,,0.0,0.1678,0.1678
1692847051.137607,,0.0,0.2877,0.2877
1692847051.169598,,0.0,0.184,0.184
1692847051.205991,,0.0,0.1595,0.1595
1692847051.237706,,0.0,0.1785,0.1785
1692847051.269741,,0.0,0.2811,0.2811
1692847051.305647,,0.0,0.3885,0.3885
1692847051.337538,,0.0,0.2435,0.2435
1692847051.369622,,0.0,0.1119,0.1119
1692847051.405572,,0.0,0.1852,0.1852
1692847051.437504,,0.0,0.428,0.428
1692847051.469611,,0.0,0.126,0.126
1692847051.505668,,0.0,0.3516,0.3516
1692847051.537831,,0.0,0.2154,0.2154
1692847051.569830,,0.0,0.2988,0.2988
1692847051.605799,,0.0,0.1952,0.1952
1692847051.638184,,0.0,0.2197,0.2197
1692847051.670234,,0.0,0.1322,0.1322
1692847051.705765,,0.0,0.0778,0.0778
1692847051.737783,,0.0,0.184,0.184
1692847051.769892,,0.0,0.2986,0.2986
1692847051.805519,,0.0,0.1213,0.1213
1692847051.837583,,0.0,0.2437,0.2437
1692847051.869631,,0.0,0.2325,0.2325
1692847051.905532,,0.0,0.2976,0.2976
1692847051.937613,,0.0,0.1969,0.1969
1692847051.969714,,0.0,0.2879,0.2879
1692847052.005572,,0.0,0.3181,0.3181
1692847052.037584,,0.0,0.0669,0.0669
1692847052.069578,,0.0,0.2201,0.2201
1692847052.105541,,0.0,0.1305,0.1305
1692847052.137520,,0.0,0.2716,0.2716
1692847052.169623,,0.0,0.201,0.201
1692847052.205536,,0.0,0.1463,0.1463
1692847052.237527,,0.0,0.3085,0.3085
1692847052.269567,,0.0,0.2569,0.2569
1692847052.305608,,0.0,0.3325,0.3325
1692847052.337756,,0.0,0.3439,0.3439
1692847052.370626,,0.0,0.3254,0.3254
1692847052.405704,,0.0,0.2272,0.2272
1692847052.438080,,0.0,0.316,0.316
1692847052.469572,,0.0,0.249,0.249
1692847052.505630,,0.0,0.1461,0.1461
1692847052.537509,,0.0,0.2512,0.2512
1692847052.569583,,0.0,0.2131,0.2131
1692847052.605542,,0.0,0.3061,0.3061
1692847052.637490,,0.0,0.3345,0.3345
1692847052.669548,,0.0,0.3482,0.3482
1692847052.705478,,0.0,0.3324,0.3324
1692847052.737483,,0.0,0.2755,0.2755
1692847052.769967,,0.0,0.2338,0.2338
1692847052.806256,,0.0,0.1988,0.1988
1692847052.837517,,0.0,0.2136,0.2136
1692847052.869570,,0.0,0.2077,0.2077
1692847052.905537,,0.0,0.2511,0.2511
1692847052.937617,,0.0,0.2813,0.2813
1692847052.969676,,0.0,0.2974,0.2974
1692847053.005594,,0.0,0.2985,0.2985
1692847053.037514,,0.0,0.3005,0.3005
1692847053.069541,,0.0,0.3301,0.3301
1692847053.105507,,0.0,0.1866,0.1866
1692847053.137602,,0.0,0.2064,0.2064
1692847053.169645,,0.0,0.2313,0.2313
1692847053.205519,,0.0,0.2605,0.2605
1692847053.237606,,0.0,0.307,0.307
1692847053.269833,,0.0,0.2671,0.2671
1692847053.305607,,0.0,0.2328,0.2328
1692847053.337574,,0.0,0.2711,0.2711
1692847053.369845,,0.0,0.2918,0.2918
1692847053.405706,,0.0,0.3035,0.3035
1692847053.437634,,0.0,0.2972,0.2972
1692847053.469577,,0.0,0.2933,0.2933
1692847053.505624,,0.0,0.323,0.323
1692847053.537497,,0.0,0.3633,0.3633
1692847053.569548,,0.0,0.3349,0.3349
1692847053.605988,,0.0,0.4002,0.4002
1692847053.637543,,0.0,0.2919,0.2919
1692847053.669927,,0.0,0.2582,0.2582
1692847053.705487,,0.0,0.2903,0.2903
1692847053.737477,,0.0,0.1406,0.1406
1692847053.769672,,0.0,0.147,0.147
1692847053.805665,,0.0,0.097,0.097
1692847053.837470,,0.0,0.2899,0.2899
1692847053.869601,,0.0,0.1187,0.1187
1692847053.905742,,0.0,0.1172,0.1172
1692847053.937518,,0.0,0.1342,0.1342
1692847053.969940,,0.0,0.1874,0.1874
1692847054.005617,,0.0,0.1642,0.1642
1692847054.037568,,0.0,0.1123,0.1123
1692847054.069774,,0.0,0.2353,0.2353
1692847054.105546,,0.0,0.1539,0.1539
1692847054.137573,,0.0,0.1594,0.1594
1692847054.169658,,0.0,0.1085,0.1085
1692847054.205525,,0.0,0.1473,0.1473
1692847054.237511,,0.0,0.1752,0.1752
1692847054.269829,,0.0,0.1469,0.1469
1692847054.305650,,0.0,0.1269,0.1269
1692847054.337716,,0.0,0.0697,0.0697
1692847054.369781,,0.0,0.198,0.198
1692847054.405497,,0.0,0.1786,0.1786
1692847054.437546,,0.0,0.1723,0.1723
1692847054.469579,,0.0,0.1341,0.1341
1692847054.505462,,0.0,0.1697,0.1697
1692847054.537580,,0.0,0.1924,0.1924
1692847054.569550,,0.0,0.1292,0.1292
1692847054.605565,,0.0,0.1409,0.1409
1692847054.637528,,0.0,0.1505,0.1505
1692847054.669667,,0.0,0.1211,0.1211
1692847054.705604,,0.0,0.1644,0.1644
1692847054.737520,,0.0,0.1546,0.1546
1692847054.769600,,0.0,0.0688,0.0688
1692847054.805590,,0.0,0.1697,0.1697
1692847054.837605,,0.0,0.2027,0.2027
1692847054.869749,,0.0,0.1335,0.1335
1692847054.905584,,0.0,0.1043,0.1043
1692847054.937493,,0.0,0.2405,0.2405
1692847054.969815,,0.0,0.1504,0.1504
1692847055.005578,,0.0,0.2721,0.2721
1692847055.037606,,0.0,0.1542,0.1542
1692847055.069581,,0.0,0.299,0.299
1692847055.105492,,0.0,0.1738,0.1738
1692847055.137486,,0.0,0.2529,0.2529
1692847055.169552,,0.0,0.1808,0.1808
1692847055.205529,,0.0,0.2356,0.2356
1692847055.237545,,0.0,0.1966,0.1966
1692847055.269618,,0.0,0.2918,0.2918
1692847055.305510,,0.0,0.2192,0.2192
1692847055.337569,,0.0,0.2078,0.2078
1692847055.369811,,0.0,0.152,0.152
1692847055.405517,,0.0,0.1808,0.1808
1692847055.437485,,0.0,0.1675,0.1675
1692847055.469626,,0.0,0.3101,0.3101
1692847055.505529,,0.0,0.2452,0.2452
1692847055.537489,,0.0,0.2397,0.2397
1692847055.569539,,0.0,0.2525,0.2525
1692847055.605731,,0.0,0.1628,0.1628
1692847055.637875,,0.0,0.1778,0.1778
1692847055.669818,,0.0,0.2017,0.2017
1692847055.705610,,0.0,0.2034,0.2034
1692847055.737509,,0.0,0.1909,0.1909
1692847055.769576,,0.0,0.2275,0.2275
1692847055.805587,,0.0,0.2011,0.2011
1692847055.837519,,0.0,0.1783,0.1783
1692847055.869588,,0.0,0.132,0.132
1692847055.905621,,0.0,0.1805,0.1805
1692847055.937560,,0.0,0.2623,0.2623
1692847055.969645,,0.0,0.2397,0.2397
1692847056.005677,,0.0,0.1592,0.1592
1692847056.038179,,0.0,0.2013,0.2013
1692847056.069854,,0.0,0.2308,0.2308
1692847056.105679,,0.0,0.1271,0.1271
1692847056.137515,,0.0,0.3607,0.3607
1692847056.169630,,0.0,0.2078,0.2078
1692847056.205604,,0.0,0.1818,0.1818
1692847056.237515,,0.0,0.2597,0.2597
1692847056.269590,,0.0,0.2327,0.2327
1692847056.305565,,0.0,0.2563,0.2563
1692847056.337528,,0.0,0.2055,0.2055
1692847056.369629,,0.0,0.1869,0.1869
1692847056.405597,,0.0,0.2899,0.2899
1692847056.437758,,0.0,0.3355,0.3355
1692847056.469820,,0.0,0.1793,0.1793
1692847056.505582,,0.0,0.2443,0.2443
1692847056.537591,,0.0,0.1522,0.1522
1692847056.569710,,0.0,0.2284,0.2284
1692847056.605528,,0.0,0.1806,0.1806
1692847056.637530,,0.0,0.1909,0.1909
1692847056.669590,,0.0,0.327,0.327
1692847056.705588,,0.0,0.1908,0.1908
1692847056.737554,,0.0,0.1814,0.1814
1692847056.769660,,0.0,0.2308,0.2308
1692847056.805512,,0.0,0.2893,0.2893
1692847056.837547,,0.0,0.1845,0.1845
1692847056.869608,,0.0,0.1715,0.1715
1692847056.905633,,0.0,0.1901,0.1901
1692847056.937535,,0.0,0.1466,0.1466
1692847056.969556,,0.0,0.2398,0.2398
1692847057.005463,,0.0,0.331,0.331
1692847057.037483,,0.0,0.191,0.191
1692847057.069848,,0.0,0.3794,0.3794
1692847057.105709,,0.0,0.2643,0.2643
1692847057.137516,,0.0,0.2459,0.2459
1692847057.169674,,0.0,0.2662,0.2662
1692847057.205757,,0.0,0.2595,0.2595
1692847057.237948,,0.0,0.3221,0.3221
1692847057.269913,,0.0,0.2948,0.2948
1692847057.305668,,0.0,0.2304,0.2304
1692847057.337498,,0.0,0.1978,0.1978
1692847057.369692,,0.0,0.2549,0.2549
1692847057.405636,,0.0,0.201,0.201
1692847057.437511,,0.0,0.2795,0.2795
1692847057.474289,,0.0,0.2156,0.2156
1692847057.505491,,0.0,0.2611,0.2611
1692847057.537557,,0.0,0.277,0.277
1692847057.569535,,0.0,0.2114,0.2114
1692847057.605611,,0.0,0.2535,0.2535
1692847057.637456,,0.0,0.213,0.213
1692847057.669525,,0.0,0.245,0.245
